solid OpenSCAD_Model
  facet normal -0.5610816528943708 -0.430533094725694 0.7069855961271329
    outer loop
      vertex -10.178183513956766 -8.242130496530839 29.75
      vertex -8.977560459454494 -6.522579471533037 31.75
      vertex -10.59559444820439 -7.698149976117984 29.75
    endloop
  endfacet
  facet normal -0.6215240210411462 -0.3374600096864922 0.7069855961271329
    outer loop
      vertex -11.342226460189318 -6.5484374999999995 29.75
      vertex -9.887388023102794 -5.037875826797283 31.75
      vertex -11.66940107147953 -5.945856826276376 29.75
    endloop
  endfacet
  facet normal -0.6383335362718087 -0.3044694785023453 0.7069855961271329
    outer loop
      vertex -11.964590665562937 -5.326978972283371 29.75
      vertex -11.66940107147953 -5.945856826276376 29.75
      vertex -10.137499750277735 -4.51350568613177 31.75
    endloop
  endfacet
  facet normal -0.5828450711959365 -0.40057831924776777 0.7069855961271326
    outer loop
      vertex -10.59559444820439 -7.698149976117984 29.75
      vertex -9.306622458669377 -6.043791291682378 31.75
      vertex -10.983963594560224 -7.133069361712432 29.75
    endloop
  endfacet
  facet normal -0.6030109516704177 -0.3695255864406414 0.7069855961271327
    outer loop
      vertex -11.342226460189318 -6.5484374999999995 29.75
      vertex -10.983963594560224 -7.133069361712432 29.75
      vertex -9.610175652620441 -5.5484374999999995 31.75
    endloop
  endfacet
  facet normal -0.5828450711959356 -0.4005783192477687 0.7069855961271329
    outer loop
      vertex -10.59559444820439 -7.698149976117984 29.75
      vertex -8.977560459454494 -6.522579471533037 31.75
      vertex -9.306622458669377 -6.043791291682378 31.75
    endloop
  endfacet
  facet normal -0.6030109516704182 -0.369525586440641 0.7069855961271326
    outer loop
      vertex -10.983963594560224 -7.133069361712432 29.75
      vertex -9.306622458669377 -6.043791291682378 31.75
      vertex -9.610175652620441 -5.5484374999999995 31.75
    endloop
  endfacet
  facet normal -0.6215240210411468 -0.33746000968649137 0.7069855961271326
    outer loop
      vertex -11.342226460189318 -6.5484374999999995 29.75
      vertex -9.610175652620441 -5.5484374999999995 31.75
      vertex -9.887388023102794 -5.037875826797283 31.75
    endloop
  endfacet
  facet normal -0.6383335362718087 -0.3044694785023453 0.7069855961271329
    outer loop
      vertex -11.66940107147953 -5.945856826276376 29.75
      vertex -9.887388023102794 -5.037875826797283 31.75
      vertex -10.137499750277735 -4.51350568613177 31.75
    endloop
  endfacet
  facet normal -0.6781041111771214 -0.20086358871993015 0.7069855961271326
    outer loop
      vertex -12.455868311853088 -4.047156948204389 29.75
      vertex -10.718758153601504 -2.8720825911220347 31.75
      vertex -12.65060980617964 -3.389720681327076 29.75
    endloop
  endfacet
  facet normal -0.6876871810500189 -0.1650990850617929 0.7069855961271326
    outer loop
      vertex -12.65060980617964 -3.389720681327076 29.75
      vertex -10.854381656892949 -2.307170044043323 31.75
      vertex -12.81067685836056 -2.7229934256788417 29.75
    endloop
  endfacet
  facet normal -0.6953853481602089 -0.128882056287396 0.706985596127133
    outer loop
      vertex -12.81067685836056 -2.7229934256788417 29.75
      vertex -10.960254054541668 -1.7359337042433118 31.75
      vertex -12.935630735731944 -2.0488026343237733 29.75
    endloop
  endfacet
  facet normal -0.7011775123667353 -0.09231177075519553 0.7069855961271325
    outer loop
      vertex -12.935630735731944 -2.0488026343237733 29.75
      vertex -11.036085157664807 -1.159939290823242 31.75
      vertex -13.025128948401353 -1.368996217358549 29.75
    endloop
  endfacet
  facet normal -0.7050477977501148 -0.05548846507587266 0.7069855961271325
    outer loop
      vertex -13.025128948401353 -1.368996217358549 29.75
      vertex -11.081667118479661 -0.5807655644334173 31.75
      vertex -13.078926187988808 -0.685437476919305 29.75
    endloop
  endfacet
  facet normal -0.7069855961271327 -0.018513069370730946 0.7069855961271327
    outer loop
      vertex -13.078926187988808 -0.685437476919305 29.75
      vertex -11.096874999999999 0 31.75
      vertex -13.096874999999999 0 29.75
    endloop
  endfacet
  facet normal -0.6533934236495684 -0.2706444176410408 0.7069855961271329
    outer loop
      vertex -11.964590665562937 -5.326978972283371 29.75
      vertex -10.359825295286134 -3.9767643401105035 31.75
      vertex -12.226986148280538 -4.6935002392011045 29.75
    endloop
  endfacet
  facet normal -0.6666624050699256 -0.23607753924324332 0.7069855961271327
    outer loop
      vertex -12.226986148280538 -4.6935002392011045 29.75
      vertex -10.55375527926278 -3.429122959454494 31.75
      vertex -12.455868311853088 -4.047156948204389 29.75
    endloop
  endfacet
  facet normal -0.6533934236495686 -0.27064441764104064 0.7069855961271329
    outer loop
      vertex -11.964590665562937 -5.326978972283371 29.75
      vertex -10.137499750277735 -4.51350568613177 31.75
      vertex -10.359825295286134 -3.9767643401105035 31.75
    endloop
  endfacet
  facet normal -0.6666624050699254 -0.23607753924324387 0.706985596127133
    outer loop
      vertex -12.226986148280538 -4.6935002392011045 29.75
      vertex -10.359825295286134 -3.9767643401105035 31.75
      vertex -10.55375527926278 -3.429122959454494 31.75
    endloop
  endfacet
  facet normal -0.6876871810500194 -0.1650990850617918 0.7069855961271325
    outer loop
      vertex -12.65060980617964 -3.389720681327076 29.75
      vertex -10.718758153601504 -2.8720825911220347 31.75
      vertex -10.854381656892949 -2.307170044043323 31.75
    endloop
  endfacet
  facet normal -0.6781041111771208 -0.20086358871993146 0.7069855961271327
    outer loop
      vertex -12.455868311853088 -4.047156948204389 29.75
      vertex -10.55375527926278 -3.429122959454494 31.75
      vertex -10.718758153601504 -2.8720825911220347 31.75
    endloop
  endfacet
  facet normal -0.6953853481602092 -0.12888205628739513 0.7069855961271329
    outer loop
      vertex -12.81067685836056 -2.7229934256788417 29.75
      vertex -10.854381656892949 -2.307170044043323 31.75
      vertex -10.960254054541668 -1.7359337042433118 31.75
    endloop
  endfacet
  facet normal -0.7011775123667346 -0.09231177075519789 0.706985596127133
    outer loop
      vertex -12.935630735731944 -2.0488026343237733 29.75
      vertex -10.960254054541668 -1.7359337042433118 31.75
      vertex -11.036085157664807 -1.159939290823242 31.75
    endloop
  endfacet
  facet normal -0.7050477977501148 -0.05548846507587243 0.7069855961271325
    outer loop
      vertex -13.025128948401353 -1.368996217358549 29.75
      vertex -11.036085157664807 -1.159939290823242 31.75
      vertex -11.081667118479661 -0.5807655644334173 31.75
    endloop
  endfacet
  facet normal -0.706985596127133 -0.018513069370729683 0.7069855961271326
    outer loop
      vertex -13.078926187988808 -0.685437476919305 29.75
      vertex -11.081667118479661 -0.5807655644334173 31.75
      vertex -11.096874999999999 0 31.75
    endloop
  endfacet
  facet normal -0.430533094725694 -0.5610816528943708 0.7069855961271329
    outer loop
      vertex -8.242130496530839 -10.178183513956766 29.75
      vertex -7.698149976117984 -10.59559444820439 29.75
      vertex -6.983489714431164 -8.623891591042824 31.75
    endloop
  endfacet
  facet normal -0.33746000968649226 -0.6215240210411463 0.7069855961271326
    outer loop
      vertex -6.5484374999999995 -11.342226460189318 29.75
      vertex -5.945856826276376 -11.66940107147953 29.75
      vertex -5.5484374999999995 -9.610175652620441 31.75
    endloop
  endfacet
  facet normal -0.4005783192477677 -0.5828450711959363 0.7069855961271329
    outer loop
      vertex -7.698149976117984 -10.59559444820439 29.75
      vertex -7.133069361712432 -10.983963594560224 29.75
      vertex -6.522579471533037 -8.977560459454494 31.75
    endloop
  endfacet
  facet normal -0.3695255864406415 -0.6030109516704178 0.7069855961271326
    outer loop
      vertex -7.133069361712432 -10.983963594560224 29.75
      vertex -6.5484374999999995 -11.342226460189318 29.75
      vertex -6.043791291682378 -9.306622458669377 31.75
    endloop
  endfacet
  facet normal -0.4005783192477689 -0.5828450711959359 0.7069855961271325
    outer loop
      vertex -7.133069361712432 -10.983963594560224 29.75
      vertex -6.043791291682378 -9.306622458669377 31.75
      vertex -6.522579471533037 -8.977560459454494 31.75
    endloop
  endfacet
  facet normal -0.3695255864406409 -0.6030109516704181 0.7069855961271327
    outer loop
      vertex -6.5484374999999995 -11.342226460189318 29.75
      vertex -5.5484374999999995 -9.610175652620441 31.75
      vertex -6.043791291682378 -9.306622458669377 31.75
    endloop
  endfacet
  facet normal -0.3044694785023453 -0.6383335362718087 0.7069855961271329
    outer loop
      vertex -5.326978972283371 -11.964590665562937 29.75
      vertex -5.037875826797283 -9.887388023102794 31.75
      vertex -5.945856826276376 -11.66940107147953 29.75
    endloop
  endfacet
  facet normal -0.27064441764104086 -0.6533934236495684 0.7069855961271329
    outer loop
      vertex -5.326978972283371 -11.964590665562937 29.75
      vertex -4.6935002392011045 -12.226986148280538 29.75
      vertex -4.51350568613177 -10.137499750277735 31.75
    endloop
  endfacet
  facet normal -0.3374600096864913 -0.6215240210411467 0.7069855961271329
    outer loop
      vertex -5.945856826276376 -11.66940107147953 29.75
      vertex -5.037875826797283 -9.887388023102794 31.75
      vertex -5.5484374999999995 -9.610175652620441 31.75
    endloop
  endfacet
  facet normal -0.3044694785023453 -0.6383335362718087 0.7069855961271329
    outer loop
      vertex -5.326978972283371 -11.964590665562937 29.75
      vertex -4.51350568613177 -10.137499750277735 31.75
      vertex -5.037875826797283 -9.887388023102794 31.75
    endloop
  endfacet
  facet normal -0.16509908506179297 -0.6876871810500191 0.7069855961271325
    outer loop
      vertex -3.389720681327076 -12.65060980617964 29.75
      vertex -2.7229934256788417 -12.81067685836056 29.75
      vertex -2.8720825911220347 -10.718758153601504 31.75
    endloop
  endfacet
  facet normal -0.2360775392432433 -0.6666624050699256 0.7069855961271329
    outer loop
      vertex -4.6935002392011045 -12.226986148280538 29.75
      vertex -4.047156948204389 -12.455868311853088 29.75
      vertex -3.9767643401105035 -10.359825295286134 31.75
    endloop
  endfacet
  facet normal -0.2008635887199301 -0.6781041111771212 0.7069855961271329
    outer loop
      vertex -4.047156948204389 -12.455868311853088 29.75
      vertex -3.389720681327076 -12.65060980617964 29.75
      vertex -3.429122959454494 -10.55375527926278 31.75
    endloop
  endfacet
  facet normal -0.2706444176410406 -0.6533934236495685 0.7069855961271329
    outer loop
      vertex -4.6935002392011045 -12.226986148280538 29.75
      vertex -3.9767643401105035 -10.359825295286134 31.75
      vertex -4.51350568613177 -10.137499750277735 31.75
    endloop
  endfacet
  facet normal -0.2360775392432439 -0.6666624050699254 0.7069855961271327
    outer loop
      vertex -4.047156948204389 -12.455868311853088 29.75
      vertex -3.429122959454494 -10.55375527926278 31.75
      vertex -3.9767643401105035 -10.359825295286134 31.75
    endloop
  endfacet
  facet normal -0.2008635887199315 -0.678104111177121 0.7069855961271325
    outer loop
      vertex -3.389720681327076 -12.65060980617964 29.75
      vertex -2.8720825911220347 -10.718758153601504 31.75
      vertex -3.429122959454494 -10.55375527926278 31.75
    endloop
  endfacet
  facet normal -0.16509908506179177 -0.6876871810500194 0.7069855961271329
    outer loop
      vertex -2.7229934256788417 -12.81067685836056 29.75
      vertex -2.307170044043323 -10.854381656892949 31.75
      vertex -2.8720825911220347 -10.718758153601504 31.75
    endloop
  endfacet
  facet normal -0.128882056287396 -0.695385348160209 0.7069855961271327
    outer loop
      vertex -2.7229934256788417 -12.81067685836056 29.75
      vertex -2.0488026343237733 -12.935630735731944 29.75
      vertex -2.307170044043323 -10.854381656892949 31.75
    endloop
  endfacet
  facet normal -0.09231177075519549 -0.701177512366735 0.706985596127133
    outer loop
      vertex -2.0488026343237733 -12.935630735731944 29.75
      vertex -1.368996217358549 -13.025128948401353 29.75
      vertex -1.7359337042433118 -10.960254054541668 31.75
    endloop
  endfacet
  facet normal -0.05548846507587266 -0.7050477977501148 0.7069855961271325
    outer loop
      vertex -1.368996217358549 -13.025128948401353 29.75
      vertex -0.685437476919305 -13.078926187988808 29.75
      vertex -1.159939290823242 -11.036085157664807 31.75
    endloop
  endfacet
  facet normal -0.018513069370730953 -0.706985596127133 0.7069855961271326
    outer loop
      vertex -0.685437476919305 -13.078926187988808 29.75
      vertex 0 -13.096874999999999 29.75
      vertex -0.5807655644334173 -11.081667118479661 31.75
    endloop
  endfacet
  facet normal -0.1288820562873951 -0.6953853481602091 0.706985596127133
    outer loop
      vertex -2.0488026343237733 -12.935630735731944 29.75
      vertex -1.7359337042433118 -10.960254054541668 31.75
      vertex -2.307170044043323 -10.854381656892949 31.75
    endloop
  endfacet
  facet normal -0.09231177075519793 -0.701177512366735 0.7069855961271324
    outer loop
      vertex -1.368996217358549 -13.025128948401353 29.75
      vertex -1.159939290823242 -11.036085157664807 31.75
      vertex -1.7359337042433118 -10.960254054541668 31.75
    endloop
  endfacet
  facet normal -0.05548846507587243 -0.7050477977501148 0.7069855961271325
    outer loop
      vertex -0.685437476919305 -13.078926187988808 29.75
      vertex -0.5807655644334173 -11.081667118479661 31.75
      vertex -1.159939290823242 -11.036085157664807 31.75
    endloop
  endfacet
  facet normal -0.018513069370729676 -0.7069855961271327 0.7069855961271327
    outer loop
      vertex -0.5807655644334173 -11.081667118479661 31.75
      vertex 0 -13.096874999999999 29.75
      vertex 0 -11.096874999999999 31.75
    endloop
  endfacet
  facet normal -0.513005026115329 -0.48682359233008926 0.7069855961271331
    outer loop
      vertex -9.732874886174248 -8.763519910156171 29.75
      vertex -9.260889124852564 -9.260889124852564 29.75
      vertex -8.246585235219458 -7.425258697438454 31.75
    endloop
  endfacet
  facet normal -0.4868235923300895 -0.5130050261153293 0.7069855961271329
    outer loop
      vertex -8.763519910156171 -9.732874886174248 29.75
      vertex -7.8466755624794695 -7.8466755624794695 31.75
      vertex -9.260889124852564 -9.260889124852564 29.75
    endloop
  endfacet
  facet normal -0.53778034878253 -0.4593078089169648 0.7069855961271329
    outer loop
      vertex -9.732874886174248 -8.763519910156171 29.75
      vertex -8.623891591042824 -6.983489714431164 31.75
      vertex -10.178183513956766 -8.242130496530839 29.75
    endloop
  endfacet
  facet normal -0.5610816528943708 -0.43053309472569407 0.7069855961271329
    outer loop
      vertex -10.178183513956766 -8.242130496530839 29.75
      vertex -8.623891591042824 -6.983489714431164 31.75
      vertex -8.977560459454494 -6.522579471533037 31.75
    endloop
  endfacet
  facet normal -0.5130050261153307 -0.48682359233008793 0.7069855961271327
    outer loop
      vertex -9.260889124852564 -9.260889124852564 29.75
      vertex -7.8466755624794695 -7.8466755624794695 31.75
      vertex -8.246585235219458 -7.425258697438454 31.75
    endloop
  endfacet
  facet normal -0.5377803487825289 -0.4593078089169658 0.7069855961271331
    outer loop
      vertex -9.732874886174248 -8.763519910156171 29.75
      vertex -8.246585235219458 -7.425258697438454 31.75
      vertex -8.623891591042824 -6.983489714431164 31.75
    endloop
  endfacet
  facet normal -0.45930780891696465 -0.5377803487825298 0.706985596127133
    outer loop
      vertex -8.763519910156171 -9.732874886174248 29.75
      vertex -8.242130496530839 -10.178183513956766 29.75
      vertex -7.425258697438454 -8.246585235219458 31.75
    endloop
  endfacet
  facet normal -0.4868235923300877 -0.5130050261153305 0.706985596127133
    outer loop
      vertex -8.763519910156171 -9.732874886174248 29.75
      vertex -7.425258697438454 -8.246585235219458 31.75
      vertex -7.8466755624794695 -7.8466755624794695 31.75
    endloop
  endfacet
  facet normal -0.45930780891696593 -0.537780348782529 0.7069855961271329
    outer loop
      vertex -8.242130496530839 -10.178183513956766 29.75
      vertex -6.983489714431164 -8.623891591042824 31.75
      vertex -7.425258697438454 -8.246585235219458 31.75
    endloop
  endfacet
  facet normal -0.43053309472569407 -0.5610816528943708 0.7069855961271329
    outer loop
      vertex -7.698149976117984 -10.59559444820439 29.75
      vertex -6.522579471533037 -8.977560459454494 31.75
      vertex -6.983489714431164 -8.623891591042824 31.75
    endloop
  endfacet
  facet normal -0.706985596127133 0.018513069370730953 0.7069855961271326
    outer loop
      vertex -13.096874999999999 0 29.75
      vertex -11.081667118479661 0.5807655644334173 31.75
      vertex -13.078926187988808 0.685437476919305 29.75
    endloop
  endfacet
  facet normal -0.7050477977501148 0.05548846507587266 0.7069855961271325
    outer loop
      vertex -13.078926187988808 0.685437476919305 29.75
      vertex -11.036085157664807 1.159939290823242 31.75
      vertex -13.025128948401353 1.368996217358549 29.75
    endloop
  endfacet
  facet normal -0.701177512366735 0.09231177075519549 0.706985596127133
    outer loop
      vertex -13.025128948401353 1.368996217358549 29.75
      vertex -10.960254054541668 1.7359337042433118 31.75
      vertex -12.935630735731944 2.0488026343237733 29.75
    endloop
  endfacet
  facet normal -0.695385348160209 0.128882056287396 0.7069855961271327
    outer loop
      vertex -12.935630735731944 2.0488026343237733 29.75
      vertex -10.854381656892949 2.307170044043323 31.75
      vertex -12.81067685836056 2.7229934256788417 29.75
    endloop
  endfacet
  facet normal -0.6876871810500191 0.16509908506179297 0.7069855961271325
    outer loop
      vertex -12.81067685836056 2.7229934256788417 29.75
      vertex -10.718758153601504 2.8720825911220347 31.75
      vertex -12.65060980617964 3.389720681327076 29.75
    endloop
  endfacet
  facet normal -0.7069855961271327 0.018513069370729676 0.7069855961271327
    outer loop
      vertex -13.096874999999999 0 29.75
      vertex -11.096874999999999 0 31.75
      vertex -11.081667118479661 0.5807655644334173 31.75
    endloop
  endfacet
  facet normal -0.7050477977501148 0.05548846507587243 0.7069855961271325
    outer loop
      vertex -13.078926187988808 0.685437476919305 29.75
      vertex -11.081667118479661 0.5807655644334173 31.75
      vertex -11.036085157664807 1.159939290823242 31.75
    endloop
  endfacet
  facet normal -0.701177512366735 0.09231177075519793 0.7069855961271324
    outer loop
      vertex -13.025128948401353 1.368996217358549 29.75
      vertex -11.036085157664807 1.159939290823242 31.75
      vertex -10.960254054541668 1.7359337042433118 31.75
    endloop
  endfacet
  facet normal -0.6953853481602091 0.1288820562873951 0.706985596127133
    outer loop
      vertex -12.935630735731944 2.0488026343237733 29.75
      vertex -10.960254054541668 1.7359337042433118 31.75
      vertex -10.854381656892949 2.307170044043323 31.75
    endloop
  endfacet
  facet normal -0.6876871810500194 0.16509908506179177 0.7069855961271329
    outer loop
      vertex -12.81067685836056 2.7229934256788417 29.75
      vertex -10.854381656892949 2.307170044043323 31.75
      vertex -10.718758153601504 2.8720825911220347 31.75
    endloop
  endfacet
  facet normal -0.678104111177121 0.2008635887199315 0.7069855961271325
    outer loop
      vertex -12.65060980617964 3.389720681327076 29.75
      vertex -10.718758153601504 2.8720825911220347 31.75
      vertex -10.55375527926278 3.429122959454494 31.75
    endloop
  endfacet
  facet normal -0.6781041111771212 0.2008635887199301 0.7069855961271329
    outer loop
      vertex -12.65060980617964 3.389720681327076 29.75
      vertex -10.55375527926278 3.429122959454494 31.75
      vertex -12.455868311853088 4.047156948204389 29.75
    endloop
  endfacet
  facet normal -0.6666624050699256 0.2360775392432433 0.7069855961271329
    outer loop
      vertex -12.455868311853088 4.047156948204389 29.75
      vertex -10.359825295286134 3.9767643401105035 31.75
      vertex -12.226986148280538 4.6935002392011045 29.75
    endloop
  endfacet
  facet normal -0.6666624050699254 0.2360775392432439 0.7069855961271327
    outer loop
      vertex -12.455868311853088 4.047156948204389 29.75
      vertex -10.55375527926278 3.429122959454494 31.75
      vertex -10.359825295286134 3.9767643401105035 31.75
    endloop
  endfacet
  facet normal -0.6533934236495685 0.2706444176410406 0.706985596127133
    outer loop
      vertex -12.226986148280538 4.6935002392011045 29.75
      vertex -10.359825295286134 3.9767643401105035 31.75
      vertex -10.137499750277735 4.51350568613177 31.75
    endloop
  endfacet
  facet normal -0.6533934236495684 0.27064441764104086 0.7069855961271329
    outer loop
      vertex -12.226986148280538 4.6935002392011045 29.75
      vertex -10.137499750277735 4.51350568613177 31.75
      vertex -11.964590665562937 5.326978972283371 29.75
    endloop
  endfacet
  facet normal -0.6383335362718087 0.3044694785023453 0.7069855961271329
    outer loop
      vertex -11.964590665562937 5.326978972283371 29.75
      vertex -9.887388023102794 5.037875826797283 31.75
      vertex -11.66940107147953 5.945856826276376 29.75
    endloop
  endfacet
  facet normal -0.6215240210411463 0.33746000968649226 0.7069855961271326
    outer loop
      vertex -11.66940107147953 5.945856826276376 29.75
      vertex -9.610175652620441 5.5484374999999995 31.75
      vertex -11.342226460189318 6.5484374999999995 29.75
    endloop
  endfacet
  facet normal -0.6383335362718087 0.3044694785023453 0.706985596127133
    outer loop
      vertex -10.137499750277735 4.51350568613177 31.75
      vertex -9.887388023102794 5.037875826797283 31.75
      vertex -11.964590665562937 5.326978972283371 29.75
    endloop
  endfacet
  facet normal -0.6215240210411467 0.33746000968649126 0.7069855961271329
    outer loop
      vertex -11.66940107147953 5.945856826276376 29.75
      vertex -9.887388023102794 5.037875826797283 31.75
      vertex -9.610175652620441 5.5484374999999995 31.75
    endloop
  endfacet
  facet normal -0.6030109516704178 0.3695255864406415 0.7069855961271326
    outer loop
      vertex -11.342226460189318 6.5484374999999995 29.75
      vertex -9.306622458669377 6.043791291682378 31.75
      vertex -10.983963594560224 7.133069361712432 29.75
    endloop
  endfacet
  facet normal -0.5828450711959363 0.4005783192477677 0.7069855961271329
    outer loop
      vertex -10.983963594560224 7.133069361712432 29.75
      vertex -8.977560459454494 6.522579471533037 31.75
      vertex -10.59559444820439 7.698149976117984 29.75
    endloop
  endfacet
  facet normal -0.6030109516704181 0.3695255864406409 0.7069855961271326
    outer loop
      vertex -11.342226460189318 6.5484374999999995 29.75
      vertex -9.610175652620441 5.5484374999999995 31.75
      vertex -9.306622458669377 6.043791291682378 31.75
    endloop
  endfacet
  facet normal -0.5828450711959359 0.4005783192477689 0.7069855961271325
    outer loop
      vertex -10.983963594560224 7.133069361712432 29.75
      vertex -9.306622458669377 6.043791291682378 31.75
      vertex -8.977560459454494 6.522579471533037 31.75
    endloop
  endfacet
  facet normal -0.5610816528943708 0.430533094725694 0.7069855961271329
    outer loop
      vertex -10.59559444820439 7.698149976117984 29.75
      vertex -8.623891591042824 6.983489714431164 31.75
      vertex -10.178183513956766 8.242130496530839 29.75
    endloop
  endfacet
  facet normal -0.5610816528943708 0.43053309472569407 0.7069855961271329
    outer loop
      vertex -10.59559444820439 7.698149976117984 29.75
      vertex -8.977560459454494 6.522579471533037 31.75
      vertex -8.623891591042824 6.983489714431164 31.75
    endloop
  endfacet
  facet normal -0.5377803487825298 0.45930780891696465 0.706985596127133
    outer loop
      vertex -10.178183513956766 8.242130496530839 29.75
      vertex -8.246585235219458 7.425258697438454 31.75
      vertex -9.732874886174248 8.763519910156171 29.75
    endloop
  endfacet
  facet normal -0.537780348782529 0.45930780891696593 0.7069855961271329
    outer loop
      vertex -10.178183513956766 8.242130496530839 29.75
      vertex -8.623891591042824 6.983489714431164 31.75
      vertex -8.246585235219458 7.425258697438454 31.75
    endloop
  endfacet
  facet normal -0.5130050261153305 0.4868235923300877 0.706985596127133
    outer loop
      vertex -9.732874886174248 8.763519910156171 29.75
      vertex -8.246585235219458 7.425258697438454 31.75
      vertex -7.8466755624794695 7.8466755624794695 31.75
    endloop
  endfacet
  facet normal -0.5130050261153293 0.4868235923300895 0.7069855961271329
    outer loop
      vertex -9.732874886174248 8.763519910156171 29.75
      vertex -7.8466755624794695 7.8466755624794695 31.75
      vertex -9.260889124852564 9.260889124852564 29.75
    endloop
  endfacet
  facet normal -0.48682359233008926 0.513005026115329 0.7069855961271331
    outer loop
      vertex -9.260889124852564 9.260889124852564 29.75
      vertex -7.425258697438454 8.246585235219458 31.75
      vertex -8.763519910156171 9.732874886174248 29.75
    endloop
  endfacet
  facet normal -0.4593078089169648 0.53778034878253 0.7069855961271329
    outer loop
      vertex -6.983489714431164 8.623891591042824 31.75
      vertex -8.242130496530839 10.178183513956766 29.75
      vertex -8.763519910156171 9.732874886174248 29.75
    endloop
  endfacet
  facet normal -0.48682359233008793 0.5130050261153307 0.7069855961271327
    outer loop
      vertex -9.260889124852564 9.260889124852564 29.75
      vertex -7.8466755624794695 7.8466755624794695 31.75
      vertex -7.425258697438454 8.246585235219458 31.75
    endloop
  endfacet
  facet normal -0.45930780891696577 0.5377803487825288 0.7069855961271331
    outer loop
      vertex -7.425258697438454 8.246585235219458 31.75
      vertex -6.983489714431164 8.623891591042824 31.75
      vertex -8.763519910156171 9.732874886174248 29.75
    endloop
  endfacet
  facet normal -0.43053309472569407 0.5610816528943708 0.7069855961271329
    outer loop
      vertex -6.983489714431164 8.623891591042824 31.75
      vertex -6.522579471533037 8.977560459454494 31.75
      vertex -8.242130496530839 10.178183513956766 29.75
    endloop
  endfacet
  facet normal -0.430533094725694 0.5610816528943708 0.7069855961271327
    outer loop
      vertex -6.522579471533037 8.977560459454494 31.75
      vertex -7.698149976117984 10.59559444820439 29.75
      vertex -8.242130496530839 10.178183513956766 29.75
    endloop
  endfacet
  facet normal -0.4005783192477678 0.5828450711959365 0.7069855961271326
    outer loop
      vertex -6.043791291682378 9.306622458669377 31.75
      vertex -7.133069361712432 10.983963594560224 29.75
      vertex -7.698149976117984 10.59559444820439 29.75
    endloop
  endfacet
  facet normal -0.36952558644064143 0.6030109516704177 0.7069855961271326
    outer loop
      vertex -7.133069361712432 10.983963594560224 29.75
      vertex -5.5484374999999995 9.610175652620441 31.75
      vertex -6.5484374999999995 11.342226460189318 29.75
    endloop
  endfacet
  facet normal -0.4005783192477687 0.5828450711959356 0.7069855961271329
    outer loop
      vertex -6.522579471533037 8.977560459454494 31.75
      vertex -6.043791291682378 9.306622458669377 31.75
      vertex -7.698149976117984 10.59559444820439 29.75
    endloop
  endfacet
  facet normal -0.369525586440641 0.6030109516704182 0.7069855961271326
    outer loop
      vertex -6.043791291682378 9.306622458669377 31.75
      vertex -5.5484374999999995 9.610175652620441 31.75
      vertex -7.133069361712432 10.983963594560224 29.75
    endloop
  endfacet
  facet normal -0.3374600096864915 0.621524021041147 0.7069855961271327
    outer loop
      vertex -6.5484374999999995 11.342226460189318 29.75
      vertex -5.5484374999999995 9.610175652620441 31.75
      vertex -5.037875826797283 9.887388023102794 31.75
    endloop
  endfacet
  facet normal -0.3044694785023453 0.6383335362718087 0.7069855961271329
    outer loop
      vertex -5.945856826276376 11.66940107147953 29.75
      vertex -5.037875826797283 9.887388023102794 31.75
      vertex -4.51350568613177 10.137499750277735 31.75
    endloop
  endfacet
  facet normal -0.3374600096864922 0.6215240210411462 0.7069855961271329
    outer loop
      vertex -6.5484374999999995 11.342226460189318 29.75
      vertex -5.037875826797283 9.887388023102794 31.75
      vertex -5.945856826276376 11.66940107147953 29.75
    endloop
  endfacet
  facet normal -0.3044694785023453 0.6383335362718087 0.7069855961271329
    outer loop
      vertex -5.945856826276376 11.66940107147953 29.75
      vertex -4.51350568613177 10.137499750277735 31.75
      vertex -5.326978972283371 11.964590665562937 29.75
    endloop
  endfacet
  facet normal -0.2706444176410408 0.6533934236495684 0.7069855961271329
    outer loop
      vertex -5.326978972283371 11.964590665562937 29.75
      vertex -3.9767643401105035 10.359825295286134 31.75
      vertex -4.6935002392011045 12.226986148280538 29.75
    endloop
  endfacet
  facet normal -0.23607753924324332 0.6666624050699256 0.7069855961271327
    outer loop
      vertex -3.429122959454494 10.55375527926278 31.75
      vertex -4.047156948204389 12.455868311853088 29.75
      vertex -4.6935002392011045 12.226986148280538 29.75
    endloop
  endfacet
  facet normal -0.27064441764104064 0.6533934236495686 0.7069855961271329
    outer loop
      vertex -5.326978972283371 11.964590665562937 29.75
      vertex -4.51350568613177 10.137499750277735 31.75
      vertex -3.9767643401105035 10.359825295286134 31.75
    endloop
  endfacet
  facet normal -0.23607753924324387 0.6666624050699254 0.706985596127133
    outer loop
      vertex -3.9767643401105035 10.359825295286134 31.75
      vertex -3.429122959454494 10.55375527926278 31.75
      vertex -4.6935002392011045 12.226986148280538 29.75
    endloop
  endfacet
  facet normal -0.20086358871993146 0.6781041111771208 0.7069855961271327
    outer loop
      vertex -3.429122959454494 10.55375527926278 31.75
      vertex -2.8720825911220347 10.718758153601504 31.75
      vertex -4.047156948204389 12.455868311853088 29.75
    endloop
  endfacet
  facet normal -0.1650990850617918 0.6876871810500194 0.7069855961271325
    outer loop
      vertex -2.8720825911220347 10.718758153601504 31.75
      vertex -2.307170044043323 10.854381656892949 31.75
      vertex -3.389720681327076 12.65060980617964 29.75
    endloop
  endfacet
  facet normal -0.20086358871993015 0.6781041111771214 0.7069855961271326
    outer loop
      vertex -2.8720825911220347 10.718758153601504 31.75
      vertex -3.389720681327076 12.65060980617964 29.75
      vertex -4.047156948204389 12.455868311853088 29.75
    endloop
  endfacet
  facet normal -0.1650990850617929 0.6876871810500189 0.7069855961271327
    outer loop
      vertex -3.389720681327076 12.65060980617964 29.75
      vertex -2.307170044043323 10.854381656892949 31.75
      vertex -2.7229934256788417 12.81067685836056 29.75
    endloop
  endfacet
  facet normal -0.12888205628739513 0.6953853481602092 0.7069855961271327
    outer loop
      vertex -2.7229934256788417 12.81067685836056 29.75
      vertex -2.307170044043323 10.854381656892949 31.75
      vertex -1.7359337042433118 10.960254054541668 31.75
    endloop
  endfacet
  facet normal -0.09231177075519789 0.7011775123667346 0.706985596127133
    outer loop
      vertex -1.7359337042433118 10.960254054541668 31.75
      vertex -1.159939290823242 11.036085157664807 31.75
      vertex -2.0488026343237733 12.935630735731944 29.75
    endloop
  endfacet
  facet normal -0.05548846507587243 0.7050477977501148 0.7069855961271325
    outer loop
      vertex -1.159939290823242 11.036085157664807 31.75
      vertex -0.5807655644334173 11.081667118479661 31.75
      vertex -1.368996217358549 13.025128948401353 29.75
    endloop
  endfacet
  facet normal -0.018513069370729683 0.706985596127133 0.7069855961271326
    outer loop
      vertex -0.5807655644334173 11.081667118479661 31.75
      vertex 0 11.096874999999999 31.75
      vertex -0.685437476919305 13.078926187988808 29.75
    endloop
  endfacet
  facet normal -0.128882056287396 0.6953853481602089 0.706985596127133
    outer loop
      vertex -2.7229934256788417 12.81067685836056 29.75
      vertex -1.7359337042433118 10.960254054541668 31.75
      vertex -2.0488026343237733 12.935630735731944 29.75
    endloop
  endfacet
  facet normal -0.09231177075519553 0.7011775123667353 0.7069855961271325
    outer loop
      vertex -1.159939290823242 11.036085157664807 31.75
      vertex -1.368996217358549 13.025128948401353 29.75
      vertex -2.0488026343237733 12.935630735731944 29.75
    endloop
  endfacet
  facet normal -0.05548846507587266 0.7050477977501148 0.7069855961271325
    outer loop
      vertex -0.5807655644334173 11.081667118479661 31.75
      vertex -0.685437476919305 13.078926187988808 29.75
      vertex -1.368996217358549 13.025128948401353 29.75
    endloop
  endfacet
  facet normal -0.018513069370730946 0.7069855961271327 0.7069855961271327
    outer loop
      vertex -0.685437476919305 13.078926187988808 29.75
      vertex 0 11.096874999999999 31.75
      vertex 0 13.096874999999999 29.75
    endloop
  endfacet
  facet normal 0.018513069370730946 -0.7069855961271327 0.7069855961271327
    outer loop
      vertex 0 -13.096874999999999 29.75
      vertex 0.685437476919305 -13.078926187988808 29.75
      vertex 0 -11.096874999999999 31.75
    endloop
  endfacet
  facet normal 0.05548846507587266 -0.7050477977501148 0.7069855961271325
    outer loop
      vertex 0.685437476919305 -13.078926187988808 29.75
      vertex 1.368996217358549 -13.025128948401353 29.75
      vertex 0.5807655644334173 -11.081667118479661 31.75
    endloop
  endfacet
  facet normal 0.09231177075519553 -0.7011775123667353 0.7069855961271325
    outer loop
      vertex 1.368996217358549 -13.025128948401353 29.75
      vertex 2.0488026343237733 -12.935630735731944 29.75
      vertex 1.159939290823242 -11.036085157664807 31.75
    endloop
  endfacet
  facet normal 0.128882056287396 -0.6953853481602089 0.706985596127133
    outer loop
      vertex 2.0488026343237733 -12.935630735731944 29.75
      vertex 2.7229934256788417 -12.81067685836056 29.75
      vertex 1.7359337042433118 -10.960254054541668 31.75
    endloop
  endfacet
  facet normal 0.018513069370729683 -0.706985596127133 0.7069855961271324
    outer loop
      vertex 0.685437476919305 -13.078926187988808 29.75
      vertex 0.5807655644334173 -11.081667118479661 31.75
      vertex 0 -11.096874999999999 31.75
    endloop
  endfacet
  facet normal 0.05548846507587243 -0.7050477977501148 0.7069855961271325
    outer loop
      vertex 1.368996217358549 -13.025128948401353 29.75
      vertex 1.159939290823242 -11.036085157664807 31.75
      vertex 0.5807655644334173 -11.081667118479661 31.75
    endloop
  endfacet
  facet normal 0.09231177075519788 -0.7011775123667345 0.706985596127133
    outer loop
      vertex 2.0488026343237733 -12.935630735731944 29.75
      vertex 1.7359337042433118 -10.960254054541668 31.75
      vertex 1.159939290823242 -11.036085157664807 31.75
    endloop
  endfacet
  facet normal 0.12888205628739513 -0.6953853481602092 0.7069855961271327
    outer loop
      vertex 1.7359337042433118 -10.960254054541668 31.75
      vertex 2.7229934256788417 -12.81067685836056 29.75
      vertex 2.307170044043323 -10.854381656892949 31.75
    endloop
  endfacet
  facet normal 0.1650990850617929 -0.6876871810500189 0.7069855961271326
    outer loop
      vertex 2.307170044043323 -10.854381656892949 31.75
      vertex 2.7229934256788417 -12.81067685836056 29.75
      vertex 3.389720681327076 -12.65060980617964 29.75
    endloop
  endfacet
  facet normal 0.20086358871993015 -0.6781041111771214 0.7069855961271326
    outer loop
      vertex 3.389720681327076 -12.65060980617964 29.75
      vertex 4.047156948204389 -12.455868311853088 29.75
      vertex 2.8720825911220347 -10.718758153601504 31.75
    endloop
  endfacet
  facet normal 0.1650990850617918 -0.6876871810500194 0.7069855961271325
    outer loop
      vertex 2.307170044043323 -10.854381656892949 31.75
      vertex 3.389720681327076 -12.65060980617964 29.75
      vertex 2.8720825911220347 -10.718758153601504 31.75
    endloop
  endfacet
  facet normal 0.20086358871993146 -0.6781041111771208 0.7069855961271327
    outer loop
      vertex 4.047156948204389 -12.455868311853088 29.75
      vertex 3.429122959454494 -10.55375527926278 31.75
      vertex 2.8720825911220347 -10.718758153601504 31.75
    endloop
  endfacet
  facet normal 0.23607753924324332 -0.6666624050699256 0.7069855961271329
    outer loop
      vertex 4.047156948204389 -12.455868311853088 29.75
      vertex 4.6935002392011045 -12.226986148280538 29.75
      vertex 3.429122959454494 -10.55375527926278 31.75
    endloop
  endfacet
  facet normal 0.2706444176410408 -0.6533934236495684 0.7069855961271329
    outer loop
      vertex 4.6935002392011045 -12.226986148280538 29.75
      vertex 5.326978972283371 -11.964590665562937 29.75
      vertex 3.9767643401105035 -10.359825295286134 31.75
    endloop
  endfacet
  facet normal 0.23607753924324387 -0.6666624050699254 0.706985596127133
    outer loop
      vertex 4.6935002392011045 -12.226986148280538 29.75
      vertex 3.9767643401105035 -10.359825295286134 31.75
      vertex 3.429122959454494 -10.55375527926278 31.75
    endloop
  endfacet
  facet normal 0.2706444176410406 -0.6533934236495685 0.7069855961271329
    outer loop
      vertex 3.9767643401105035 -10.359825295286134 31.75
      vertex 5.326978972283371 -11.964590665562937 29.75
      vertex 4.51350568613177 -10.137499750277735 31.75
    endloop
  endfacet
  facet normal 0.3044694785023453 -0.6383335362718087 0.7069855961271329
    outer loop
      vertex 4.51350568613177 -10.137499750277735 31.75
      vertex 5.326978972283371 -11.964590665562937 29.75
      vertex 5.945856826276376 -11.66940107147953 29.75
    endloop
  endfacet
  facet normal 0.3374600096864922 -0.6215240210411462 0.7069855961271329
    outer loop
      vertex 5.945856826276376 -11.66940107147953 29.75
      vertex 6.5484374999999995 -11.342226460189318 29.75
      vertex 5.037875826797283 -9.887388023102794 31.75
    endloop
  endfacet
  facet normal 0.3044694785023453 -0.6383335362718087 0.7069855961271329
    outer loop
      vertex 4.51350568613177 -10.137499750277735 31.75
      vertex 5.945856826276376 -11.66940107147953 29.75
      vertex 5.037875826797283 -9.887388023102794 31.75
    endloop
  endfacet
  facet normal 0.3374600096864915 -0.621524021041147 0.7069855961271327
    outer loop
      vertex 6.5484374999999995 -11.342226460189318 29.75
      vertex 5.5484374999999995 -9.610175652620441 31.75
      vertex 5.037875826797283 -9.887388023102794 31.75
    endloop
  endfacet
  facet normal 0.3695255864406414 -0.6030109516704177 0.7069855961271327
    outer loop
      vertex 6.5484374999999995 -11.342226460189318 29.75
      vertex 7.133069361712432 -10.983963594560224 29.75
      vertex 5.5484374999999995 -9.610175652620441 31.75
    endloop
  endfacet
  facet normal 0.40057831924776777 -0.5828450711959365 0.7069855961271326
    outer loop
      vertex 7.133069361712432 -10.983963594560224 29.75
      vertex 7.698149976117984 -10.59559444820439 29.75
      vertex 6.043791291682378 -9.306622458669377 31.75
    endloop
  endfacet
  facet normal 0.369525586440641 -0.6030109516704182 0.7069855961271325
    outer loop
      vertex 7.133069361712432 -10.983963594560224 29.75
      vertex 6.043791291682378 -9.306622458669377 31.75
      vertex 5.5484374999999995 -9.610175652620441 31.75
    endloop
  endfacet
  facet normal 0.4005783192477687 -0.5828450711959356 0.7069855961271329
    outer loop
      vertex 7.698149976117984 -10.59559444820439 29.75
      vertex 6.522579471533037 -8.977560459454494 31.75
      vertex 6.043791291682378 -9.306622458669377 31.75
    endloop
  endfacet
  facet normal 0.430533094725694 -0.5610816528943708 0.7069855961271329
    outer loop
      vertex 7.698149976117984 -10.59559444820439 29.75
      vertex 8.242130496530839 -10.178183513956766 29.75
      vertex 6.522579471533037 -8.977560459454494 31.75
    endloop
  endfacet
  facet normal 0.4593078089169648 -0.53778034878253 0.706985596127133
    outer loop
      vertex 8.242130496530839 -10.178183513956766 29.75
      vertex 8.763519910156171 -9.732874886174248 29.75
      vertex 6.983489714431164 -8.623891591042824 31.75
    endloop
  endfacet
  facet normal 0.43053309472569407 -0.5610816528943708 0.7069855961271329
    outer loop
      vertex 8.242130496530839 -10.178183513956766 29.75
      vertex 6.983489714431164 -8.623891591042824 31.75
      vertex 6.522579471533037 -8.977560459454494 31.75
    endloop
  endfacet
  facet normal 0.45930780891696577 -0.5377803487825288 0.7069855961271331
    outer loop
      vertex 8.763519910156171 -9.732874886174248 29.75
      vertex 7.425258697438454 -8.246585235219458 31.75
      vertex 6.983489714431164 -8.623891591042824 31.75
    endloop
  endfacet
  facet normal 0.48682359233008793 -0.5130050261153307 0.7069855961271327
    outer loop
      vertex 9.260889124852564 -9.260889124852564 29.75
      vertex 7.8466755624794695 -7.8466755624794695 31.75
      vertex 7.425258697438454 -8.246585235219458 31.75
    endloop
  endfacet
  facet normal 0.48682359233008926 -0.513005026115329 0.7069855961271331
    outer loop
      vertex 8.763519910156171 -9.732874886174248 29.75
      vertex 9.260889124852564 -9.260889124852564 29.75
      vertex 7.425258697438454 -8.246585235219458 31.75
    endloop
  endfacet
  facet normal 0.5130050261153293 -0.4868235923300895 0.7069855961271329
    outer loop
      vertex 9.260889124852564 -9.260889124852564 29.75
      vertex 9.732874886174248 -8.763519910156171 29.75
      vertex 7.8466755624794695 -7.8466755624794695 31.75
    endloop
  endfacet
  facet normal 0.5377803487825298 -0.45930780891696465 0.7069855961271331
    outer loop
      vertex 8.246585235219458 -7.425258697438454 31.75
      vertex 9.732874886174248 -8.763519910156171 29.75
      vertex 10.178183513956766 -8.242130496530839 29.75
    endloop
  endfacet
  facet normal 0.5130050261153305 -0.4868235923300877 0.7069855961271331
    outer loop
      vertex 7.8466755624794695 -7.8466755624794695 31.75
      vertex 9.732874886174248 -8.763519910156171 29.75
      vertex 8.246585235219458 -7.425258697438454 31.75
    endloop
  endfacet
  facet normal 0.537780348782529 -0.45930780891696593 0.7069855961271329
    outer loop
      vertex 8.246585235219458 -7.425258697438454 31.75
      vertex 10.178183513956766 -8.242130496530839 29.75
      vertex 8.623891591042824 -6.983489714431164 31.75
    endloop
  endfacet
  facet normal 0.5610816528943708 -0.43053309472569407 0.7069855961271329
    outer loop
      vertex 8.623891591042824 -6.983489714431164 31.75
      vertex 10.59559444820439 -7.698149976117984 29.75
      vertex 8.977560459454494 -6.522579471533037 31.75
    endloop
  endfacet
  facet normal 0.5610816528943708 -0.430533094725694 0.7069855961271329
    outer loop
      vertex 8.623891591042824 -6.983489714431164 31.75
      vertex 10.178183513956766 -8.242130496530839 29.75
      vertex 10.59559444820439 -7.698149976117984 29.75
    endloop
  endfacet
  facet normal 0.5828450711959363 -0.4005783192477677 0.7069855961271329
    outer loop
      vertex 8.977560459454494 -6.522579471533037 31.75
      vertex 10.59559444820439 -7.698149976117984 29.75
      vertex 10.983963594560224 -7.133069361712432 29.75
    endloop
  endfacet
  facet normal 0.6030109516704178 -0.3695255864406415 0.7069855961271326
    outer loop
      vertex 9.306622458669377 -6.043791291682378 31.75
      vertex 10.983963594560224 -7.133069361712432 29.75
      vertex 11.342226460189318 -6.5484374999999995 29.75
    endloop
  endfacet
  facet normal 0.5828450711959358 -0.4005783192477688 0.7069855961271326
    outer loop
      vertex 8.977560459454494 -6.522579471533037 31.75
      vertex 10.983963594560224 -7.133069361712432 29.75
      vertex 9.306622458669377 -6.043791291682378 31.75
    endloop
  endfacet
  facet normal 0.6030109516704181 -0.3695255864406409 0.7069855961271326
    outer loop
      vertex 9.306622458669377 -6.043791291682378 31.75
      vertex 11.342226460189318 -6.5484374999999995 29.75
      vertex 9.610175652620441 -5.5484374999999995 31.75
    endloop
  endfacet
  facet normal 0.6215240210411467 -0.33746000968649126 0.7069855961271329
    outer loop
      vertex 11.66940107147953 -5.945856826276376 29.75
      vertex 9.887388023102794 -5.037875826797283 31.75
      vertex 9.610175652620441 -5.5484374999999995 31.75
    endloop
  endfacet
  facet normal 0.6383335362718087 -0.3044694785023453 0.7069855961271329
    outer loop
      vertex 9.887388023102794 -5.037875826797283 31.75
      vertex 11.964590665562937 -5.326978972283371 29.75
      vertex 10.137499750277735 -4.51350568613177 31.75
    endloop
  endfacet
  facet normal 0.6215240210411463 -0.33746000968649226 0.7069855961271326
    outer loop
      vertex 11.342226460189318 -6.5484374999999995 29.75
      vertex 11.66940107147953 -5.945856826276376 29.75
      vertex 9.610175652620441 -5.5484374999999995 31.75
    endloop
  endfacet
  facet normal 0.6383335362718087 -0.3044694785023453 0.7069855961271329
    outer loop
      vertex 11.66940107147953 -5.945856826276376 29.75
      vertex 11.964590665562937 -5.326978972283371 29.75
      vertex 9.887388023102794 -5.037875826797283 31.75
    endloop
  endfacet
  facet normal 0.6533934236495684 -0.27064441764104086 0.7069855961271329
    outer loop
      vertex 11.964590665562937 -5.326978972283371 29.75
      vertex 12.226986148280538 -4.6935002392011045 29.75
      vertex 10.137499750277735 -4.51350568613177 31.75
    endloop
  endfacet
  facet normal 0.6666624050699256 -0.2360775392432433 0.7069855961271329
    outer loop
      vertex 10.359825295286134 -3.9767643401105035 31.75
      vertex 12.226986148280538 -4.6935002392011045 29.75
      vertex 12.455868311853088 -4.047156948204389 29.75
    endloop
  endfacet
  facet normal 0.6781041111771212 -0.2008635887199301 0.7069855961271329
    outer loop
      vertex 10.55375527926278 -3.429122959454494 31.75
      vertex 12.455868311853088 -4.047156948204389 29.75
      vertex 12.65060980617964 -3.389720681327076 29.75
    endloop
  endfacet
  facet normal 0.6533934236495685 -0.2706444176410406 0.7069855961271329
    outer loop
      vertex 10.137499750277735 -4.51350568613177 31.75
      vertex 12.226986148280538 -4.6935002392011045 29.75
      vertex 10.359825295286134 -3.9767643401105035 31.75
    endloop
  endfacet
  facet normal 0.6666624050699254 -0.2360775392432439 0.7069855961271327
    outer loop
      vertex 10.359825295286134 -3.9767643401105035 31.75
      vertex 12.455868311853088 -4.047156948204389 29.75
      vertex 10.55375527926278 -3.429122959454494 31.75
    endloop
  endfacet
  facet normal 0.678104111177121 -0.2008635887199315 0.7069855961271325
    outer loop
      vertex 10.55375527926278 -3.429122959454494 31.75
      vertex 12.65060980617964 -3.389720681327076 29.75
      vertex 10.718758153601504 -2.8720825911220347 31.75
    endloop
  endfacet
  facet normal 0.6876871810500194 -0.16509908506179177 0.7069855961271329
    outer loop
      vertex 10.718758153601504 -2.8720825911220347 31.75
      vertex 12.81067685836056 -2.7229934256788417 29.75
      vertex 10.854381656892949 -2.307170044043323 31.75
    endloop
  endfacet
  facet normal 0.6953853481602091 -0.1288820562873951 0.706985596127133
    outer loop
      vertex 10.854381656892949 -2.307170044043323 31.75
      vertex 12.935630735731944 -2.0488026343237733 29.75
      vertex 10.960254054541668 -1.7359337042433118 31.75
    endloop
  endfacet
  facet normal 0.701177512366735 -0.09231177075519793 0.7069855961271324
    outer loop
      vertex 10.960254054541668 -1.7359337042433118 31.75
      vertex 13.025128948401353 -1.368996217358549 29.75
      vertex 11.036085157664807 -1.159939290823242 31.75
    endloop
  endfacet
  facet normal 0.7050477977501148 -0.05548846507587243 0.7069855961271325
    outer loop
      vertex 11.036085157664807 -1.159939290823242 31.75
      vertex 13.078926187988808 -0.685437476919305 29.75
      vertex 11.081667118479661 -0.5807655644334173 31.75
    endloop
  endfacet
  facet normal 0.7069855961271327 -0.018513069370729676 0.7069855961271327
    outer loop
      vertex 11.081667118479661 -0.5807655644334173 31.75
      vertex 13.096874999999999 0 29.75
      vertex 11.096874999999999 0 31.75
    endloop
  endfacet
  facet normal 0.6876871810500191 -0.16509908506179297 0.7069855961271325
    outer loop
      vertex 10.718758153601504 -2.8720825911220347 31.75
      vertex 12.65060980617964 -3.389720681327076 29.75
      vertex 12.81067685836056 -2.7229934256788417 29.75
    endloop
  endfacet
  facet normal 0.695385348160209 -0.12888205628739602 0.7069855961271327
    outer loop
      vertex 10.854381656892949 -2.307170044043323 31.75
      vertex 12.81067685836056 -2.7229934256788417 29.75
      vertex 12.935630735731944 -2.0488026343237733 29.75
    endloop
  endfacet
  facet normal 0.701177512366735 -0.09231177075519549 0.706985596127133
    outer loop
      vertex 10.960254054541668 -1.7359337042433118 31.75
      vertex 12.935630735731944 -2.0488026343237733 29.75
      vertex 13.025128948401353 -1.368996217358549 29.75
    endloop
  endfacet
  facet normal 0.7050477977501148 -0.05548846507587266 0.7069855961271325
    outer loop
      vertex 11.036085157664807 -1.159939290823242 31.75
      vertex 13.025128948401353 -1.368996217358549 29.75
      vertex 13.078926187988808 -0.685437476919305 29.75
    endloop
  endfacet
  facet normal 0.706985596127133 -0.018513069370730953 0.7069855961271326
    outer loop
      vertex 11.081667118479661 -0.5807655644334173 31.75
      vertex 13.078926187988808 -0.685437476919305 29.75
      vertex 13.096874999999999 0 29.75
    endloop
  endfacet
  facet normal 0.43053309472569407 0.5610816528943708 0.7069855961271329
    outer loop
      vertex 6.522579471533037 8.977560459454494 31.75
      vertex 6.983489714431164 8.623891591042824 31.75
      vertex 7.698149976117984 10.59559444820439 29.75
    endloop
  endfacet
  facet normal 0.45930780891696465 0.5377803487825298 0.7069855961271331
    outer loop
      vertex 7.425258697438454 8.246585235219458 31.75
      vertex 8.763519910156171 9.732874886174248 29.75
      vertex 8.242130496530839 10.178183513956766 29.75
    endloop
  endfacet
  facet normal 0.45930780891696593 0.537780348782529 0.7069855961271329
    outer loop
      vertex 6.983489714431164 8.623891591042824 31.75
      vertex 7.425258697438454 8.246585235219458 31.75
      vertex 8.242130496530839 10.178183513956766 29.75
    endloop
  endfacet
  facet normal 0.4868235923300877 0.5130050261153305 0.7069855961271331
    outer loop
      vertex 7.425258697438454 8.246585235219458 31.75
      vertex 7.8466755624794695 7.8466755624794695 31.75
      vertex 8.763519910156171 9.732874886174248 29.75
    endloop
  endfacet
  facet normal 0.53778034878253 0.4593078089169648 0.7069855961271329
    outer loop
      vertex 8.623891591042824 6.983489714431164 31.75
      vertex 10.178183513956766 8.242130496530839 29.75
      vertex 9.732874886174248 8.763519910156171 29.75
    endloop
  endfacet
  facet normal 0.5377803487825288 0.45930780891696577 0.7069855961271331
    outer loop
      vertex 8.623891591042824 6.983489714431164 31.75
      vertex 9.732874886174248 8.763519910156171 29.75
      vertex 8.246585235219458 7.425258697438454 31.75
    endloop
  endfacet
  facet normal 0.5130050261153307 0.48682359233008793 0.7069855961271327
    outer loop
      vertex 9.260889124852564 9.260889124852564 29.75
      vertex 7.8466755624794695 7.8466755624794695 31.75
      vertex 8.246585235219458 7.425258697438454 31.75
    endloop
  endfacet
  facet normal 0.5610816528943708 0.43053309472569407 0.7069855961271329
    outer loop
      vertex 8.623891591042824 6.983489714431164 31.75
      vertex 8.977560459454494 6.522579471533037 31.75
      vertex 10.178183513956766 8.242130496530839 29.75
    endloop
  endfacet
  facet normal 0.4868235923300895 0.5130050261153293 0.7069855961271329
    outer loop
      vertex 9.260889124852564 9.260889124852564 29.75
      vertex 8.763519910156171 9.732874886174248 29.75
      vertex 7.8466755624794695 7.8466755624794695 31.75
    endloop
  endfacet
  facet normal 0.513005026115329 0.48682359233008926 0.7069855961271331
    outer loop
      vertex 9.260889124852564 9.260889124852564 29.75
      vertex 8.246585235219458 7.425258697438454 31.75
      vertex 9.732874886174248 8.763519910156171 29.75
    endloop
  endfacet
  facet normal 0.018513069370729676 0.7069855961271327 0.7069855961271327
    outer loop
      vertex 0 11.096874999999999 31.75
      vertex 0.5807655644334173 11.081667118479661 31.75
      vertex 0 13.096874999999999 29.75
    endloop
  endfacet
  facet normal 0.05548846507587243 0.7050477977501148 0.7069855961271325
    outer loop
      vertex 0.5807655644334173 11.081667118479661 31.75
      vertex 1.159939290823242 11.036085157664807 31.75
      vertex 0.685437476919305 13.078926187988808 29.75
    endloop
  endfacet
  facet normal 0.09231177075519793 0.701177512366735 0.7069855961271324
    outer loop
      vertex 1.159939290823242 11.036085157664807 31.75
      vertex 1.7359337042433118 10.960254054541668 31.75
      vertex 1.368996217358549 13.025128948401353 29.75
    endloop
  endfacet
  facet normal 0.1288820562873951 0.6953853481602091 0.706985596127133
    outer loop
      vertex 1.7359337042433118 10.960254054541668 31.75
      vertex 2.307170044043323 10.854381656892949 31.75
      vertex 2.0488026343237733 12.935630735731944 29.75
    endloop
  endfacet
  facet normal 0.018513069370730953 0.706985596127133 0.7069855961271326
    outer loop
      vertex 0.5807655644334173 11.081667118479661 31.75
      vertex 0.685437476919305 13.078926187988808 29.75
      vertex 0 13.096874999999999 29.75
    endloop
  endfacet
  facet normal 0.05548846507587266 0.7050477977501148 0.7069855961271325
    outer loop
      vertex 1.159939290823242 11.036085157664807 31.75
      vertex 1.368996217358549 13.025128948401353 29.75
      vertex 0.685437476919305 13.078926187988808 29.75
    endloop
  endfacet
  facet normal 0.09231177075519549 0.7011775123667351 0.7069855961271329
    outer loop
      vertex 1.7359337042433118 10.960254054541668 31.75
      vertex 2.0488026343237733 12.935630735731944 29.75
      vertex 1.368996217358549 13.025128948401353 29.75
    endloop
  endfacet
  facet normal 0.128882056287396 0.695385348160209 0.7069855961271327
    outer loop
      vertex 2.307170044043323 10.854381656892949 31.75
      vertex 2.7229934256788417 12.81067685836056 29.75
      vertex 2.0488026343237733 12.935630735731944 29.75
    endloop
  endfacet
  facet normal 0.16509908506179177 0.6876871810500194 0.7069855961271329
    outer loop
      vertex 2.307170044043323 10.854381656892949 31.75
      vertex 2.8720825911220347 10.718758153601504 31.75
      vertex 2.7229934256788417 12.81067685836056 29.75
    endloop
  endfacet
  facet normal 0.2008635887199315 0.678104111177121 0.7069855961271325
    outer loop
      vertex 3.429122959454494 10.55375527926278 31.75
      vertex 3.389720681327076 12.65060980617964 29.75
      vertex 2.8720825911220347 10.718758153601504 31.75
    endloop
  endfacet
  facet normal 0.2008635887199301 0.6781041111771212 0.7069855961271329
    outer loop
      vertex 3.429122959454494 10.55375527926278 31.75
      vertex 4.047156948204389 12.455868311853088 29.75
      vertex 3.389720681327076 12.65060980617964 29.75
    endloop
  endfacet
  facet normal 0.2360775392432433 0.6666624050699256 0.7069855961271329
    outer loop
      vertex 3.9767643401105035 10.359825295286134 31.75
      vertex 4.6935002392011045 12.226986148280538 29.75
      vertex 4.047156948204389 12.455868311853088 29.75
    endloop
  endfacet
  facet normal 0.2360775392432439 0.6666624050699254 0.7069855961271327
    outer loop
      vertex 3.429122959454494 10.55375527926278 31.75
      vertex 3.9767643401105035 10.359825295286134 31.75
      vertex 4.047156948204389 12.455868311853088 29.75
    endloop
  endfacet
  facet normal 0.2706444176410406 0.6533934236495685 0.7069855961271329
    outer loop
      vertex 3.9767643401105035 10.359825295286134 31.75
      vertex 4.51350568613177 10.137499750277735 31.75
      vertex 4.6935002392011045 12.226986148280538 29.75
    endloop
  endfacet
  facet normal 0.16509908506179297 0.6876871810500191 0.7069855961271325
    outer loop
      vertex 2.8720825911220347 10.718758153601504 31.75
      vertex 3.389720681327076 12.65060980617964 29.75
      vertex 2.7229934256788417 12.81067685836056 29.75
    endloop
  endfacet
  facet normal 0.3044694785023453 0.6383335362718087 0.7069855961271329
    outer loop
      vertex 4.51350568613177 10.137499750277735 31.75
      vertex 5.037875826797283 9.887388023102794 31.75
      vertex 5.326978972283371 11.964590665562937 29.75
    endloop
  endfacet
  facet normal 0.3374600096864913 0.6215240210411467 0.7069855961271329
    outer loop
      vertex 5.945856826276376 11.66940107147953 29.75
      vertex 5.037875826797283 9.887388023102794 31.75
      vertex 5.5484374999999995 9.610175652620441 31.75
    endloop
  endfacet
  facet normal 0.27064441764104086 0.6533934236495684 0.7069855961271329
    outer loop
      vertex 4.51350568613177 10.137499750277735 31.75
      vertex 5.326978972283371 11.964590665562937 29.75
      vertex 4.6935002392011045 12.226986148280538 29.75
    endloop
  endfacet
  facet normal 0.3044694785023453 0.6383335362718087 0.7069855961271329
    outer loop
      vertex 5.945856826276376 11.66940107147953 29.75
      vertex 5.326978972283371 11.964590665562937 29.75
      vertex 5.037875826797283 9.887388023102794 31.75
    endloop
  endfacet
  facet normal 0.3695255864406415 0.6030109516704178 0.7069855961271326
    outer loop
      vertex 6.043791291682378 9.306622458669377 31.75
      vertex 7.133069361712432 10.983963594560224 29.75
      vertex 6.5484374999999995 11.342226460189318 29.75
    endloop
  endfacet
  facet normal 0.4005783192477677 0.5828450711959363 0.7069855961271329
    outer loop
      vertex 6.522579471533037 8.977560459454494 31.75
      vertex 7.698149976117984 10.59559444820439 29.75
      vertex 7.133069361712432 10.983963594560224 29.75
    endloop
  endfacet
  facet normal 0.3695255864406409 0.6030109516704181 0.7069855961271326
    outer loop
      vertex 6.043791291682378 9.306622458669377 31.75
      vertex 6.5484374999999995 11.342226460189318 29.75
      vertex 5.5484374999999995 9.610175652620441 31.75
    endloop
  endfacet
  facet normal 0.4005783192477688 0.5828450711959358 0.7069855961271326
    outer loop
      vertex 6.043791291682378 9.306622458669377 31.75
      vertex 6.522579471533037 8.977560459454494 31.75
      vertex 7.133069361712432 10.983963594560224 29.75
    endloop
  endfacet
  facet normal 0.3374600096864923 0.6215240210411465 0.7069855961271326
    outer loop
      vertex 5.945856826276376 11.66940107147953 29.75
      vertex 5.5484374999999995 9.610175652620441 31.75
      vertex 6.5484374999999995 11.342226460189318 29.75
    endloop
  endfacet
  facet normal 0.430533094725694 0.5610816528943708 0.7069855961271329
    outer loop
      vertex 6.983489714431164 8.623891591042824 31.75
      vertex 8.242130496530839 10.178183513956766 29.75
      vertex 7.698149976117984 10.59559444820439 29.75
    endloop
  endfacet
  facet normal 0.706985596127133 0.018513069370729683 0.7069855961271326
    outer loop
      vertex 11.096874999999999 0 31.75
      vertex 13.078926187988808 0.685437476919305 29.75
      vertex 11.081667118479661 0.5807655644334173 31.75
    endloop
  endfacet
  facet normal 0.7050477977501148 0.05548846507587243 0.7069855961271325
    outer loop
      vertex 11.081667118479661 0.5807655644334173 31.75
      vertex 13.025128948401353 1.368996217358549 29.75
      vertex 11.036085157664807 1.159939290823242 31.75
    endloop
  endfacet
  facet normal 0.7011775123667346 0.09231177075519789 0.706985596127133
    outer loop
      vertex 11.036085157664807 1.159939290823242 31.75
      vertex 12.935630735731944 2.0488026343237733 29.75
      vertex 10.960254054541668 1.7359337042433118 31.75
    endloop
  endfacet
  facet normal 0.6953853481602092 0.12888205628739513 0.7069855961271329
    outer loop
      vertex 10.960254054541668 1.7359337042433118 31.75
      vertex 12.81067685836056 2.7229934256788417 29.75
      vertex 10.854381656892949 2.307170044043323 31.75
    endloop
  endfacet
  facet normal 0.6781041111771208 0.20086358871993146 0.7069855961271327
    outer loop
      vertex 10.55375527926278 3.429122959454494 31.75
      vertex 10.718758153601504 2.8720825911220347 31.75
      vertex 12.455868311853088 4.047156948204389 29.75
    endloop
  endfacet
  facet normal 0.6876871810500194 0.1650990850617918 0.7069855961271325
    outer loop
      vertex 10.854381656892949 2.307170044043323 31.75
      vertex 12.65060980617964 3.389720681327076 29.75
      vertex 10.718758153601504 2.8720825911220347 31.75
    endloop
  endfacet
  facet normal 0.6666624050699256 0.23607753924324332 0.7069855961271329
    outer loop
      vertex 10.55375527926278 3.429122959454494 31.75
      vertex 12.455868311853088 4.047156948204389 29.75
      vertex 12.226986148280538 4.6935002392011045 29.75
    endloop
  endfacet
  facet normal 0.6533934236495684 0.2706444176410408 0.7069855961271329
    outer loop
      vertex 10.359825295286134 3.9767643401105035 31.75
      vertex 12.226986148280538 4.6935002392011045 29.75
      vertex 11.964590665562937 5.326978972283371 29.75
    endloop
  endfacet
  facet normal 0.6666624050699254 0.23607753924324387 0.7069855961271329
    outer loop
      vertex 10.55375527926278 3.429122959454494 31.75
      vertex 12.226986148280538 4.6935002392011045 29.75
      vertex 10.359825295286134 3.9767643401105035 31.75
    endloop
  endfacet
  facet normal 0.6533934236495685 0.2706444176410406 0.7069855961271329
    outer loop
      vertex 10.359825295286134 3.9767643401105035 31.75
      vertex 11.964590665562937 5.326978972283371 29.75
      vertex 10.137499750277735 4.51350568613177 31.75
    endloop
  endfacet
  facet normal 0.7069855961271327 0.018513069370730946 0.7069855961271327
    outer loop
      vertex 11.096874999999999 0 31.75
      vertex 13.096874999999999 0 29.75
      vertex 13.078926187988808 0.685437476919305 29.75
    endloop
  endfacet
  facet normal 0.7050477977501148 0.05548846507587266 0.7069855961271325
    outer loop
      vertex 11.081667118479661 0.5807655644334173 31.75
      vertex 13.078926187988808 0.685437476919305 29.75
      vertex 13.025128948401353 1.368996217358549 29.75
    endloop
  endfacet
  facet normal 0.7011775123667353 0.09231177075519553 0.7069855961271325
    outer loop
      vertex 11.036085157664807 1.159939290823242 31.75
      vertex 13.025128948401353 1.368996217358549 29.75
      vertex 12.935630735731944 2.0488026343237733 29.75
    endloop
  endfacet
  facet normal 0.6953853481602089 0.128882056287396 0.706985596127133
    outer loop
      vertex 10.960254054541668 1.7359337042433118 31.75
      vertex 12.935630735731944 2.0488026343237733 29.75
      vertex 12.81067685836056 2.7229934256788417 29.75
    endloop
  endfacet
  facet normal 0.6876871810500189 0.1650990850617929 0.7069855961271327
    outer loop
      vertex 10.854381656892949 2.307170044043323 31.75
      vertex 12.81067685836056 2.7229934256788417 29.75
      vertex 12.65060980617964 3.389720681327076 29.75
    endloop
  endfacet
  facet normal 0.6781041111771214 0.20086358871993015 0.7069855961271326
    outer loop
      vertex 10.718758153601504 2.8720825911220347 31.75
      vertex 12.65060980617964 3.389720681327076 29.75
      vertex 12.455868311853088 4.047156948204389 29.75
    endloop
  endfacet
  facet normal 0.6383335362718087 0.3044694785023453 0.7069855961271329
    outer loop
      vertex 10.137499750277735 4.51350568613177 31.75
      vertex 11.66940107147953 5.945856826276376 29.75
      vertex 9.887388023102794 5.037875826797283 31.75
    endloop
  endfacet
  facet normal 0.6215240210411468 0.33746000968649137 0.7069855961271326
    outer loop
      vertex 11.342226460189318 6.5484374999999995 29.75
      vertex 9.610175652620441 5.5484374999999995 31.75
      vertex 9.887388023102794 5.037875826797283 31.75
    endloop
  endfacet
  facet normal 0.6030109516704177 0.3695255864406414 0.7069855961271327
    outer loop
      vertex 10.983963594560224 7.133069361712432 29.75
      vertex 9.610175652620441 5.5484374999999995 31.75
      vertex 11.342226460189318 6.5484374999999995 29.75
    endloop
  endfacet
  facet normal 0.5828450711959365 0.40057831924776777 0.7069855961271326
    outer loop
      vertex 9.306622458669377 6.043791291682378 31.75
      vertex 10.983963594560224 7.133069361712432 29.75
      vertex 10.59559444820439 7.698149976117984 29.75
    endloop
  endfacet
  facet normal 0.6030109516704182 0.369525586440641 0.7069855961271326
    outer loop
      vertex 9.306622458669377 6.043791291682378 31.75
      vertex 9.610175652620441 5.5484374999999995 31.75
      vertex 10.983963594560224 7.133069361712432 29.75
    endloop
  endfacet
  facet normal 0.5828450711959356 0.4005783192477687 0.7069855961271329
    outer loop
      vertex 8.977560459454494 6.522579471533037 31.75
      vertex 9.306622458669377 6.043791291682378 31.75
      vertex 10.59559444820439 7.698149976117984 29.75
    endloop
  endfacet
  facet normal 0.6383335362718087 0.3044694785023453 0.7069855961271329
    outer loop
      vertex 10.137499750277735 4.51350568613177 31.75
      vertex 11.964590665562937 5.326978972283371 29.75
      vertex 11.66940107147953 5.945856826276376 29.75
    endloop
  endfacet
  facet normal 0.6215240210411462 0.3374600096864922 0.7069855961271329
    outer loop
      vertex 11.66940107147953 5.945856826276376 29.75
      vertex 11.342226460189318 6.5484374999999995 29.75
      vertex 9.887388023102794 5.037875826797283 31.75
    endloop
  endfacet
  facet normal 0.5610816528943708 0.430533094725694 0.7069855961271329
    outer loop
      vertex 8.977560459454494 6.522579471533037 31.75
      vertex 10.59559444820439 7.698149976117984 29.75
      vertex 10.178183513956766 8.242130496530839 29.75
    endloop
  endfacet
  facet normal 0 0 -1
    outer loop
      vertex -12.226986148280538 -4.6935002392011045 0
      vertex -12.455868311853088 -4.047156948204389 0
      vertex -12.226986148280538 4.6935002392011045 0
    endloop
  endfacet
  facet normal 0 0 -1
    outer loop
      vertex -11.964590665562937 -5.326978972283371 0
      vertex -12.226986148280538 -4.6935002392011045 0
      vertex -11.964590665562937 5.326978972283371 0
    endloop
  endfacet
  facet normal 0 0 -1
    outer loop
      vertex -12.81067685836056 -2.7229934256788417 0
      vertex -12.935630735731944 -2.0488026343237733 0
      vertex -12.81067685836056 2.7229934256788417 0
    endloop
  endfacet
  facet normal 0 0 -1
    outer loop
      vertex -12.65060980617964 -3.389720681327076 0
      vertex -12.81067685836056 -2.7229934256788417 0
      vertex -12.65060980617964 3.389720681327076 0
    endloop
  endfacet
  facet normal 0 0 -1
    outer loop
      vertex -12.455868311853088 -4.047156948204389 0
      vertex -12.65060980617964 -3.389720681327076 0
      vertex -12.455868311853088 4.047156948204389 0
    endloop
  endfacet
  facet normal 0 0 -1
    outer loop
      vertex -12.935630735731944 -2.0488026343237733 0
      vertex -13.025128948401353 -1.368996217358549 0
      vertex -12.935630735731944 2.0488026343237733 0
    endloop
  endfacet
  facet normal 0 0 -1
    outer loop
      vertex -13.025128948401353 -1.368996217358549 0
      vertex -13.078926187988808 -0.685437476919305 0
      vertex -13.025128948401353 1.368996217358549 0
    endloop
  endfacet
  facet normal 0 0 -1
    outer loop
      vertex -10.178183513956766 -8.242130496530839 0
      vertex -10.59559444820439 -7.698149976117984 0
      vertex -10.178183513956766 8.242130496530839 0
    endloop
  endfacet
  facet normal 0 0 -1
    outer loop
      vertex -9.732874886174248 -8.763519910156171 0
      vertex -10.178183513956766 -8.242130496530839 0
      vertex -9.732874886174248 8.763519910156171 0
    endloop
  endfacet
  facet normal 0 0 -1
    outer loop
      vertex -11.342226460189318 -6.5484374999999995 0
      vertex -11.66940107147953 -5.945856826276376 0
      vertex -11.342226460189318 6.5484374999999995 0
    endloop
  endfacet
  facet normal 0 0 -1
    outer loop
      vertex -11.964590665562937 -5.326978972283371 0
      vertex -11.66940107147953 5.945856826276376 0
      vertex -11.66940107147953 -5.945856826276376 0
    endloop
  endfacet
  facet normal 0 0 -1
    outer loop
      vertex -11.342226460189318 -6.5484374999999995 0
      vertex -10.983963594560224 7.133069361712432 0
      vertex -10.983963594560224 -7.133069361712432 0
    endloop
  endfacet
  facet normal 0 0 -1
    outer loop
      vertex -10.59559444820439 -7.698149976117984 0
      vertex -10.983963594560224 -7.133069361712432 0
      vertex -10.59559444820439 7.698149976117984 0
    endloop
  endfacet
  facet normal -0.9238795325112866 -0.38268343236509 -3.1267436378781824e-19
    outer loop
      vertex -11.964590665562937 -5.326978972283371 6.35
      vertex -12.226986148280538 -4.6935002392011045 29.75
      vertex -12.226986148280538 -4.6935002392011045 6.35
    endloop
  endfacet
  facet normal -0.8241261886220164 -0.5664062369248318 -3.6521813654592084e-19
    outer loop
      vertex -10.59559444820439 -7.698149976117984 6.35
      vertex -10.983963594560224 -7.133069361712432 29.75
      vertex -10.983963594560224 -7.133069361712432 6.35
    endloop
  endfacet
  facet normal -0.7604059656000314 -0.6494480483301832 -4.8662019469848445e-19
    outer loop
      vertex -9.732874886174248 -8.763519910156171 6.35
      vertex -10.178183513956766 -8.242130496530839 29.75
      vertex -10.178183513956766 -8.242130496530839 6.35
    endloop
  endfacet
  facet normal -0.7253743710122873 -0.6883545756937544 0
    outer loop
      vertex -9.732874886174248 -8.763519910156171 6.35
      vertex -9.260889124852564 -9.260889124852564 6.35
      vertex -9.732874886174248 -8.763519910156171 29.75
    endloop
  endfacet
  facet normal -0.7933533402912353 -0.6087614290087205 -2.3897514386460186e-19
    outer loop
      vertex -10.178183513956766 -8.242130496530839 6.35
      vertex -10.59559444820439 -7.698149976117984 29.75
      vertex -10.59559444820439 -7.698149976117984 6.35
    endloop
  endfacet
  facet normal -0.8788171126619642 -0.4771587602596106 -7.46728922407945e-20
    outer loop
      vertex -11.342226460189318 -6.5484374999999995 6.35
      vertex -11.66940107147953 -5.945856826276376 29.75
      vertex -11.66940107147953 -5.945856826276376 6.35
    endloop
  endfacet
  facet normal -0.852640164354093 -0.5224985647159478 0
    outer loop
      vertex -11.342226460189318 -6.5484374999999995 6.35
      vertex -10.983963594560224 -7.133069361712432 6.35
      vertex -11.342226460189318 -6.5484374999999995 29.75
    endloop
  endfacet
  facet normal -0.9025852843498612 -0.430511096808294 0
    outer loop
      vertex -11.964590665562937 -5.326978972283371 6.35
      vertex -11.66940107147953 -5.945856826276376 6.35
      vertex -11.964590665562937 -5.326978972283371 29.75
    endloop
  endfacet
  facet normal -0.958819734868193 -0.2840153447039226 -4.860365361443252e-20
    outer loop
      vertex -12.455868311853088 -4.047156948204389 6.35
      vertex -12.65060980617964 -3.389720681327076 29.75
      vertex -12.65060980617964 -3.389720681327076 6.35
    endloop
  endfacet
  facet normal -0.9426414910921788 -0.33380685923377 2.185963977825823e-19
    outer loop
      vertex -12.226986148280538 -4.6935002392011045 6.35
      vertex -12.455868311853088 -4.047156948204389 29.75
      vertex -12.455868311853088 -4.047156948204389 6.35
    endloop
  endfacet
  facet normal -0.9723699203976762 -0.2334453638559071 -3.2540177879571175e-19
    outer loop
      vertex -12.65060980617964 -3.389720681327076 6.35
      vertex -12.81067685836056 -2.7229934256788417 29.75
      vertex -12.81067685836056 -2.7229934256788417 6.35
    endloop
  endfacet
  facet normal -0.9832549075639545 -0.18223552549214792 9.594720803497164e-20
    outer loop
      vertex -12.81067685836056 -2.7229934256788417 6.35
      vertex -12.935630735731944 -2.0488026343237733 29.75
      vertex -12.935630735731944 -2.0488026343237733 6.35
    endloop
  endfacet
  facet normal -0.9914448613738108 -0.13052619222004838 1.7921482908442471e-19
    outer loop
      vertex -12.935630735731944 -2.0488026343237733 6.35
      vertex -13.025128948401353 -1.368996217358549 29.75
      vertex -13.025128948401353 -1.368996217358549 6.35
    endloop
  endfacet
  facet normal -0.9969173337331279 -0.07845909572784528 6.376692550371942e-20
    outer loop
      vertex -13.025128948401353 -1.368996217358549 6.35
      vertex -13.078926187988808 -0.685437476919305 29.75
      vertex -13.078926187988808 -0.685437476919305 6.35
    endloop
  endfacet
  facet normal -0.9996573249755571 -0.02617694830787454 1.0344417602508244e-20
    outer loop
      vertex -13.078926187988808 -0.685437476919305 6.35
      vertex -13.096874999999999 0 29.75
      vertex -13.096874999999999 0 6.35
    endloop
  endfacet
  facet normal 0 0 -1
    outer loop
      vertex -4.6935002392011045 -12.226986148280538 0
      vertex -3.9288620529677547 -3.9288620529677547 0
      vertex -4.047156948204389 -12.455868311853088 0
    endloop
  endfacet
  facet normal 0 0 -1
    outer loop
      vertex -4.047156948204389 -12.455868311853088 0
      vertex -3.2658818080500533 -4.495100674995801 0
      vertex -3.389720681327076 -12.65060980617964 0
    endloop
  endfacet
  facet normal 0 0 -1
    outer loop
      vertex -3.389720681327076 -12.65060980617964 0
      vertex -2.522484714177857 -4.9506550000216185 0
      vertex -2.7229934256788417 -12.81067685836056 0
    endloop
  endfacet
  facet normal 0 0 -1
    outer loop
      vertex -2.7229934256788417 -12.81067685836056 0
      vertex -1.9911819196610745 -5.187206244725076 0
      vertex -2.0488026343237733 -12.935630735731944 0
    endloop
  endfacet
  facet normal 0 0 -1
    outer loop
      vertex -2.0488026343237733 -12.935630735731944 0
      vertex -1.1552093321061752 -5.434832606577207 0
      vertex -1.368996217358549 -13.025128948401353 0
    endloop
  endfacet
  facet normal 0 0 -1
    outer loop
      vertex -1.368996217358549 -13.025128948401353 0
      vertex -0.5807862740308996 -5.525812281139968 0
      vertex -0.685437476919305 -13.078926187988808 0
    endloop
  endfacet
  facet normal 0 0 -1
    outer loop
      vertex -0.685437476919305 -13.078926187988808 0
      vertex 0 -5.5562499999999995 0
      vertex 0 -13.096874999999999 0
    endloop
  endfacet
  facet normal -0.6494480483301832 -0.7604059656000314 0
    outer loop
      vertex -8.763519910156171 -9.732874886174248 6.35
      vertex -8.242130496530839 -10.178183513956766 6.35
      vertex -8.763519910156171 -9.732874886174248 29.75
    endloop
  endfacet
  facet normal -0.5664062369248318 -0.8241261886220164 0
    outer loop
      vertex -7.698149976117984 -10.59559444820439 6.35
      vertex -7.133069361712432 -10.983963594560224 6.35
      vertex -7.698149976117984 -10.59559444820439 29.75
    endloop
  endfacet
  facet normal -0.6087614290087205 -0.7933533402912353 0
    outer loop
      vertex -8.242130496530839 -10.178183513956766 6.35
      vertex -7.698149976117984 -10.59559444820439 6.35
      vertex -8.242130496530839 -10.178183513956766 29.75
    endloop
  endfacet
  facet normal -0.38268343236509 -0.9238795325112866 0
    outer loop
      vertex -5.326978972283371 -11.964590665562937 6.35
      vertex -4.6935002392011045 -12.226986148280538 6.35
      vertex -5.326978972283371 -11.964590665562937 29.75
    endloop
  endfacet
  facet normal -0.5224985647159478 -0.852640164354093 0
    outer loop
      vertex -7.133069361712432 -10.983963594560224 6.35
      vertex -6.5484374999999995 -11.342226460189318 6.35
      vertex -7.133069361712432 -10.983963594560224 29.75
    endloop
  endfacet
  facet normal -0.4771587602596106 -0.8788171126619642 0
    outer loop
      vertex -6.5484374999999995 -11.342226460189318 6.35
      vertex -5.945856826276376 -11.66940107147953 6.35
      vertex -6.5484374999999995 -11.342226460189318 29.75
    endloop
  endfacet
  facet normal -0.430511096808294 -0.9025852843498612 -2.7291085338233953e-19
    outer loop
      vertex -5.326978972283371 -11.964590665562937 6.35
      vertex -5.945856826276376 -11.66940107147953 29.75
      vertex -5.945856826276376 -11.66940107147953 6.35
    endloop
  endfacet
  facet normal -0.33380685923377 -0.9426414910921788 0
    outer loop
      vertex -4.6935002392011045 -12.226986148280538 6.35
      vertex -4.047156948204389 -12.455868311853088 6.35
      vertex -4.6935002392011045 -12.226986148280538 29.75
    endloop
  endfacet
  facet normal -0.2840153447039226 -0.958819734868193 0
    outer loop
      vertex -4.047156948204389 -12.455868311853088 6.35
      vertex -3.389720681327076 -12.65060980617964 6.35
      vertex -4.047156948204389 -12.455868311853088 29.75
    endloop
  endfacet
  facet normal -0.2334453638559071 -0.9723699203976762 0
    outer loop
      vertex -3.389720681327076 -12.65060980617964 6.35
      vertex -2.7229934256788417 -12.81067685836056 6.35
      vertex -3.389720681327076 -12.65060980617964 29.75
    endloop
  endfacet
  facet normal -0.18223552549214792 -0.9832549075639545 0
    outer loop
      vertex -2.7229934256788417 -12.81067685836056 6.35
      vertex -2.0488026343237733 -12.935630735731944 6.35
      vertex -2.7229934256788417 -12.81067685836056 29.75
    endloop
  endfacet
  facet normal -0.13052619222004838 -0.9914448613738108 0
    outer loop
      vertex -2.0488026343237733 -12.935630735731944 6.35
      vertex -1.368996217358549 -13.025128948401353 6.35
      vertex -2.0488026343237733 -12.935630735731944 29.75
    endloop
  endfacet
  facet normal -0.07845909572784528 -0.9969173337331279 0
    outer loop
      vertex -1.368996217358549 -13.025128948401353 6.35
      vertex -0.685437476919305 -13.078926187988808 6.35
      vertex -1.368996217358549 -13.025128948401353 29.75
    endloop
  endfacet
  facet normal -0.02617694830787454 -0.9996573249755571 0
    outer loop
      vertex -0.685437476919305 -13.078926187988808 6.35
      vertex 0 -13.096874999999999 6.35
      vertex -0.685437476919305 -13.078926187988808 29.75
    endloop
  endfacet
  facet normal 0 0 -1
    outer loop
      vertex -5.326978972283371 -11.964590665562937 0
      vertex -5.945856826276376 -11.66940107147953 0
      vertex -5.284307768664946 -1.7169756749958014 0
    endloop
  endfacet
  facet normal 0 0 -1
    outer loop
      vertex -5.326978972283371 -11.964590665562937 0
      vertex -4.659863343146762 -3.026150638302244 0
      vertex -4.6935002392011045 -12.226986148280538 0
    endloop
  endfacet
  facet normal 0 0 -1
    outer loop
      vertex -5.945856826276376 -11.66940107147953 0
      vertex -5.366925372318636 -1.4380633193508807 0
      vertex -5.284307768664946 -1.7169756749958014 0
    endloop
  endfacet
  facet normal 0 0 -1
    outer loop
      vertex -5.326978972283371 -11.964590665562937 0
      vertex -5.0758869490267005 -2.2599304730899146 0
      vertex -4.9506550000216185 -2.522484714177857 0
    endloop
  endfacet
  facet normal 0 0 -1
    outer loop
      vertex -5.326978972283371 -11.964590665562937 0
      vertex -5.187206244725076 -1.9911819196610745 0
      vertex -5.0758869490267005 -2.2599304730899146 0
    endloop
  endfacet
  facet normal 0 0 -1
    outer loop
      vertex -5.326978972283371 -11.964590665562937 0
      vertex -4.811853649777286 -2.7781249999999997 0
      vertex -4.659863343146762 -3.026150638302244 0
    endloop
  endfacet
  facet normal 0 0 -1
    outer loop
      vertex -5.326978972283371 -11.964590665562937 0
      vertex -4.9506550000216185 -2.522484714177857 0
      vertex -4.811853649777286 -2.7781249999999997 0
    endloop
  endfacet
  facet normal 0 0 -1
    outer loop
      vertex -5.326978972283371 -11.964590665562937 0
      vertex -5.284307768664946 -1.7169756749958014 0
      vertex -5.187206244725076 -1.9911819196610745 0
    endloop
  endfacet
  facet normal 0 0 -1
    outer loop
      vertex -9.732874886174248 -8.763519910156171 0
      vertex -9.260889124852564 9.260889124852564 0
      vertex -9.260889124852564 -9.260889124852564 0
    endloop
  endfacet
  facet normal 0 0 -1
    outer loop
      vertex -8.763519910156171 -9.732874886174248 0
      vertex -9.260889124852564 -9.260889124852564 0
      vertex -8.763519910156171 9.732874886174248 0
    endloop
  endfacet
  facet normal 0 0 -1
    outer loop
      vertex -8.763519910156171 -9.732874886174248 0
      vertex -8.242130496530839 10.178183513956766 0
      vertex -8.242130496530839 -10.178183513956766 0
    endloop
  endfacet
  facet normal 0 0 -1
    outer loop
      vertex -8.242130496530839 -10.178183513956766 0
      vertex -7.698149976117984 10.59559444820439 0
      vertex -7.698149976117984 -10.59559444820439 0
    endloop
  endfacet
  facet normal 0 0 -1
    outer loop
      vertex -7.698149976117984 -10.59559444820439 0
      vertex -7.133069361712432 10.983963594560224 0
      vertex -7.133069361712432 -10.983963594560224 0
    endloop
  endfacet
  facet normal 0 0 -1
    outer loop
      vertex -7.133069361712432 -10.983963594560224 0
      vertex -6.5484374999999995 11.342226460189318 0
      vertex -6.5484374999999995 -11.342226460189318 0
    endloop
  endfacet
  facet normal 0 0 -1
    outer loop
      vertex -6.5484374999999995 -11.342226460189318 0
      vertex -5.945856826276376 11.66940107147953 0
      vertex -5.945856826276376 -11.66940107147953 0
    endloop
  endfacet
  facet normal 0 0 -1
    outer loop
      vertex -5.945856826276376 -11.66940107147953 0
      vertex -5.5486353524801 -0.29079165687485664 0
      vertex -5.525812281139968 -0.5807862740308996 0
    endloop
  endfacet
  facet normal 0 0 -1
    outer loop
      vertex -5.945856826276376 -11.66940107147953 0
      vertex -5.434832606577207 -1.1552093321061752 0
      vertex -5.366925372318636 -1.4380633193508807 0
    endloop
  endfacet
  facet normal 0 0 -1
    outer loop
      vertex -5.945856826276376 -11.66940107147953 0
      vertex -5.487843342431733 -0.8691889963797826 0
      vertex -5.434832606577207 -1.1552093321061752 0
    endloop
  endfacet
  facet normal 0 0 -1
    outer loop
      vertex -5.945856826276376 -11.66940107147953 0
      vertex -5.525812281139968 -0.5807862740308996 0
      vertex -5.487843342431733 -0.8691889963797826 0
    endloop
  endfacet
  facet normal 0 0 -1
    outer loop
      vertex -5.945856826276376 -11.66940107147953 0
      vertex -5.5562499999999995 0 0
      vertex -5.5486353524801 -0.29079165687485664 0
    endloop
  endfacet
  facet normal 0 0 -1
    outer loop
      vertex -3.389720681327076 -12.65060980617964 0
      vertex -3.2658818080500533 -4.495100674995801 0
      vertex -3.026150638302244 -4.659863343146762 0
    endloop
  endfacet
  facet normal 0 0 -1
    outer loop
      vertex -3.389720681327076 -12.65060980617964 0
      vertex -3.026150638302244 -4.659863343146762 0
      vertex -2.7781249999999997 -4.811853649777286 0
    endloop
  endfacet
  facet normal 0 0 -1
    outer loop
      vertex -3.389720681327076 -12.65060980617964 0
      vertex -2.7781249999999997 -4.811853649777286 0
      vertex -2.522484714177857 -4.9506550000216185 0
    endloop
  endfacet
  facet normal 0 0 -1
    outer loop
      vertex -2.7229934256788417 -12.81067685836056 0
      vertex -2.522484714177857 -4.9506550000216185 0
      vertex -2.2599304730899146 -5.0758869490267005 0
    endloop
  endfacet
  facet normal 0 0 -1
    outer loop
      vertex -4.6935002392011045 -12.226986148280538 0
      vertex -4.129098436558771 -3.7178569315814056 0
      vertex -3.9288620529677547 -3.9288620529677547 0
    endloop
  endfacet
  facet normal 0 0 -1
    outer loop
      vertex -4.6935002392011045 -12.226986148280538 0
      vertex -4.495100674995801 -3.2658818080500533 0
      vertex -4.318017248345294 -3.4966614227706585 0
    endloop
  endfacet
  facet normal 0 0 -1
    outer loop
      vertex -4.6935002392011045 -12.226986148280538 0
      vertex -4.659863343146762 -3.026150638302244 0
      vertex -4.495100674995801 -3.2658818080500533 0
    endloop
  endfacet
  facet normal 0 0 -1
    outer loop
      vertex -4.6935002392011045 -12.226986148280538 0
      vertex -4.318017248345294 -3.4966614227706585 0
      vertex -4.129098436558771 -3.7178569315814056 0
    endloop
  endfacet
  facet normal 0 0 -1
    outer loop
      vertex -4.047156948204389 -12.455868311853088 0
      vertex -3.9288620529677547 -3.9288620529677547 0
      vertex -3.7178569315814056 -4.129098436558771 0
    endloop
  endfacet
  facet normal 0 0 -1
    outer loop
      vertex -4.047156948204389 -12.455868311853088 0
      vertex -3.7178569315814056 -4.129098436558771 0
      vertex -3.4966614227706585 -4.318017248345294 0
    endloop
  endfacet
  facet normal 0 0 -1
    outer loop
      vertex -4.047156948204389 -12.455868311853088 0
      vertex -3.4966614227706585 -4.318017248345294 0
      vertex -3.2658818080500533 -4.495100674995801 0
    endloop
  endfacet
  facet normal 0 0 -1
    outer loop
      vertex -2.0488026343237733 -12.935630735731944 0
      vertex -1.9911819196610745 -5.187206244725076 0
      vertex -1.7169756749958014 -5.284307768664946 0
    endloop
  endfacet
  facet normal 0 0 -1
    outer loop
      vertex -2.7229934256788417 -12.81067685836056 0
      vertex -2.2599304730899146 -5.0758869490267005 0
      vertex -1.9911819196610745 -5.187206244725076 0
    endloop
  endfacet
  facet normal 0 0 -1
    outer loop
      vertex -2.0488026343237733 -12.935630735731944 0
      vertex -1.7169756749958014 -5.284307768664946 0
      vertex -1.4380633193508807 -5.366925372318636 0
    endloop
  endfacet
  facet normal 0 0 -1
    outer loop
      vertex -2.0488026343237733 -12.935630735731944 0
      vertex -1.4380633193508807 -5.366925372318636 0
      vertex -1.1552093321061752 -5.434832606577207 0
    endloop
  endfacet
  facet normal 0 0 -1
    outer loop
      vertex -1.368996217358549 -13.025128948401353 0
      vertex -1.1552093321061752 -5.434832606577207 0
      vertex -0.8691889963797826 -5.487843342431733 0
    endloop
  endfacet
  facet normal 0 0 -1
    outer loop
      vertex -1.368996217358549 -13.025128948401353 0
      vertex -0.8691889963797826 -5.487843342431733 0
      vertex -0.5807862740308996 -5.525812281139968 0
    endloop
  endfacet
  facet normal 0 0 -1
    outer loop
      vertex -0.685437476919305 -13.078926187988808 0
      vertex -0.5807862740308996 -5.525812281139968 0
      vertex -0.29079165687485664 -5.5486353524801 0
    endloop
  endfacet
  facet normal 0 0 -1
    outer loop
      vertex -0.685437476919305 -13.078926187988808 0
      vertex -0.29079165687485664 -5.5486353524801 0
      vertex 0 -5.5562499999999995 0
    endloop
  endfacet
  facet normal -0.6883545756937544 -0.7253743710122873 -2.039463281082099e-19
    outer loop
      vertex -8.763519910156171 -9.732874886174248 6.35
      vertex -9.260889124852564 -9.260889124852564 29.75
      vertex -9.260889124852564 -9.260889124852564 6.35
    endloop
  endfacet
  facet normal -0.9238795325112866 -0.38268343236509 0
    outer loop
      vertex -11.964590665562937 -5.326978972283371 6.35
      vertex -11.964590665562937 -5.326978972283371 29.75
      vertex -12.226986148280538 -4.6935002392011045 29.75
    endloop
  endfacet
  facet normal -0.8241261886220164 -0.5664062369248318 0
    outer loop
      vertex -10.59559444820439 -7.698149976117984 6.35
      vertex -10.59559444820439 -7.698149976117984 29.75
      vertex -10.983963594560224 -7.133069361712432 29.75
    endloop
  endfacet
  facet normal -0.7604059656000314 -0.6494480483301832 0
    outer loop
      vertex -9.732874886174248 -8.763519910156171 6.35
      vertex -9.732874886174248 -8.763519910156171 29.75
      vertex -10.178183513956766 -8.242130496530839 29.75
    endloop
  endfacet
  facet normal -0.7933533402912353 -0.6087614290087205 0
    outer loop
      vertex -10.178183513956766 -8.242130496530839 6.35
      vertex -10.178183513956766 -8.242130496530839 29.75
      vertex -10.59559444820439 -7.698149976117984 29.75
    endloop
  endfacet
  facet normal -0.8788171126619642 -0.4771587602596106 0
    outer loop
      vertex -11.342226460189318 -6.5484374999999995 6.35
      vertex -11.342226460189318 -6.5484374999999995 29.75
      vertex -11.66940107147953 -5.945856826276376 29.75
    endloop
  endfacet
  facet normal -0.852640164354093 -0.5224985647159478 0
    outer loop
      vertex -10.983963594560224 -7.133069361712432 6.35
      vertex -10.983963594560224 -7.133069361712432 29.75
      vertex -11.342226460189318 -6.5484374999999995 29.75
    endloop
  endfacet
  facet normal -0.9025852843498612 -0.430511096808294 0
    outer loop
      vertex -11.66940107147953 -5.945856826276376 6.35
      vertex -11.66940107147953 -5.945856826276376 29.75
      vertex -11.964590665562937 -5.326978972283371 29.75
    endloop
  endfacet
  facet normal -0.958819734868193 -0.2840153447039226 0
    outer loop
      vertex -12.455868311853088 -4.047156948204389 6.35
      vertex -12.455868311853088 -4.047156948204389 29.75
      vertex -12.65060980617964 -3.389720681327076 29.75
    endloop
  endfacet
  facet normal -0.9426414910921788 -0.33380685923377 0
    outer loop
      vertex -12.226986148280538 -4.6935002392011045 6.35
      vertex -12.226986148280538 -4.6935002392011045 29.75
      vertex -12.455868311853088 -4.047156948204389 29.75
    endloop
  endfacet
  facet normal -0.9723699203976762 -0.2334453638559071 0
    outer loop
      vertex -12.65060980617964 -3.389720681327076 6.35
      vertex -12.65060980617964 -3.389720681327076 29.75
      vertex -12.81067685836056 -2.7229934256788417 29.75
    endloop
  endfacet
  facet normal -0.9832549075639545 -0.18223552549214792 0
    outer loop
      vertex -12.81067685836056 -2.7229934256788417 6.35
      vertex -12.81067685836056 -2.7229934256788417 29.75
      vertex -12.935630735731944 -2.0488026343237733 29.75
    endloop
  endfacet
  facet normal -0.9914448613738108 -0.13052619222004838 0
    outer loop
      vertex -12.935630735731944 -2.0488026343237733 6.35
      vertex -12.935630735731944 -2.0488026343237733 29.75
      vertex -13.025128948401353 -1.368996217358549 29.75
    endloop
  endfacet
  facet normal -0.9969173337331279 -0.07845909572784528 0
    outer loop
      vertex -13.025128948401353 -1.368996217358549 6.35
      vertex -13.025128948401353 -1.368996217358549 29.75
      vertex -13.078926187988808 -0.685437476919305 29.75
    endloop
  endfacet
  facet normal -0.9996573249755571 -0.02617694830787454 0
    outer loop
      vertex -13.078926187988808 -0.685437476919305 6.35
      vertex -13.078926187988808 -0.685437476919305 29.75
      vertex -13.096874999999999 0 29.75
    endloop
  endfacet
  facet normal 0 0 1
    outer loop
      vertex -10.718758153601504 -2.8720825911220347 31.75
      vertex -10.960254054541668 1.7359337042433118 31.75
      vertex -10.854381656892949 -2.307170044043323 31.75
    endloop
  endfacet
  facet normal 0 0 1
    outer loop
      vertex -10.854381656892949 -2.307170044043323 31.75
      vertex -10.960254054541668 1.7359337042433118 31.75
      vertex -10.960254054541668 -1.7359337042433118 31.75
    endloop
  endfacet
  facet normal 0 0 1
    outer loop
      vertex -11.036085157664807 -1.159939290823242 31.75
      vertex -11.036085157664807 1.159939290823242 31.75
      vertex -11.081667118479661 -0.5807655644334173 31.75
    endloop
  endfacet
  facet normal 0 0 1
    outer loop
      vertex -10.960254054541668 -1.7359337042433118 31.75
      vertex -11.036085157664807 1.159939290823242 31.75
      vertex -11.036085157664807 -1.159939290823242 31.75
    endloop
  endfacet
  facet normal 0 0 1
    outer loop
      vertex -10.718758153601504 -2.8720825911220347 31.75
      vertex -10.55375527926278 -3.429122959454494 31.75
      vertex -10.854381656892949 2.307170044043323 31.75
    endloop
  endfacet
  facet normal 0 0 1
    outer loop
      vertex -10.359825295286134 -3.9767643401105035 31.75
      vertex -10.55375527926278 3.429122959454494 31.75
      vertex -10.55375527926278 -3.429122959454494 31.75
    endloop
  endfacet
  facet normal 0 0 1
    outer loop
      vertex -10.137499750277735 -4.51350568613177 31.75
      vertex -10.55375527926278 3.429122959454494 31.75
      vertex -10.359825295286134 -3.9767643401105035 31.75
    endloop
  endfacet
  facet normal 0 0 1
    outer loop
      vertex -9.610175652620441 -5.5484374999999995 31.75
      vertex -10.137499750277735 4.51350568613177 31.75
      vertex -9.887388023102794 -5.037875826797283 31.75
    endloop
  endfacet
  facet normal 0 0 1
    outer loop
      vertex -9.610175652620441 -5.5484374999999995 31.75
      vertex -9.306622458669377 -6.043791291682378 31.75
      vertex -9.887388023102794 5.037875826797283 31.75
    endloop
  endfacet
  facet normal 0 0 1
    outer loop
      vertex -9.887388023102794 -5.037875826797283 31.75
      vertex -10.137499750277735 4.51350568613177 31.75
      vertex -10.137499750277735 -4.51350568613177 31.75
    endloop
  endfacet
  facet normal -0.6883545756937544 -0.7253743710122873 0
    outer loop
      vertex -8.763519910156171 -9.732874886174248 6.35
      vertex -8.763519910156171 -9.732874886174248 29.75
      vertex -9.260889124852564 -9.260889124852564 29.75
    endloop
  endfacet
  facet normal -0.6494480483301832 -0.7604059656000314 0
    outer loop
      vertex -8.242130496530839 -10.178183513956766 6.35
      vertex -8.242130496530839 -10.178183513956766 29.75
      vertex -8.763519910156171 -9.732874886174248 29.75
    endloop
  endfacet
  facet normal -0.5664062369248318 -0.8241261886220164 0
    outer loop
      vertex -7.133069361712432 -10.983963594560224 6.35
      vertex -7.133069361712432 -10.983963594560224 29.75
      vertex -7.698149976117984 -10.59559444820439 29.75
    endloop
  endfacet
  facet normal -0.6087614290087205 -0.7933533402912353 0
    outer loop
      vertex -7.698149976117984 -10.59559444820439 6.35
      vertex -7.698149976117984 -10.59559444820439 29.75
      vertex -8.242130496530839 -10.178183513956766 29.75
    endloop
  endfacet
  facet normal -0.38268343236509 -0.9238795325112866 0
    outer loop
      vertex -4.6935002392011045 -12.226986148280538 6.35
      vertex -4.6935002392011045 -12.226986148280538 29.75
      vertex -5.326978972283371 -11.964590665562937 29.75
    endloop
  endfacet
  facet normal -0.5224985647159478 -0.852640164354093 0
    outer loop
      vertex -6.5484374999999995 -11.342226460189318 6.35
      vertex -6.5484374999999995 -11.342226460189318 29.75
      vertex -7.133069361712432 -10.983963594560224 29.75
    endloop
  endfacet
  facet normal -0.4771587602596106 -0.8788171126619642 0
    outer loop
      vertex -5.945856826276376 -11.66940107147953 6.35
      vertex -5.945856826276376 -11.66940107147953 29.75
      vertex -6.5484374999999995 -11.342226460189318 29.75
    endloop
  endfacet
  facet normal -0.430511096808294 -0.9025852843498612 0
    outer loop
      vertex -5.326978972283371 -11.964590665562937 6.35
      vertex -5.326978972283371 -11.964590665562937 29.75
      vertex -5.945856826276376 -11.66940107147953 29.75
    endloop
  endfacet
  facet normal -0.33380685923377 -0.9426414910921788 0
    outer loop
      vertex -4.047156948204389 -12.455868311853088 6.35
      vertex -4.047156948204389 -12.455868311853088 29.75
      vertex -4.6935002392011045 -12.226986148280538 29.75
    endloop
  endfacet
  facet normal -0.2840153447039226 -0.958819734868193 0
    outer loop
      vertex -3.389720681327076 -12.65060980617964 6.35
      vertex -3.389720681327076 -12.65060980617964 29.75
      vertex -4.047156948204389 -12.455868311853088 29.75
    endloop
  endfacet
  facet normal -0.2334453638559071 -0.9723699203976762 0
    outer loop
      vertex -2.7229934256788417 -12.81067685836056 6.35
      vertex -2.7229934256788417 -12.81067685836056 29.75
      vertex -3.389720681327076 -12.65060980617964 29.75
    endloop
  endfacet
  facet normal -0.18223552549214792 -0.9832549075639545 0
    outer loop
      vertex -2.0488026343237733 -12.935630735731944 6.35
      vertex -2.0488026343237733 -12.935630735731944 29.75
      vertex -2.7229934256788417 -12.81067685836056 29.75
    endloop
  endfacet
  facet normal -0.13052619222004838 -0.9914448613738108 0
    outer loop
      vertex -1.368996217358549 -13.025128948401353 6.35
      vertex -1.368996217358549 -13.025128948401353 29.75
      vertex -2.0488026343237733 -12.935630735731944 29.75
    endloop
  endfacet
  facet normal -0.07845909572784528 -0.9969173337331279 0
    outer loop
      vertex -0.685437476919305 -13.078926187988808 6.35
      vertex -0.685437476919305 -13.078926187988808 29.75
      vertex -1.368996217358549 -13.025128948401353 29.75
    endloop
  endfacet
  facet normal -0.02617694830787454 -0.9996573249755571 1.0344417602508244e-20
    outer loop
      vertex -0.685437476919305 -13.078926187988808 29.75
      vertex 0 -13.096874999999999 6.35
      vertex 0 -13.096874999999999 29.75
    endloop
  endfacet
  facet normal -0.7253743710122873 -0.6883545756937544 0
    outer loop
      vertex -9.260889124852564 -9.260889124852564 6.35
      vertex -9.260889124852564 -9.260889124852564 29.75
      vertex -9.732874886174248 -8.763519910156171 29.75
    endloop
  endfacet
  facet normal 0 0 1
    outer loop
      vertex -5.037875826797283 -9.887388023102794 31.75
      vertex -4.51350568613177 -10.137499750277735 31.75
      vertex -4.9506550000216185 -2.522484714177857 31.75
    endloop
  endfacet
  facet normal 0 0 1
    outer loop
      vertex -5.5484374999999995 -9.610175652620441 31.75
      vertex -5.037875826797283 -9.887388023102794 31.75
      vertex -5.525812281139968 -0.5807862740308996 31.75
    endloop
  endfacet
  facet normal 0 0 1
    outer loop
      vertex -5.037875826797283 -9.887388023102794 31.75
      vertex -4.9506550000216185 -2.522484714177857 31.75
      vertex -5.0758869490267005 -2.2599304730899146 31.75
    endloop
  endfacet
  facet normal 0 0 1
    outer loop
      vertex -8.977560459454494 -6.522579471533037 31.75
      vertex -8.623891591042824 -6.983489714431164 31.75
      vertex -9.306622458669377 6.043791291682378 31.75
    endloop
  endfacet
  facet normal 0 0 1
    outer loop
      vertex -8.246585235219458 -7.425258697438454 31.75
      vertex -8.977560459454494 6.522579471533037 31.75
      vertex -8.623891591042824 -6.983489714431164 31.75
    endloop
  endfacet
  facet normal 0 0 1
    outer loop
      vertex -7.8466755624794695 -7.8466755624794695 31.75
      vertex -8.623891591042824 6.983489714431164 31.75
      vertex -8.246585235219458 -7.425258697438454 31.75
    endloop
  endfacet
  facet normal 0 0 1
    outer loop
      vertex -7.8466755624794695 -7.8466755624794695 31.75
      vertex -7.425258697438454 -8.246585235219458 31.75
      vertex -8.246585235219458 7.425258697438454 31.75
    endloop
  endfacet
  facet normal 0 0 1
    outer loop
      vertex -7.425258697438454 -8.246585235219458 31.75
      vertex -6.983489714431164 -8.623891591042824 31.75
      vertex -7.8466755624794695 7.8466755624794695 31.75
    endloop
  endfacet
  facet normal 0 0 1
    outer loop
      vertex -9.306622458669377 -6.043791291682378 31.75
      vertex -8.977560459454494 -6.522579471533037 31.75
      vertex -9.610175652620441 5.5484374999999995 31.75
    endloop
  endfacet
  facet normal 0 0 1
    outer loop
      vertex -6.983489714431164 -8.623891591042824 31.75
      vertex -6.522579471533037 -8.977560459454494 31.75
      vertex -7.425258697438454 8.246585235219458 31.75
    endloop
  endfacet
  facet normal 0 0 1
    outer loop
      vertex -6.522579471533037 -8.977560459454494 31.75
      vertex -6.043791291682378 -9.306622458669377 31.75
      vertex -6.522579471533037 8.977560459454494 31.75
    endloop
  endfacet
  facet normal 0 0 1
    outer loop
      vertex -5.5484374999999995 -9.610175652620441 31.75
      vertex -6.522579471533037 8.977560459454494 31.75
      vertex -6.043791291682378 -9.306622458669377 31.75
    endloop
  endfacet
  facet normal 0 0 1
    outer loop
      vertex -5.037875826797283 -9.887388023102794 31.75
      vertex -5.0758869490267005 -2.2599304730899146 31.75
      vertex -5.187206244725076 -1.9911819196610745 31.75
    endloop
  endfacet
  facet normal 0 0 1
    outer loop
      vertex -5.037875826797283 -9.887388023102794 31.75
      vertex -5.187206244725076 -1.9911819196610745 31.75
      vertex -5.284307768664946 -1.7169756749958014 31.75
    endloop
  endfacet
  facet normal 0 0 1
    outer loop
      vertex -5.037875826797283 -9.887388023102794 31.75
      vertex -5.284307768664946 -1.7169756749958014 31.75
      vertex -5.366925372318636 -1.4380633193508807 31.75
    endloop
  endfacet
  facet normal 0 0 1
    outer loop
      vertex -5.037875826797283 -9.887388023102794 31.75
      vertex -5.366925372318636 -1.4380633193508807 31.75
      vertex -5.434832606577207 -1.1552093321061752 31.75
    endloop
  endfacet
  facet normal 0 0 1
    outer loop
      vertex -5.037875826797283 -9.887388023102794 31.75
      vertex -5.434832606577207 -1.1552093321061752 31.75
      vertex -5.487843342431733 -0.8691889963797826 31.75
    endloop
  endfacet
  facet normal 0 0 1
    outer loop
      vertex -5.037875826797283 -9.887388023102794 31.75
      vertex -5.487843342431733 -0.8691889963797826 31.75
      vertex -5.525812281139968 -0.5807862740308996 31.75
    endloop
  endfacet
  facet normal 0 0 1
    outer loop
      vertex -5.5484374999999995 -9.610175652620441 31.75
      vertex -5.525812281139968 -0.5807862740308996 31.75
      vertex -5.5486353524801 -0.29079165687485664 31.75
    endloop
  endfacet
  facet normal 0 0 1
    outer loop
      vertex -5.5484374999999995 -9.610175652620441 31.75
      vertex -5.5486353524801 -0.29079165687485664 31.75
      vertex -6.043791291682378 9.306622458669377 31.75
    endloop
  endfacet
  facet normal 0 0 1
    outer loop
      vertex -4.51350568613177 -10.137499750277735 31.75
      vertex -3.9767643401105035 -10.359825295286134 31.75
      vertex -4.495100674995801 -3.2658818080500533 31.75
    endloop
  endfacet
  facet normal 0 0 1
    outer loop
      vertex -3.9767643401105035 -10.359825295286134 31.75
      vertex -3.429122959454494 -10.55375527926278 31.75
      vertex -3.9288620529677547 -3.9288620529677547 31.75
    endloop
  endfacet
  facet normal 0 0 1
    outer loop
      vertex -2.8720825911220347 -10.718758153601504 31.75
      vertex -3.2658818080500533 -4.495100674995801 31.75
      vertex -3.429122959454494 -10.55375527926278 31.75
    endloop
  endfacet
  facet normal 0 0 1
    outer loop
      vertex -2.8720825911220347 -10.718758153601504 31.75
      vertex -2.307170044043323 -10.854381656892949 31.75
      vertex -2.7781249999999997 -4.811853649777286 31.75
    endloop
  endfacet
  facet normal 0 0 1
    outer loop
      vertex -3.9767643401105035 -10.359825295286134 31.75
      vertex -3.9288620529677547 -3.9288620529677547 31.75
      vertex -4.129098436558771 -3.7178569315814056 31.75
    endloop
  endfacet
  facet normal 0 0 1
    outer loop
      vertex -3.429122959454494 -10.55375527926278 31.75
      vertex -3.7178569315814056 -4.129098436558771 31.75
      vertex -3.9288620529677547 -3.9288620529677547 31.75
    endloop
  endfacet
  facet normal 0 0 1
    outer loop
      vertex -4.51350568613177 -10.137499750277735 31.75
      vertex -4.495100674995801 -3.2658818080500533 31.75
      vertex -4.659863343146762 -3.026150638302244 31.75
    endloop
  endfacet
  facet normal 0 0 1
    outer loop
      vertex -3.9767643401105035 -10.359825295286134 31.75
      vertex -4.318017248345294 -3.4966614227706585 31.75
      vertex -4.495100674995801 -3.2658818080500533 31.75
    endloop
  endfacet
  facet normal 0 0 1
    outer loop
      vertex -4.51350568613177 -10.137499750277735 31.75
      vertex -4.659863343146762 -3.026150638302244 31.75
      vertex -4.811853649777286 -2.7781249999999997 31.75
    endloop
  endfacet
  facet normal 0 0 1
    outer loop
      vertex -4.51350568613177 -10.137499750277735 31.75
      vertex -4.811853649777286 -2.7781249999999997 31.75
      vertex -4.9506550000216185 -2.522484714177857 31.75
    endloop
  endfacet
  facet normal 0 0 1
    outer loop
      vertex -3.9767643401105035 -10.359825295286134 31.75
      vertex -4.129098436558771 -3.7178569315814056 31.75
      vertex -4.318017248345294 -3.4966614227706585 31.75
    endloop
  endfacet
  facet normal 0 0 1
    outer loop
      vertex -2.8720825911220347 -10.718758153601504 31.75
      vertex -3.026150638302244 -4.659863343146762 31.75
      vertex -3.2658818080500533 -4.495100674995801 31.75
    endloop
  endfacet
  facet normal 0 0 1
    outer loop
      vertex -3.429122959454494 -10.55375527926278 31.75
      vertex -3.4966614227706585 -4.318017248345294 31.75
      vertex -3.7178569315814056 -4.129098436558771 31.75
    endloop
  endfacet
  facet normal 0 0 1
    outer loop
      vertex -3.429122959454494 -10.55375527926278 31.75
      vertex -3.2658818080500533 -4.495100674995801 31.75
      vertex -3.4966614227706585 -4.318017248345294 31.75
    endloop
  endfacet
  facet normal 0 0 1
    outer loop
      vertex -2.8720825911220347 -10.718758153601504 31.75
      vertex -2.7781249999999997 -4.811853649777286 31.75
      vertex -3.026150638302244 -4.659863343146762 31.75
    endloop
  endfacet
  facet normal 0 0 1
    outer loop
      vertex -2.307170044043323 -10.854381656892949 31.75
      vertex -2.522484714177857 -4.9506550000216185 31.75
      vertex -2.7781249999999997 -4.811853649777286 31.75
    endloop
  endfacet
  facet normal 0 0 1
    outer loop
      vertex -2.307170044043323 -10.854381656892949 31.75
      vertex -1.7359337042433118 -10.960254054541668 31.75
      vertex -2.2599304730899146 -5.0758869490267005 31.75
    endloop
  endfacet
  facet normal 0 0 1
    outer loop
      vertex -1.7359337042433118 -10.960254054541668 31.75
      vertex -1.159939290823242 -11.036085157664807 31.75
      vertex -1.7169756749958014 -5.284307768664946 31.75
    endloop
  endfacet
  facet normal 0 0 1
    outer loop
      vertex -1.7359337042433118 -10.960254054541668 31.75
      vertex -1.7169756749958014 -5.284307768664946 31.75
      vertex -1.9911819196610745 -5.187206244725076 31.75
    endloop
  endfacet
  facet normal 0 0 1
    outer loop
      vertex -1.159939290823242 -11.036085157664807 31.75
      vertex -1.4380633193508807 -5.366925372318636 31.75
      vertex -1.7169756749958014 -5.284307768664946 31.75
    endloop
  endfacet
  facet normal 0 0 1
    outer loop
      vertex -1.159939290823242 -11.036085157664807 31.75
      vertex -1.1552093321061752 -5.434832606577207 31.75
      vertex -1.4380633193508807 -5.366925372318636 31.75
    endloop
  endfacet
  facet normal 0 0 1
    outer loop
      vertex -1.159939290823242 -11.036085157664807 31.75
      vertex -0.5807655644334173 -11.081667118479661 31.75
      vertex -1.1552093321061752 -5.434832606577207 31.75
    endloop
  endfacet
  facet normal 0 0 1
    outer loop
      vertex -0.5807655644334173 -11.081667118479661 31.75
      vertex 0 -11.096874999999999 31.75
      vertex -0.29079165687485664 -5.5486353524801 31.75
    endloop
  endfacet
  facet normal 0 0 1
    outer loop
      vertex -0.5807655644334173 -11.081667118479661 31.75
      vertex -0.8691889963797826 -5.487843342431733 31.75
      vertex -1.1552093321061752 -5.434832606577207 31.75
    endloop
  endfacet
  facet normal 0 0 1
    outer loop
      vertex -0.5807655644334173 -11.081667118479661 31.75
      vertex -0.5807862740308996 -5.525812281139968 31.75
      vertex -0.8691889963797826 -5.487843342431733 31.75
    endloop
  endfacet
  facet normal 0 0 1
    outer loop
      vertex -0.5807655644334173 -11.081667118479661 31.75
      vertex -0.29079165687485664 -5.5486353524801 31.75
      vertex -0.5807862740308996 -5.525812281139968 31.75
    endloop
  endfacet
  facet normal 0 0 1
    outer loop
      vertex 0 -11.096874999999999 31.75
      vertex 0 -5.5562499999999995 31.75
      vertex -0.29079165687485664 -5.5486353524801 31.75
    endloop
  endfacet
  facet normal 0 0 1
    outer loop
      vertex -2.307170044043323 -10.854381656892949 31.75
      vertex -2.2599304730899146 -5.0758869490267005 31.75
      vertex -2.522484714177857 -4.9506550000216185 31.75
    endloop
  endfacet
  facet normal 0 0 1
    outer loop
      vertex -1.7359337042433118 -10.960254054541668 31.75
      vertex -1.9911819196610745 -5.187206244725076 31.75
      vertex -2.2599304730899146 -5.0758869490267005 31.75
    endloop
  endfacet
  facet normal 0 0 -1
    outer loop
      vertex -13.078926187988808 -0.685437476919305 0
      vertex -13.096874999999999 0 0
      vertex -13.078926187988808 0.685437476919305 0
    endloop
  endfacet
  facet normal 0 0 -1
    outer loop
      vertex -13.078926187988808 -0.685437476919305 0
      vertex -13.078926187988808 0.685437476919305 0
      vertex -13.025128948401353 1.368996217358549 0
    endloop
  endfacet
  facet normal 0 0 -1
    outer loop
      vertex -13.025128948401353 -1.368996217358549 0
      vertex -13.025128948401353 1.368996217358549 0
      vertex -12.935630735731944 2.0488026343237733 0
    endloop
  endfacet
  facet normal 0 0 -1
    outer loop
      vertex -12.935630735731944 -2.0488026343237733 0
      vertex -12.935630735731944 2.0488026343237733 0
      vertex -12.81067685836056 2.7229934256788417 0
    endloop
  endfacet
  facet normal 0 0 -1
    outer loop
      vertex -12.81067685836056 -2.7229934256788417 0
      vertex -12.81067685836056 2.7229934256788417 0
      vertex -12.65060980617964 3.389720681327076 0
    endloop
  endfacet
  facet normal 0 0 -1
    outer loop
      vertex -12.65060980617964 -3.389720681327076 0
      vertex -12.65060980617964 3.389720681327076 0
      vertex -12.455868311853088 4.047156948204389 0
    endloop
  endfacet
  facet normal 0 0 -1
    outer loop
      vertex -12.455868311853088 -4.047156948204389 0
      vertex -12.455868311853088 4.047156948204389 0
      vertex -12.226986148280538 4.6935002392011045 0
    endloop
  endfacet
  facet normal 0 0 -1
    outer loop
      vertex -12.226986148280538 -4.6935002392011045 0
      vertex -12.226986148280538 4.6935002392011045 0
      vertex -11.964590665562937 5.326978972283371 0
    endloop
  endfacet
  facet normal 0 0 -1
    outer loop
      vertex -11.964590665562937 -5.326978972283371 0
      vertex -11.964590665562937 5.326978972283371 0
      vertex -11.66940107147953 5.945856826276376 0
    endloop
  endfacet
  facet normal 0 0 -1
    outer loop
      vertex -11.66940107147953 -5.945856826276376 0
      vertex -11.66940107147953 5.945856826276376 0
      vertex -11.342226460189318 6.5484374999999995 0
    endloop
  endfacet
  facet normal 0 0 -1
    outer loop
      vertex -11.342226460189318 -6.5484374999999995 0
      vertex -11.342226460189318 6.5484374999999995 0
      vertex -10.983963594560224 7.133069361712432 0
    endloop
  endfacet
  facet normal 0 0 -1
    outer loop
      vertex -10.983963594560224 -7.133069361712432 0
      vertex -10.983963594560224 7.133069361712432 0
      vertex -10.59559444820439 7.698149976117984 0
    endloop
  endfacet
  facet normal 0 0 -1
    outer loop
      vertex -10.59559444820439 -7.698149976117984 0
      vertex -10.59559444820439 7.698149976117984 0
      vertex -10.178183513956766 8.242130496530839 0
    endloop
  endfacet
  facet normal 0 0 -1
    outer loop
      vertex -10.178183513956766 -8.242130496530839 0
      vertex -10.178183513956766 8.242130496530839 0
      vertex -9.732874886174248 8.763519910156171 0
    endloop
  endfacet
  facet normal 0 0 -1
    outer loop
      vertex -9.732874886174248 -8.763519910156171 0
      vertex -9.732874886174248 8.763519910156171 0
      vertex -9.260889124852564 9.260889124852564 0
    endloop
  endfacet
  facet normal -0.9996573249755571 0.02617694830787454 -1.0344417602508244e-20
    outer loop
      vertex -13.096874999999999 0 6.35
      vertex -13.078926187988808 0.685437476919305 29.75
      vertex -13.078926187988808 0.685437476919305 6.35
    endloop
  endfacet
  facet normal -0.9969173337331279 0.07845909572784528 -6.376692550371942e-20
    outer loop
      vertex -13.078926187988808 0.685437476919305 6.35
      vertex -13.025128948401353 1.368996217358549 29.75
      vertex -13.025128948401353 1.368996217358549 6.35
    endloop
  endfacet
  facet normal -0.9914448613738108 0.13052619222004838 -1.7921482908442471e-19
    outer loop
      vertex -13.025128948401353 1.368996217358549 6.35
      vertex -12.935630735731944 2.0488026343237733 29.75
      vertex -12.935630735731944 2.0488026343237733 6.35
    endloop
  endfacet
  facet normal -0.9832549075639545 0.18223552549214792 -9.594720803497164e-20
    outer loop
      vertex -12.935630735731944 2.0488026343237733 6.35
      vertex -12.81067685836056 2.7229934256788417 29.75
      vertex -12.81067685836056 2.7229934256788417 6.35
    endloop
  endfacet
  facet normal -0.9723699203976762 0.2334453638559071 3.2540177879571175e-19
    outer loop
      vertex -12.81067685836056 2.7229934256788417 6.35
      vertex -12.65060980617964 3.389720681327076 29.75
      vertex -12.65060980617964 3.389720681327076 6.35
    endloop
  endfacet
  facet normal -0.958819734868193 0.2840153447039226 4.860365361443252e-20
    outer loop
      vertex -12.65060980617964 3.389720681327076 6.35
      vertex -12.455868311853088 4.047156948204389 29.75
      vertex -12.455868311853088 4.047156948204389 6.35
    endloop
  endfacet
  facet normal -0.9426414910921788 0.33380685923377 -2.185963977825823e-19
    outer loop
      vertex -12.455868311853088 4.047156948204389 6.35
      vertex -12.226986148280538 4.6935002392011045 29.75
      vertex -12.226986148280538 4.6935002392011045 6.35
    endloop
  endfacet
  facet normal -0.9238795325112866 0.38268343236509 3.1267436378781824e-19
    outer loop
      vertex -12.226986148280538 4.6935002392011045 6.35
      vertex -11.964590665562937 5.326978972283371 29.75
      vertex -11.964590665562937 5.326978972283371 6.35
    endloop
  endfacet
  facet normal -0.9025852843498612 0.430511096808294 2.7291085338233953e-19
    outer loop
      vertex -11.964590665562937 5.326978972283371 6.35
      vertex -11.66940107147953 5.945856826276376 29.75
      vertex -11.66940107147953 5.945856826276376 6.35
    endloop
  endfacet
  facet normal -0.8788171126619642 0.4771587602596106 7.46728922407945e-20
    outer loop
      vertex -11.66940107147953 5.945856826276376 6.35
      vertex -11.342226460189318 6.5484374999999995 29.75
      vertex -11.342226460189318 6.5484374999999995 6.35
    endloop
  endfacet
  facet normal -0.852640164354093 0.5224985647159478 5.221837487846346e-19
    outer loop
      vertex -11.342226460189318 6.5484374999999995 6.35
      vertex -10.983963594560224 7.133069361712432 29.75
      vertex -10.983963594560224 7.133069361712432 6.35
    endloop
  endfacet
  facet normal -0.8241261886220164 0.5664062369248318 3.6521813654592084e-19
    outer loop
      vertex -10.983963594560224 7.133069361712432 6.35
      vertex -10.59559444820439 7.698149976117984 29.75
      vertex -10.59559444820439 7.698149976117984 6.35
    endloop
  endfacet
  facet normal -0.7933533402912353 0.6087614290087205 2.3897514386460186e-19
    outer loop
      vertex -10.59559444820439 7.698149976117984 6.35
      vertex -10.178183513956766 8.242130496530839 29.75
      vertex -10.178183513956766 8.242130496530839 6.35
    endloop
  endfacet
  facet normal -0.7604059656000314 0.6494480483301832 4.8662019469848445e-19
    outer loop
      vertex -10.178183513956766 8.242130496530839 6.35
      vertex -9.732874886174248 8.763519910156171 29.75
      vertex -9.732874886174248 8.763519910156171 6.35
    endloop
  endfacet
  facet normal 0 0 -1
    outer loop
      vertex -9.260889124852564 -9.260889124852564 0
      vertex -9.260889124852564 9.260889124852564 0
      vertex -8.763519910156171 9.732874886174248 0
    endloop
  endfacet
  facet normal 0 0 -1
    outer loop
      vertex -8.763519910156171 -9.732874886174248 0
      vertex -8.763519910156171 9.732874886174248 0
      vertex -8.242130496530839 10.178183513956766 0
    endloop
  endfacet
  facet normal 0 0 -1
    outer loop
      vertex -8.242130496530839 -10.178183513956766 0
      vertex -8.242130496530839 10.178183513956766 0
      vertex -7.698149976117984 10.59559444820439 0
    endloop
  endfacet
  facet normal 0 0 -1
    outer loop
      vertex -7.698149976117984 -10.59559444820439 0
      vertex -7.698149976117984 10.59559444820439 0
      vertex -7.133069361712432 10.983963594560224 0
    endloop
  endfacet
  facet normal 0 0 -1
    outer loop
      vertex -5.945856826276376 -11.66940107147953 0
      vertex -5.326978972283371 11.964590665562937 0
      vertex -5.5562499999999995 0 0
    endloop
  endfacet
  facet normal 0 0 -1
    outer loop
      vertex -7.133069361712432 -10.983963594560224 0
      vertex -7.133069361712432 10.983963594560224 0
      vertex -6.5484374999999995 11.342226460189318 0
    endloop
  endfacet
  facet normal 0 0 -1
    outer loop
      vertex -6.5484374999999995 -11.342226460189318 0
      vertex -6.5484374999999995 11.342226460189318 0
      vertex -5.945856826276376 11.66940107147953 0
    endloop
  endfacet
  facet normal 0 0 -1
    outer loop
      vertex -5.945856826276376 -11.66940107147953 0
      vertex -5.945856826276376 11.66940107147953 0
      vertex -5.326978972283371 11.964590665562937 0
    endloop
  endfacet
  facet normal 0 0 -1
    outer loop
      vertex -5.326978972283371 11.964590665562937 0
      vertex -5.5486353524801 0.29079165687485664 0
      vertex -5.5562499999999995 0 0
    endloop
  endfacet
  facet normal 0 0 -1
    outer loop
      vertex -5.326978972283371 11.964590665562937 0
      vertex -5.525812281139968 0.5807862740308996 0
      vertex -5.5486353524801 0.29079165687485664 0
    endloop
  endfacet
  facet normal 0 0 -1
    outer loop
      vertex -5.326978972283371 11.964590665562937 0
      vertex -5.487843342431733 0.8691889963797826 0
      vertex -5.525812281139968 0.5807862740308996 0
    endloop
  endfacet
  facet normal 0 0 -1
    outer loop
      vertex -5.326978972283371 11.964590665562937 0
      vertex -5.434832606577207 1.1552093321061752 0
      vertex -5.487843342431733 0.8691889963797826 0
    endloop
  endfacet
  facet normal 0 0 -1
    outer loop
      vertex -5.326978972283371 11.964590665562937 0
      vertex -5.366925372318636 1.4380633193508807 0
      vertex -5.434832606577207 1.1552093321061752 0
    endloop
  endfacet
  facet normal 0 0 -1
    outer loop
      vertex -5.326978972283371 11.964590665562937 0
      vertex -5.284307768664946 1.7169756749958014 0
      vertex -5.366925372318636 1.4380633193508807 0
    endloop
  endfacet
  facet normal 0 0 -1
    outer loop
      vertex -5.326978972283371 11.964590665562937 0
      vertex -5.187206244725076 1.9911819196610745 0
      vertex -5.284307768664946 1.7169756749958014 0
    endloop
  endfacet
  facet normal 0 0 -1
    outer loop
      vertex -5.326978972283371 11.964590665562937 0
      vertex -5.0758869490267005 2.2599304730899146 0
      vertex -5.187206244725076 1.9911819196610745 0
    endloop
  endfacet
  facet normal 0 0 -1
    outer loop
      vertex -5.326978972283371 11.964590665562937 0
      vertex -4.9506550000216185 2.522484714177857 0
      vertex -5.0758869490267005 2.2599304730899146 0
    endloop
  endfacet
  facet normal 0 0 -1
    outer loop
      vertex -4.6935002392011045 12.226986148280538 0
      vertex -4.811853649777286 2.7781249999999997 0
      vertex -4.9506550000216185 2.522484714177857 0
    endloop
  endfacet
  facet normal 0 0 -1
    outer loop
      vertex -5.326978972283371 11.964590665562937 0
      vertex -4.6935002392011045 12.226986148280538 0
      vertex -4.9506550000216185 2.522484714177857 0
    endloop
  endfacet
  facet normal 0 0 -1
    outer loop
      vertex -4.6935002392011045 12.226986148280538 0
      vertex -4.659863343146762 3.026150638302244 0
      vertex -4.811853649777286 2.7781249999999997 0
    endloop
  endfacet
  facet normal 0 0 -1
    outer loop
      vertex -4.6935002392011045 12.226986148280538 0
      vertex -4.495100674995801 3.2658818080500533 0
      vertex -4.659863343146762 3.026150638302244 0
    endloop
  endfacet
  facet normal 0 0 -1
    outer loop
      vertex -4.6935002392011045 12.226986148280538 0
      vertex -4.318017248345294 3.4966614227706585 0
      vertex -4.495100674995801 3.2658818080500533 0
    endloop
  endfacet
  facet normal 0 0 -1
    outer loop
      vertex -4.047156948204389 12.455868311853088 0
      vertex -4.129098436558771 3.7178569315814056 0
      vertex -4.318017248345294 3.4966614227706585 0
    endloop
  endfacet
  facet normal 0 0 -1
    outer loop
      vertex -4.047156948204389 12.455868311853088 0
      vertex -3.9288620529677547 3.9288620529677547 0
      vertex -4.129098436558771 3.7178569315814056 0
    endloop
  endfacet
  facet normal 0 0 -1
    outer loop
      vertex -4.047156948204389 12.455868311853088 0
      vertex -3.7178569315814056 4.129098436558771 0
      vertex -3.9288620529677547 3.9288620529677547 0
    endloop
  endfacet
  facet normal 0 0 -1
    outer loop
      vertex -3.389720681327076 12.65060980617964 0
      vertex -3.4966614227706585 4.318017248345294 0
      vertex -3.7178569315814056 4.129098436558771 0
    endloop
  endfacet
  facet normal 0 0 -1
    outer loop
      vertex -4.6935002392011045 12.226986148280538 0
      vertex -4.047156948204389 12.455868311853088 0
      vertex -4.318017248345294 3.4966614227706585 0
    endloop
  endfacet
  facet normal 0 0 -1
    outer loop
      vertex -3.389720681327076 12.65060980617964 0
      vertex -3.2658818080500533 4.495100674995801 0
      vertex -3.4966614227706585 4.318017248345294 0
    endloop
  endfacet
  facet normal 0 0 -1
    outer loop
      vertex -3.389720681327076 12.65060980617964 0
      vertex -3.026150638302244 4.659863343146762 0
      vertex -3.2658818080500533 4.495100674995801 0
    endloop
  endfacet
  facet normal 0 0 -1
    outer loop
      vertex -2.7229934256788417 12.81067685836056 0
      vertex -2.7781249999999997 4.811853649777286 0
      vertex -3.026150638302244 4.659863343146762 0
    endloop
  endfacet
  facet normal 0 0 -1
    outer loop
      vertex -2.7229934256788417 12.81067685836056 0
      vertex -2.522484714177857 4.9506550000216185 0
      vertex -2.7781249999999997 4.811853649777286 0
    endloop
  endfacet
  facet normal 0 0 -1
    outer loop
      vertex -2.7229934256788417 12.81067685836056 0
      vertex -2.2599304730899146 5.0758869490267005 0
      vertex -2.522484714177857 4.9506550000216185 0
    endloop
  endfacet
  facet normal 0 0 -1
    outer loop
      vertex -2.0488026343237733 12.935630735731944 0
      vertex -1.9911819196610745 5.187206244725076 0
      vertex -2.2599304730899146 5.0758869490267005 0
    endloop
  endfacet
  facet normal 0 0 -1
    outer loop
      vertex -2.0488026343237733 12.935630735731944 0
      vertex -1.7169756749958014 5.284307768664946 0
      vertex -1.9911819196610745 5.187206244725076 0
    endloop
  endfacet
  facet normal 0 0 -1
    outer loop
      vertex -1.368996217358549 13.025128948401353 0
      vertex -1.4380633193508807 5.366925372318636 0
      vertex -1.7169756749958014 5.284307768664946 0
    endloop
  endfacet
  facet normal 0 0 -1
    outer loop
      vertex -1.368996217358549 13.025128948401353 0
      vertex -1.1552093321061752 5.434832606577207 0
      vertex -1.4380633193508807 5.366925372318636 0
    endloop
  endfacet
  facet normal 0 0 -1
    outer loop
      vertex -0.685437476919305 13.078926187988808 0
      vertex -0.8691889963797826 5.487843342431733 0
      vertex -1.1552093321061752 5.434832606577207 0
    endloop
  endfacet
  facet normal 0 0 -1
    outer loop
      vertex -0.685437476919305 13.078926187988808 0
      vertex -0.5807862740308996 5.525812281139968 0
      vertex -0.8691889963797826 5.487843342431733 0
    endloop
  endfacet
  facet normal 0 0 -1
    outer loop
      vertex -0.685437476919305 13.078926187988808 0
      vertex -0.29079165687485664 5.5486353524801 0
      vertex -0.5807862740308996 5.525812281139968 0
    endloop
  endfacet
  facet normal 0 0 -1
    outer loop
      vertex 0 13.096874999999999 0
      vertex 0 5.5562499999999995 0
      vertex -0.29079165687485664 5.5486353524801 0
    endloop
  endfacet
  facet normal -0.7253743710122873 0.6883545756937544 2.039463281082099e-19
    outer loop
      vertex -9.732874886174248 8.763519910156171 6.35
      vertex -9.260889124852564 9.260889124852564 29.75
      vertex -9.260889124852564 9.260889124852564 6.35
    endloop
  endfacet
  facet normal 0 0 -1
    outer loop
      vertex -4.047156948204389 12.455868311853088 0
      vertex -3.389720681327076 12.65060980617964 0
      vertex -3.7178569315814056 4.129098436558771 0
    endloop
  endfacet
  facet normal 0 0 -1
    outer loop
      vertex -3.389720681327076 12.65060980617964 0
      vertex -2.7229934256788417 12.81067685836056 0
      vertex -3.026150638302244 4.659863343146762 0
    endloop
  endfacet
  facet normal 0 0 -1
    outer loop
      vertex -2.7229934256788417 12.81067685836056 0
      vertex -2.0488026343237733 12.935630735731944 0
      vertex -2.2599304730899146 5.0758869490267005 0
    endloop
  endfacet
  facet normal 0 0 -1
    outer loop
      vertex -2.0488026343237733 12.935630735731944 0
      vertex -1.368996217358549 13.025128948401353 0
      vertex -1.7169756749958014 5.284307768664946 0
    endloop
  endfacet
  facet normal 0 0 -1
    outer loop
      vertex -1.368996217358549 13.025128948401353 0
      vertex -0.685437476919305 13.078926187988808 0
      vertex -1.1552093321061752 5.434832606577207 0
    endloop
  endfacet
  facet normal 0 0 -1
    outer loop
      vertex -0.685437476919305 13.078926187988808 0
      vertex 0 13.096874999999999 0
      vertex -0.29079165687485664 5.5486353524801 0
    endloop
  endfacet
  facet normal -0.6883545756937544 0.7253743710122873 2.039463281082099e-19
    outer loop
      vertex -9.260889124852564 9.260889124852564 6.35
      vertex -8.763519910156171 9.732874886174248 29.75
      vertex -8.763519910156171 9.732874886174248 6.35
    endloop
  endfacet
  facet normal -0.6494480483301832 0.7604059656000314 4.8662019469848445e-19
    outer loop
      vertex -8.763519910156171 9.732874886174248 6.35
      vertex -8.242130496530839 10.178183513956766 29.75
      vertex -8.242130496530839 10.178183513956766 6.35
    endloop
  endfacet
  facet normal -0.6087614290087205 0.7933533402912353 2.3897514386460186e-19
    outer loop
      vertex -8.242130496530839 10.178183513956766 6.35
      vertex -7.698149976117984 10.59559444820439 29.75
      vertex -7.698149976117984 10.59559444820439 6.35
    endloop
  endfacet
  facet normal -0.5664062369248318 0.8241261886220164 3.6521813654592084e-19
    outer loop
      vertex -7.698149976117984 10.59559444820439 6.35
      vertex -7.133069361712432 10.983963594560224 29.75
      vertex -7.133069361712432 10.983963594560224 6.35
    endloop
  endfacet
  facet normal -0.5224985647159478 0.852640164354093 5.221837487846346e-19
    outer loop
      vertex -7.133069361712432 10.983963594560224 6.35
      vertex -6.5484374999999995 11.342226460189318 29.75
      vertex -6.5484374999999995 11.342226460189318 6.35
    endloop
  endfacet
  facet normal -0.4771587602596106 0.8788171126619642 7.46728922407945e-20
    outer loop
      vertex -6.5484374999999995 11.342226460189318 6.35
      vertex -5.945856826276376 11.66940107147953 29.75
      vertex -5.945856826276376 11.66940107147953 6.35
    endloop
  endfacet
  facet normal -0.430511096808294 0.9025852843498612 2.7291085338233953e-19
    outer loop
      vertex -5.945856826276376 11.66940107147953 6.35
      vertex -5.326978972283371 11.964590665562937 29.75
      vertex -5.326978972283371 11.964590665562937 6.35
    endloop
  endfacet
  facet normal -0.38268343236509 0.9238795325112866 3.1267436378781824e-19
    outer loop
      vertex -5.326978972283371 11.964590665562937 6.35
      vertex -4.6935002392011045 12.226986148280538 29.75
      vertex -4.6935002392011045 12.226986148280538 6.35
    endloop
  endfacet
  facet normal -0.33380685923377 0.9426414910921788 -2.185963977825823e-19
    outer loop
      vertex -4.6935002392011045 12.226986148280538 6.35
      vertex -4.047156948204389 12.455868311853088 29.75
      vertex -4.047156948204389 12.455868311853088 6.35
    endloop
  endfacet
  facet normal -0.2840153447039226 0.958819734868193 4.860365361443252e-20
    outer loop
      vertex -4.047156948204389 12.455868311853088 6.35
      vertex -3.389720681327076 12.65060980617964 29.75
      vertex -3.389720681327076 12.65060980617964 6.35
    endloop
  endfacet
  facet normal -0.2334453638559071 0.9723699203976762 3.2540177879571175e-19
    outer loop
      vertex -3.389720681327076 12.65060980617964 6.35
      vertex -2.7229934256788417 12.81067685836056 29.75
      vertex -2.7229934256788417 12.81067685836056 6.35
    endloop
  endfacet
  facet normal -0.18223552549214792 0.9832549075639545 -9.594720803497164e-20
    outer loop
      vertex -2.7229934256788417 12.81067685836056 6.35
      vertex -2.0488026343237733 12.935630735731944 29.75
      vertex -2.0488026343237733 12.935630735731944 6.35
    endloop
  endfacet
  facet normal -0.13052619222004838 0.9914448613738108 -1.7921482908442471e-19
    outer loop
      vertex -2.0488026343237733 12.935630735731944 6.35
      vertex -1.368996217358549 13.025128948401353 29.75
      vertex -1.368996217358549 13.025128948401353 6.35
    endloop
  endfacet
  facet normal -0.07845909572784528 0.9969173337331279 -6.376692550371942e-20
    outer loop
      vertex -1.368996217358549 13.025128948401353 6.35
      vertex -0.685437476919305 13.078926187988808 29.75
      vertex -0.685437476919305 13.078926187988808 6.35
    endloop
  endfacet
  facet normal -0.02617694830787454 0.9996573249755571 -1.0344417602508244e-20
    outer loop
      vertex -0.685437476919305 13.078926187988808 6.35
      vertex 0 13.096874999999999 29.75
      vertex 0 13.096874999999999 6.35
    endloop
  endfacet
  facet normal -0.9996573249755571 0.02617694830787454 0
    outer loop
      vertex -13.096874999999999 0 6.35
      vertex -13.096874999999999 0 29.75
      vertex -13.078926187988808 0.685437476919305 29.75
    endloop
  endfacet
  facet normal -0.9969173337331279 0.07845909572784528 0
    outer loop
      vertex -13.078926187988808 0.685437476919305 6.35
      vertex -13.078926187988808 0.685437476919305 29.75
      vertex -13.025128948401353 1.368996217358549 29.75
    endloop
  endfacet
  facet normal -0.9914448613738108 0.13052619222004838 0
    outer loop
      vertex -13.025128948401353 1.368996217358549 6.35
      vertex -13.025128948401353 1.368996217358549 29.75
      vertex -12.935630735731944 2.0488026343237733 29.75
    endloop
  endfacet
  facet normal -0.9832549075639545 0.18223552549214792 0
    outer loop
      vertex -12.935630735731944 2.0488026343237733 6.35
      vertex -12.935630735731944 2.0488026343237733 29.75
      vertex -12.81067685836056 2.7229934256788417 29.75
    endloop
  endfacet
  facet normal -0.9723699203976762 0.2334453638559071 0
    outer loop
      vertex -12.81067685836056 2.7229934256788417 6.35
      vertex -12.81067685836056 2.7229934256788417 29.75
      vertex -12.65060980617964 3.389720681327076 29.75
    endloop
  endfacet
  facet normal -0.958819734868193 0.2840153447039226 0
    outer loop
      vertex -12.65060980617964 3.389720681327076 6.35
      vertex -12.65060980617964 3.389720681327076 29.75
      vertex -12.455868311853088 4.047156948204389 29.75
    endloop
  endfacet
  facet normal -0.9426414910921788 0.33380685923377 0
    outer loop
      vertex -12.455868311853088 4.047156948204389 6.35
      vertex -12.455868311853088 4.047156948204389 29.75
      vertex -12.226986148280538 4.6935002392011045 29.75
    endloop
  endfacet
  facet normal -0.9238795325112866 0.38268343236509 0
    outer loop
      vertex -12.226986148280538 4.6935002392011045 6.35
      vertex -12.226986148280538 4.6935002392011045 29.75
      vertex -11.964590665562937 5.326978972283371 29.75
    endloop
  endfacet
  facet normal -0.9025852843498612 0.430511096808294 0
    outer loop
      vertex -11.964590665562937 5.326978972283371 6.35
      vertex -11.964590665562937 5.326978972283371 29.75
      vertex -11.66940107147953 5.945856826276376 29.75
    endloop
  endfacet
  facet normal -0.8788171126619642 0.4771587602596106 0
    outer loop
      vertex -11.66940107147953 5.945856826276376 6.35
      vertex -11.66940107147953 5.945856826276376 29.75
      vertex -11.342226460189318 6.5484374999999995 29.75
    endloop
  endfacet
  facet normal -0.852640164354093 0.5224985647159478 0
    outer loop
      vertex -11.342226460189318 6.5484374999999995 6.35
      vertex -11.342226460189318 6.5484374999999995 29.75
      vertex -10.983963594560224 7.133069361712432 29.75
    endloop
  endfacet
  facet normal -0.8241261886220164 0.5664062369248318 0
    outer loop
      vertex -10.983963594560224 7.133069361712432 6.35
      vertex -10.983963594560224 7.133069361712432 29.75
      vertex -10.59559444820439 7.698149976117984 29.75
    endloop
  endfacet
  facet normal -0.7933533402912353 0.6087614290087205 0
    outer loop
      vertex -10.59559444820439 7.698149976117984 6.35
      vertex -10.59559444820439 7.698149976117984 29.75
      vertex -10.178183513956766 8.242130496530839 29.75
    endloop
  endfacet
  facet normal -0.7604059656000314 0.6494480483301832 0
    outer loop
      vertex -10.178183513956766 8.242130496530839 6.35
      vertex -10.178183513956766 8.242130496530839 29.75
      vertex -9.732874886174248 8.763519910156171 29.75
    endloop
  endfacet
  facet normal -0.7253743710122873 0.6883545756937544 0
    outer loop
      vertex -9.732874886174248 8.763519910156171 6.35
      vertex -9.732874886174248 8.763519910156171 29.75
      vertex -9.260889124852564 9.260889124852564 29.75
    endloop
  endfacet
  facet normal 0 0 1
    outer loop
      vertex -11.081667118479661 -0.5807655644334173 31.75
      vertex -11.036085157664807 1.159939290823242 31.75
      vertex -11.096874999999999 0 31.75
    endloop
  endfacet
  facet normal 0 0 1
    outer loop
      vertex -11.096874999999999 0 31.75
      vertex -11.036085157664807 1.159939290823242 31.75
      vertex -11.081667118479661 0.5807655644334173 31.75
    endloop
  endfacet
  facet normal 0 0 1
    outer loop
      vertex -10.960254054541668 -1.7359337042433118 31.75
      vertex -10.960254054541668 1.7359337042433118 31.75
      vertex -11.036085157664807 1.159939290823242 31.75
    endloop
  endfacet
  facet normal 0 0 1
    outer loop
      vertex -10.718758153601504 -2.8720825911220347 31.75
      vertex -10.854381656892949 2.307170044043323 31.75
      vertex -10.960254054541668 1.7359337042433118 31.75
    endloop
  endfacet
  facet normal 0 0 1
    outer loop
      vertex -10.55375527926278 -3.429122959454494 31.75
      vertex -10.718758153601504 2.8720825911220347 31.75
      vertex -10.854381656892949 2.307170044043323 31.75
    endloop
  endfacet
  facet normal 0 0 1
    outer loop
      vertex -10.55375527926278 -3.429122959454494 31.75
      vertex -10.55375527926278 3.429122959454494 31.75
      vertex -10.718758153601504 2.8720825911220347 31.75
    endloop
  endfacet
  facet normal 0 0 1
    outer loop
      vertex -10.137499750277735 -4.51350568613177 31.75
      vertex -10.359825295286134 3.9767643401105035 31.75
      vertex -10.55375527926278 3.429122959454494 31.75
    endloop
  endfacet
  facet normal 0 0 1
    outer loop
      vertex -10.137499750277735 -4.51350568613177 31.75
      vertex -10.137499750277735 4.51350568613177 31.75
      vertex -10.359825295286134 3.9767643401105035 31.75
    endloop
  endfacet
  facet normal 0 0 1
    outer loop
      vertex -9.610175652620441 -5.5484374999999995 31.75
      vertex -9.887388023102794 5.037875826797283 31.75
      vertex -10.137499750277735 4.51350568613177 31.75
    endloop
  endfacet
  facet normal 0 0 1
    outer loop
      vertex -9.306622458669377 -6.043791291682378 31.75
      vertex -9.610175652620441 5.5484374999999995 31.75
      vertex -9.887388023102794 5.037875826797283 31.75
    endloop
  endfacet
  facet normal -0.6883545756937544 0.7253743710122873 0
    outer loop
      vertex -9.260889124852564 9.260889124852564 6.35
      vertex -9.260889124852564 9.260889124852564 29.75
      vertex -8.763519910156171 9.732874886174248 29.75
    endloop
  endfacet
  facet normal 0 0 1
    outer loop
      vertex -8.977560459454494 -6.522579471533037 31.75
      vertex -9.306622458669377 6.043791291682378 31.75
      vertex -9.610175652620441 5.5484374999999995 31.75
    endloop
  endfacet
  facet normal 0 0 1
    outer loop
      vertex -8.623891591042824 -6.983489714431164 31.75
      vertex -8.977560459454494 6.522579471533037 31.75
      vertex -9.306622458669377 6.043791291682378 31.75
    endloop
  endfacet
  facet normal 0 0 1
    outer loop
      vertex -8.246585235219458 -7.425258697438454 31.75
      vertex -8.623891591042824 6.983489714431164 31.75
      vertex -8.977560459454494 6.522579471533037 31.75
    endloop
  endfacet
  facet normal 0 0 1
    outer loop
      vertex -7.8466755624794695 -7.8466755624794695 31.75
      vertex -8.246585235219458 7.425258697438454 31.75
      vertex -8.623891591042824 6.983489714431164 31.75
    endloop
  endfacet
  facet normal 0 0 1
    outer loop
      vertex -7.425258697438454 -8.246585235219458 31.75
      vertex -7.8466755624794695 7.8466755624794695 31.75
      vertex -8.246585235219458 7.425258697438454 31.75
    endloop
  endfacet
  facet normal 0 0 1
    outer loop
      vertex -6.983489714431164 -8.623891591042824 31.75
      vertex -7.425258697438454 8.246585235219458 31.75
      vertex -7.8466755624794695 7.8466755624794695 31.75
    endloop
  endfacet
  facet normal 0 0 1
    outer loop
      vertex -6.522579471533037 -8.977560459454494 31.75
      vertex -6.983489714431164 8.623891591042824 31.75
      vertex -7.425258697438454 8.246585235219458 31.75
    endloop
  endfacet
  facet normal 0 0 1
    outer loop
      vertex -6.522579471533037 -8.977560459454494 31.75
      vertex -6.522579471533037 8.977560459454494 31.75
      vertex -6.983489714431164 8.623891591042824 31.75
    endloop
  endfacet
  facet normal 0 0 1
    outer loop
      vertex -5.5484374999999995 -9.610175652620441 31.75
      vertex -6.043791291682378 9.306622458669377 31.75
      vertex -6.522579471533037 8.977560459454494 31.75
    endloop
  endfacet
  facet normal 0 0 1
    outer loop
      vertex -6.043791291682378 9.306622458669377 31.75
      vertex -5.5486353524801 -0.29079165687485664 31.75
      vertex -5.5562499999999995 0 31.75
    endloop
  endfacet
  facet normal 0 0 1
    outer loop
      vertex -6.043791291682378 9.306622458669377 31.75
      vertex -5.5562499999999995 0 31.75
      vertex -5.5486353524801 0.29079165687485664 31.75
    endloop
  endfacet
  facet normal 0 0 1
    outer loop
      vertex -6.043791291682378 9.306622458669377 31.75
      vertex -5.5486353524801 0.29079165687485664 31.75
      vertex -5.525812281139968 0.5807862740308996 31.75
    endloop
  endfacet
  facet normal 0 0 1
    outer loop
      vertex -6.043791291682378 9.306622458669377 31.75
      vertex -5.525812281139968 0.5807862740308996 31.75
      vertex -5.487843342431733 0.8691889963797826 31.75
    endloop
  endfacet
  facet normal 0 0 1
    outer loop
      vertex -6.043791291682378 9.306622458669377 31.75
      vertex -5.487843342431733 0.8691889963797826 31.75
      vertex -5.434832606577207 1.1552093321061752 31.75
    endloop
  endfacet
  facet normal 0 0 1
    outer loop
      vertex -6.043791291682378 9.306622458669377 31.75
      vertex -5.434832606577207 1.1552093321061752 31.75
      vertex -5.366925372318636 1.4380633193508807 31.75
    endloop
  endfacet
  facet normal 0 0 1
    outer loop
      vertex -6.043791291682378 9.306622458669377 31.75
      vertex -5.366925372318636 1.4380633193508807 31.75
      vertex -5.284307768664946 1.7169756749958014 31.75
    endloop
  endfacet
  facet normal 0 0 1
    outer loop
      vertex -5.5484374999999995 9.610175652620441 31.75
      vertex -5.284307768664946 1.7169756749958014 31.75
      vertex -5.187206244725076 1.9911819196610745 31.75
    endloop
  endfacet
  facet normal 0 0 1
    outer loop
      vertex -5.5484374999999995 9.610175652620441 31.75
      vertex -5.187206244725076 1.9911819196610745 31.75
      vertex -5.0758869490267005 2.2599304730899146 31.75
    endloop
  endfacet
  facet normal 0 0 1
    outer loop
      vertex -5.5484374999999995 9.610175652620441 31.75
      vertex -5.0758869490267005 2.2599304730899146 31.75
      vertex -4.9506550000216185 2.522484714177857 31.75
    endloop
  endfacet
  facet normal 0 0 1
    outer loop
      vertex -5.5484374999999995 9.610175652620441 31.75
      vertex -4.9506550000216185 2.522484714177857 31.75
      vertex -4.811853649777286 2.7781249999999997 31.75
    endloop
  endfacet
  facet normal 0 0 1
    outer loop
      vertex -5.037875826797283 9.887388023102794 31.75
      vertex -4.811853649777286 2.7781249999999997 31.75
      vertex -4.659863343146762 3.026150638302244 31.75
    endloop
  endfacet
  facet normal 0 0 1
    outer loop
      vertex -6.043791291682378 9.306622458669377 31.75
      vertex -5.284307768664946 1.7169756749958014 31.75
      vertex -5.5484374999999995 9.610175652620441 31.75
    endloop
  endfacet
  facet normal 0 0 1
    outer loop
      vertex -5.5484374999999995 9.610175652620441 31.75
      vertex -4.811853649777286 2.7781249999999997 31.75
      vertex -5.037875826797283 9.887388023102794 31.75
    endloop
  endfacet
  facet normal 0 0 1
    outer loop
      vertex -5.037875826797283 9.887388023102794 31.75
      vertex -4.659863343146762 3.026150638302244 31.75
      vertex -4.495100674995801 3.2658818080500533 31.75
    endloop
  endfacet
  facet normal 0 0 1
    outer loop
      vertex -5.037875826797283 9.887388023102794 31.75
      vertex -4.495100674995801 3.2658818080500533 31.75
      vertex -4.318017248345294 3.4966614227706585 31.75
    endloop
  endfacet
  facet normal 0 0 1
    outer loop
      vertex -4.51350568613177 10.137499750277735 31.75
      vertex -4.318017248345294 3.4966614227706585 31.75
      vertex -4.129098436558771 3.7178569315814056 31.75
    endloop
  endfacet
  facet normal 0 0 1
    outer loop
      vertex -4.51350568613177 10.137499750277735 31.75
      vertex -4.129098436558771 3.7178569315814056 31.75
      vertex -3.9288620529677547 3.9288620529677547 31.75
    endloop
  endfacet
  facet normal 0 0 1
    outer loop
      vertex -4.51350568613177 10.137499750277735 31.75
      vertex -3.9288620529677547 3.9288620529677547 31.75
      vertex -3.7178569315814056 4.129098436558771 31.75
    endloop
  endfacet
  facet normal 0 0 1
    outer loop
      vertex -3.9767643401105035 10.359825295286134 31.75
      vertex -3.7178569315814056 4.129098436558771 31.75
      vertex -3.4966614227706585 4.318017248345294 31.75
    endloop
  endfacet
  facet normal 0 0 1
    outer loop
      vertex -3.9767643401105035 10.359825295286134 31.75
      vertex -3.4966614227706585 4.318017248345294 31.75
      vertex -3.2658818080500533 4.495100674995801 31.75
    endloop
  endfacet
  facet normal 0 0 1
    outer loop
      vertex -3.429122959454494 10.55375527926278 31.75
      vertex -3.2658818080500533 4.495100674995801 31.75
      vertex -3.026150638302244 4.659863343146762 31.75
    endloop
  endfacet
  facet normal 0 0 1
    outer loop
      vertex -3.429122959454494 10.55375527926278 31.75
      vertex -3.026150638302244 4.659863343146762 31.75
      vertex -2.7781249999999997 4.811853649777286 31.75
    endloop
  endfacet
  facet normal 0 0 1
    outer loop
      vertex -3.429122959454494 10.55375527926278 31.75
      vertex -2.7781249999999997 4.811853649777286 31.75
      vertex -2.522484714177857 4.9506550000216185 31.75
    endloop
  endfacet
  facet normal 0 0 1
    outer loop
      vertex -2.8720825911220347 10.718758153601504 31.75
      vertex -2.522484714177857 4.9506550000216185 31.75
      vertex -2.2599304730899146 5.0758869490267005 31.75
    endloop
  endfacet
  facet normal 0 0 1
    outer loop
      vertex -5.037875826797283 9.887388023102794 31.75
      vertex -4.318017248345294 3.4966614227706585 31.75
      vertex -4.51350568613177 10.137499750277735 31.75
    endloop
  endfacet
  facet normal 0 0 1
    outer loop
      vertex -4.51350568613177 10.137499750277735 31.75
      vertex -3.7178569315814056 4.129098436558771 31.75
      vertex -3.9767643401105035 10.359825295286134 31.75
    endloop
  endfacet
  facet normal 0 0 1
    outer loop
      vertex -3.9767643401105035 10.359825295286134 31.75
      vertex -3.2658818080500533 4.495100674995801 31.75
      vertex -3.429122959454494 10.55375527926278 31.75
    endloop
  endfacet
  facet normal 0 0 1
    outer loop
      vertex -3.429122959454494 10.55375527926278 31.75
      vertex -2.522484714177857 4.9506550000216185 31.75
      vertex -2.8720825911220347 10.718758153601504 31.75
    endloop
  endfacet
  facet normal 0 0 1
    outer loop
      vertex -2.8720825911220347 10.718758153601504 31.75
      vertex -1.9911819196610745 5.187206244725076 31.75
      vertex -2.307170044043323 10.854381656892949 31.75
    endloop
  endfacet
  facet normal 0 0 1
    outer loop
      vertex -2.8720825911220347 10.718758153601504 31.75
      vertex -2.2599304730899146 5.0758869490267005 31.75
      vertex -1.9911819196610745 5.187206244725076 31.75
    endloop
  endfacet
  facet normal 0 0 1
    outer loop
      vertex -2.307170044043323 10.854381656892949 31.75
      vertex -1.9911819196610745 5.187206244725076 31.75
      vertex -1.7169756749958014 5.284307768664946 31.75
    endloop
  endfacet
  facet normal 0 0 1
    outer loop
      vertex -2.307170044043323 10.854381656892949 31.75
      vertex -1.7169756749958014 5.284307768664946 31.75
      vertex -1.4380633193508807 5.366925372318636 31.75
    endloop
  endfacet
  facet normal 0 0 1
    outer loop
      vertex -1.7359337042433118 10.960254054541668 31.75
      vertex -1.4380633193508807 5.366925372318636 31.75
      vertex -1.1552093321061752 5.434832606577207 31.75
    endloop
  endfacet
  facet normal 0 0 1
    outer loop
      vertex -1.7359337042433118 10.960254054541668 31.75
      vertex -1.1552093321061752 5.434832606577207 31.75
      vertex -0.8691889963797826 5.487843342431733 31.75
    endloop
  endfacet
  facet normal 0 0 1
    outer loop
      vertex -2.307170044043323 10.854381656892949 31.75
      vertex -1.4380633193508807 5.366925372318636 31.75
      vertex -1.7359337042433118 10.960254054541668 31.75
    endloop
  endfacet
  facet normal 0 0 1
    outer loop
      vertex -1.7359337042433118 10.960254054541668 31.75
      vertex -0.8691889963797826 5.487843342431733 31.75
      vertex -1.159939290823242 11.036085157664807 31.75
    endloop
  endfacet
  facet normal 0 0 1
    outer loop
      vertex -1.159939290823242 11.036085157664807 31.75
      vertex -0.8691889963797826 5.487843342431733 31.75
      vertex -0.5807862740308996 5.525812281139968 31.75
    endloop
  endfacet
  facet normal 0 0 1
    outer loop
      vertex -1.159939290823242 11.036085157664807 31.75
      vertex -0.5807862740308996 5.525812281139968 31.75
      vertex -0.29079165687485664 5.5486353524801 31.75
    endloop
  endfacet
  facet normal 0 0 1
    outer loop
      vertex -0.5807655644334173 11.081667118479661 31.75
      vertex -0.29079165687485664 5.5486353524801 31.75
      vertex 0 5.5562499999999995 31.75
    endloop
  endfacet
  facet normal 0 0 1
    outer loop
      vertex -1.159939290823242 11.036085157664807 31.75
      vertex -0.29079165687485664 5.5486353524801 31.75
      vertex -0.5807655644334173 11.081667118479661 31.75
    endloop
  endfacet
  facet normal 0 0 1
    outer loop
      vertex -0.5807655644334173 11.081667118479661 31.75
      vertex 0 5.5562499999999995 31.75
      vertex 0 11.096874999999999 31.75
    endloop
  endfacet
  facet normal -0.6494480483301832 0.7604059656000314 0
    outer loop
      vertex -8.763519910156171 9.732874886174248 6.35
      vertex -8.763519910156171 9.732874886174248 29.75
      vertex -8.242130496530839 10.178183513956766 29.75
    endloop
  endfacet
  facet normal -0.6087614290087205 0.7933533402912353 0
    outer loop
      vertex -8.242130496530839 10.178183513956766 6.35
      vertex -8.242130496530839 10.178183513956766 29.75
      vertex -7.698149976117984 10.59559444820439 29.75
    endloop
  endfacet
  facet normal -0.5664062369248318 0.8241261886220164 0
    outer loop
      vertex -7.698149976117984 10.59559444820439 6.35
      vertex -7.698149976117984 10.59559444820439 29.75
      vertex -7.133069361712432 10.983963594560224 29.75
    endloop
  endfacet
  facet normal -0.5224985647159478 0.852640164354093 0
    outer loop
      vertex -7.133069361712432 10.983963594560224 6.35
      vertex -7.133069361712432 10.983963594560224 29.75
      vertex -6.5484374999999995 11.342226460189318 29.75
    endloop
  endfacet
  facet normal -0.4771587602596106 0.8788171126619642 0
    outer loop
      vertex -6.5484374999999995 11.342226460189318 6.35
      vertex -6.5484374999999995 11.342226460189318 29.75
      vertex -5.945856826276376 11.66940107147953 29.75
    endloop
  endfacet
  facet normal -0.430511096808294 0.9025852843498612 0
    outer loop
      vertex -5.945856826276376 11.66940107147953 6.35
      vertex -5.945856826276376 11.66940107147953 29.75
      vertex -5.326978972283371 11.964590665562937 29.75
    endloop
  endfacet
  facet normal -0.38268343236509 0.9238795325112866 0
    outer loop
      vertex -5.326978972283371 11.964590665562937 6.35
      vertex -5.326978972283371 11.964590665562937 29.75
      vertex -4.6935002392011045 12.226986148280538 29.75
    endloop
  endfacet
  facet normal -0.33380685923377 0.9426414910921788 0
    outer loop
      vertex -4.6935002392011045 12.226986148280538 6.35
      vertex -4.6935002392011045 12.226986148280538 29.75
      vertex -4.047156948204389 12.455868311853088 29.75
    endloop
  endfacet
  facet normal -0.2840153447039226 0.958819734868193 0
    outer loop
      vertex -4.047156948204389 12.455868311853088 6.35
      vertex -4.047156948204389 12.455868311853088 29.75
      vertex -3.389720681327076 12.65060980617964 29.75
    endloop
  endfacet
  facet normal -0.2334453638559071 0.9723699203976762 0
    outer loop
      vertex -3.389720681327076 12.65060980617964 6.35
      vertex -3.389720681327076 12.65060980617964 29.75
      vertex -2.7229934256788417 12.81067685836056 29.75
    endloop
  endfacet
  facet normal -0.18223552549214792 0.9832549075639545 0
    outer loop
      vertex -2.7229934256788417 12.81067685836056 6.35
      vertex -2.7229934256788417 12.81067685836056 29.75
      vertex -2.0488026343237733 12.935630735731944 29.75
    endloop
  endfacet
  facet normal -0.13052619222004838 0.9914448613738108 0
    outer loop
      vertex -2.0488026343237733 12.935630735731944 6.35
      vertex -2.0488026343237733 12.935630735731944 29.75
      vertex -1.368996217358549 13.025128948401353 29.75
    endloop
  endfacet
  facet normal -0.07845909572784528 0.9969173337331279 0
    outer loop
      vertex -1.368996217358549 13.025128948401353 6.35
      vertex -1.368996217358549 13.025128948401353 29.75
      vertex -0.685437476919305 13.078926187988808 29.75
    endloop
  endfacet
  facet normal -0.02617694830787454 0.9996573249755571 0
    outer loop
      vertex -0.685437476919305 13.078926187988808 6.35
      vertex -0.685437476919305 13.078926187988808 29.75
      vertex 0 13.096874999999999 29.75
    endloop
  endfacet
  facet normal 0 0 -1
    outer loop
      vertex 0 -13.096874999999999 0
      vertex 0.29079165687485664 -5.5486353524801 0
      vertex 0.685437476919305 -13.078926187988808 0
    endloop
  endfacet
  facet normal 0 0 -1
    outer loop
      vertex 0.685437476919305 -13.078926187988808 0
      vertex 1.1552093321061752 -5.434832606577207 0
      vertex 1.368996217358549 -13.025128948401353 0
    endloop
  endfacet
  facet normal 0 0 -1
    outer loop
      vertex 1.368996217358549 -13.025128948401353 0
      vertex 1.7169756749958014 -5.284307768664946 0
      vertex 2.0488026343237733 -12.935630735731944 0
    endloop
  endfacet
  facet normal 0 0 -1
    outer loop
      vertex 2.0488026343237733 -12.935630735731944 0
      vertex 2.2599304730899146 -5.0758869490267005 0
      vertex 2.7229934256788417 -12.81067685836056 0
    endloop
  endfacet
  facet normal 0 0 -1
    outer loop
      vertex 2.7229934256788417 -12.81067685836056 0
      vertex 3.026150638302244 -4.659863343146762 0
      vertex 3.389720681327076 -12.65060980617964 0
    endloop
  endfacet
  facet normal 0 0 -1
    outer loop
      vertex 3.389720681327076 -12.65060980617964 0
      vertex 3.7178569315814056 -4.129098436558771 0
      vertex 4.047156948204389 -12.455868311853088 0
    endloop
  endfacet
  facet normal 0.02617694830787454 -0.9996573249755571 0
    outer loop
      vertex 0 -13.096874999999999 6.35
      vertex 0.685437476919305 -13.078926187988808 6.35
      vertex 0 -13.096874999999999 29.75
    endloop
  endfacet
  facet normal 0.07845909572784528 -0.9969173337331279 0
    outer loop
      vertex 0.685437476919305 -13.078926187988808 6.35
      vertex 1.368996217358549 -13.025128948401353 6.35
      vertex 0.685437476919305 -13.078926187988808 29.75
    endloop
  endfacet
  facet normal 0.13052619222004838 -0.9914448613738108 0
    outer loop
      vertex 1.368996217358549 -13.025128948401353 6.35
      vertex 2.0488026343237733 -12.935630735731944 6.35
      vertex 1.368996217358549 -13.025128948401353 29.75
    endloop
  endfacet
  facet normal 0.18223552549214792 -0.9832549075639545 0
    outer loop
      vertex 2.0488026343237733 -12.935630735731944 6.35
      vertex 2.7229934256788417 -12.81067685836056 6.35
      vertex 2.0488026343237733 -12.935630735731944 29.75
    endloop
  endfacet
  facet normal 0.2334453638559071 -0.9723699203976762 0
    outer loop
      vertex 2.7229934256788417 -12.81067685836056 6.35
      vertex 3.389720681327076 -12.65060980617964 6.35
      vertex 2.7229934256788417 -12.81067685836056 29.75
    endloop
  endfacet
  facet normal 0.2840153447039226 -0.958819734868193 0
    outer loop
      vertex 3.389720681327076 -12.65060980617964 6.35
      vertex 4.047156948204389 -12.455868311853088 6.35
      vertex 3.389720681327076 -12.65060980617964 29.75
    endloop
  endfacet
  facet normal 0.33380685923377 -0.9426414910921788 0
    outer loop
      vertex 4.047156948204389 -12.455868311853088 6.35
      vertex 4.6935002392011045 -12.226986148280538 6.35
      vertex 4.047156948204389 -12.455868311853088 29.75
    endloop
  endfacet
  facet normal 0.38268343236509 -0.9238795325112866 0
    outer loop
      vertex 4.6935002392011045 -12.226986148280538 6.35
      vertex 5.326978972283371 -11.964590665562937 6.35
      vertex 4.6935002392011045 -12.226986148280538 29.75
    endloop
  endfacet
  facet normal 0.430511096808294 -0.9025852843498612 0
    outer loop
      vertex 5.326978972283371 -11.964590665562937 6.35
      vertex 5.945856826276376 -11.66940107147953 6.35
      vertex 5.326978972283371 -11.964590665562937 29.75
    endloop
  endfacet
  facet normal 0.4771587602596106 -0.8788171126619642 0
    outer loop
      vertex 5.945856826276376 -11.66940107147953 6.35
      vertex 6.5484374999999995 -11.342226460189318 6.35
      vertex 5.945856826276376 -11.66940107147953 29.75
    endloop
  endfacet
  facet normal 0.5224985647159478 -0.852640164354093 0
    outer loop
      vertex 6.5484374999999995 -11.342226460189318 6.35
      vertex 7.133069361712432 -10.983963594560224 6.35
      vertex 6.5484374999999995 -11.342226460189318 29.75
    endloop
  endfacet
  facet normal 0.5664062369248318 -0.8241261886220164 0
    outer loop
      vertex 7.133069361712432 -10.983963594560224 6.35
      vertex 7.698149976117984 -10.59559444820439 6.35
      vertex 7.133069361712432 -10.983963594560224 29.75
    endloop
  endfacet
  facet normal 0.6087614290087205 -0.7933533402912353 0
    outer loop
      vertex 7.698149976117984 -10.59559444820439 6.35
      vertex 8.242130496530839 -10.178183513956766 6.35
      vertex 7.698149976117984 -10.59559444820439 29.75
    endloop
  endfacet
  facet normal 0.6494480483301832 -0.7604059656000314 0
    outer loop
      vertex 8.242130496530839 -10.178183513956766 6.35
      vertex 8.763519910156171 -9.732874886174248 6.35
      vertex 8.242130496530839 -10.178183513956766 29.75
    endloop
  endfacet
  facet normal 0.6883545756937544 -0.7253743710122873 0
    outer loop
      vertex 8.763519910156171 -9.732874886174248 6.35
      vertex 9.260889124852564 -9.260889124852564 6.35
      vertex 8.763519910156171 -9.732874886174248 29.75
    endloop
  endfacet
  facet normal 0 0 -1
    outer loop
      vertex 0 -13.096874999999999 0
      vertex 0 -5.5562499999999995 0
      vertex 0.29079165687485664 -5.5486353524801 0
    endloop
  endfacet
  facet normal 0 0 -1
    outer loop
      vertex 0.685437476919305 -13.078926187988808 0
      vertex 0.29079165687485664 -5.5486353524801 0
      vertex 0.5807862740308996 -5.525812281139968 0
    endloop
  endfacet
  facet normal 0 0 -1
    outer loop
      vertex 0.685437476919305 -13.078926187988808 0
      vertex 0.5807862740308996 -5.525812281139968 0
      vertex 0.8691889963797826 -5.487843342431733 0
    endloop
  endfacet
  facet normal 0 0 -1
    outer loop
      vertex 0.685437476919305 -13.078926187988808 0
      vertex 0.8691889963797826 -5.487843342431733 0
      vertex 1.1552093321061752 -5.434832606577207 0
    endloop
  endfacet
  facet normal 0 0 -1
    outer loop
      vertex 1.368996217358549 -13.025128948401353 0
      vertex 1.1552093321061752 -5.434832606577207 0
      vertex 1.4380633193508807 -5.366925372318636 0
    endloop
  endfacet
  facet normal 0 0 -1
    outer loop
      vertex 1.368996217358549 -13.025128948401353 0
      vertex 1.4380633193508807 -5.366925372318636 0
      vertex 1.7169756749958014 -5.284307768664946 0
    endloop
  endfacet
  facet normal 0 0 -1
    outer loop
      vertex 2.0488026343237733 -12.935630735731944 0
      vertex 1.7169756749958014 -5.284307768664946 0
      vertex 1.9911819196610745 -5.187206244725076 0
    endloop
  endfacet
  facet normal 0 0 -1
    outer loop
      vertex 2.0488026343237733 -12.935630735731944 0
      vertex 1.9911819196610745 -5.187206244725076 0
      vertex 2.2599304730899146 -5.0758869490267005 0
    endloop
  endfacet
  facet normal 0 0 -1
    outer loop
      vertex 2.7229934256788417 -12.81067685836056 0
      vertex 2.2599304730899146 -5.0758869490267005 0
      vertex 2.522484714177857 -4.9506550000216185 0
    endloop
  endfacet
  facet normal 0 0 -1
    outer loop
      vertex 2.7229934256788417 -12.81067685836056 0
      vertex 2.522484714177857 -4.9506550000216185 0
      vertex 2.7781249999999997 -4.811853649777286 0
    endloop
  endfacet
  facet normal 0 0 -1
    outer loop
      vertex 2.7229934256788417 -12.81067685836056 0
      vertex 2.7781249999999997 -4.811853649777286 0
      vertex 3.026150638302244 -4.659863343146762 0
    endloop
  endfacet
  facet normal 0 0 -1
    outer loop
      vertex 3.389720681327076 -12.65060980617964 0
      vertex 3.026150638302244 -4.659863343146762 0
      vertex 3.2658818080500533 -4.495100674995801 0
    endloop
  endfacet
  facet normal 0 0 -1
    outer loop
      vertex 3.389720681327076 -12.65060980617964 0
      vertex 3.2658818080500533 -4.495100674995801 0
      vertex 3.4966614227706585 -4.318017248345294 0
    endloop
  endfacet
  facet normal 0 0 -1
    outer loop
      vertex 4.047156948204389 -12.455868311853088 0
      vertex 4.318017248345294 -3.4966614227706585 0
      vertex 4.6935002392011045 -12.226986148280538 0
    endloop
  endfacet
  facet normal 0 0 -1
    outer loop
      vertex 3.389720681327076 -12.65060980617964 0
      vertex 3.4966614227706585 -4.318017248345294 0
      vertex 3.7178569315814056 -4.129098436558771 0
    endloop
  endfacet
  facet normal 0 0 -1
    outer loop
      vertex 4.047156948204389 -12.455868311853088 0
      vertex 3.7178569315814056 -4.129098436558771 0
      vertex 3.9288620529677547 -3.9288620529677547 0
    endloop
  endfacet
  facet normal 0 0 -1
    outer loop
      vertex 4.047156948204389 -12.455868311853088 0
      vertex 3.9288620529677547 -3.9288620529677547 0
      vertex 4.129098436558771 -3.7178569315814056 0
    endloop
  endfacet
  facet normal 0 0 -1
    outer loop
      vertex 4.047156948204389 -12.455868311853088 0
      vertex 4.129098436558771 -3.7178569315814056 0
      vertex 4.318017248345294 -3.4966614227706585 0
    endloop
  endfacet
  facet normal 0 0 -1
    outer loop
      vertex 4.6935002392011045 -12.226986148280538 0
      vertex 4.318017248345294 -3.4966614227706585 0
      vertex 4.495100674995801 -3.2658818080500533 0
    endloop
  endfacet
  facet normal 0 0 -1
    outer loop
      vertex 4.6935002392011045 -12.226986148280538 0
      vertex 4.495100674995801 -3.2658818080500533 0
      vertex 4.659863343146762 -3.026150638302244 0
    endloop
  endfacet
  facet normal 0 0 -1
    outer loop
      vertex 4.6935002392011045 -12.226986148280538 0
      vertex 4.659863343146762 -3.026150638302244 0
      vertex 4.811853649777286 -2.7781249999999997 0
    endloop
  endfacet
  facet normal 0 0 -1
    outer loop
      vertex 4.6935002392011045 -12.226986148280538 0
      vertex 4.9506550000216185 -2.522484714177857 0
      vertex 5.326978972283371 -11.964590665562937 0
    endloop
  endfacet
  facet normal 0 0 -1
    outer loop
      vertex 4.6935002392011045 -12.226986148280538 0
      vertex 4.811853649777286 -2.7781249999999997 0
      vertex 4.9506550000216185 -2.522484714177857 0
    endloop
  endfacet
  facet normal 0 0 -1
    outer loop
      vertex 5.326978972283371 -11.964590665562937 0
      vertex 4.9506550000216185 -2.522484714177857 0
      vertex 5.0758869490267005 -2.2599304730899146 0
    endloop
  endfacet
  facet normal 0 0 -1
    outer loop
      vertex 5.326978972283371 -11.964590665562937 0
      vertex 5.0758869490267005 -2.2599304730899146 0
      vertex 5.187206244725076 -1.9911819196610745 0
    endloop
  endfacet
  facet normal 0 0 -1
    outer loop
      vertex 5.326978972283371 -11.964590665562937 0
      vertex 5.187206244725076 -1.9911819196610745 0
      vertex 5.284307768664946 -1.7169756749958014 0
    endloop
  endfacet
  facet normal 0 0 -1
    outer loop
      vertex 5.326978972283371 -11.964590665562937 0
      vertex 5.284307768664946 -1.7169756749958014 0
      vertex 5.366925372318636 -1.4380633193508807 0
    endloop
  endfacet
  facet normal 0 0 -1
    outer loop
      vertex 5.326978972283371 -11.964590665562937 0
      vertex 5.366925372318636 -1.4380633193508807 0
      vertex 5.434832606577207 -1.1552093321061752 0
    endloop
  endfacet
  facet normal 0 0 -1
    outer loop
      vertex 5.326978972283371 -11.964590665562937 0
      vertex 5.434832606577207 -1.1552093321061752 0
      vertex 5.487843342431733 -0.8691889963797826 0
    endloop
  endfacet
  facet normal 0 0 -1
    outer loop
      vertex 5.326978972283371 -11.964590665562937 0
      vertex 5.487843342431733 -0.8691889963797826 0
      vertex 5.525812281139968 -0.5807862740308996 0
    endloop
  endfacet
  facet normal 0 0 -1
    outer loop
      vertex 5.326978972283371 -11.964590665562937 0
      vertex 5.525812281139968 -0.5807862740308996 0
      vertex 5.5486353524801 -0.29079165687485664 0
    endloop
  endfacet
  facet normal 0 0 -1
    outer loop
      vertex 5.326978972283371 -11.964590665562937 0
      vertex 5.5486353524801 -0.29079165687485664 0
      vertex 5.5562499999999995 0 0
    endloop
  endfacet
  facet normal 0 0 -1
    outer loop
      vertex 5.326978972283371 -11.964590665562937 0
      vertex 5.945856826276376 11.66940107147953 0
      vertex 5.945856826276376 -11.66940107147953 0
    endloop
  endfacet
  facet normal 0 0 -1
    outer loop
      vertex 5.945856826276376 -11.66940107147953 0
      vertex 6.5484374999999995 11.342226460189318 0
      vertex 6.5484374999999995 -11.342226460189318 0
    endloop
  endfacet
  facet normal 0 0 -1
    outer loop
      vertex 6.5484374999999995 -11.342226460189318 0
      vertex 7.133069361712432 10.983963594560224 0
      vertex 7.133069361712432 -10.983963594560224 0
    endloop
  endfacet
  facet normal 0 0 -1
    outer loop
      vertex 5.326978972283371 -11.964590665562937 0
      vertex 5.5562499999999995 0 0
      vertex 5.945856826276376 11.66940107147953 0
    endloop
  endfacet
  facet normal 0 0 -1
    outer loop
      vertex 7.133069361712432 -10.983963594560224 0
      vertex 7.698149976117984 10.59559444820439 0
      vertex 7.698149976117984 -10.59559444820439 0
    endloop
  endfacet
  facet normal 0 0 -1
    outer loop
      vertex 7.698149976117984 -10.59559444820439 0
      vertex 8.242130496530839 10.178183513956766 0
      vertex 8.242130496530839 -10.178183513956766 0
    endloop
  endfacet
  facet normal 0 0 -1
    outer loop
      vertex 8.242130496530839 -10.178183513956766 0
      vertex 8.763519910156171 9.732874886174248 0
      vertex 8.763519910156171 -9.732874886174248 0
    endloop
  endfacet
  facet normal 0 0 -1
    outer loop
      vertex 8.763519910156171 -9.732874886174248 0
      vertex 9.260889124852564 9.260889124852564 0
      vertex 9.260889124852564 -9.260889124852564 0
    endloop
  endfacet
  facet normal 0.7253743710122873 -0.6883545756937544 0
    outer loop
      vertex 9.260889124852564 -9.260889124852564 6.35
      vertex 9.732874886174248 -8.763519910156171 6.35
      vertex 9.260889124852564 -9.260889124852564 29.75
    endloop
  endfacet
  facet normal 0 0 -1
    outer loop
      vertex 9.260889124852564 -9.260889124852564 0
      vertex 9.732874886174248 8.763519910156171 0
      vertex 9.732874886174248 -8.763519910156171 0
    endloop
  endfacet
  facet normal 0 0 -1
    outer loop
      vertex 9.732874886174248 -8.763519910156171 0
      vertex 10.178183513956766 8.242130496530839 0
      vertex 10.178183513956766 -8.242130496530839 0
    endloop
  endfacet
  facet normal 0 0 -1
    outer loop
      vertex 10.178183513956766 -8.242130496530839 0
      vertex 10.59559444820439 7.698149976117984 0
      vertex 10.59559444820439 -7.698149976117984 0
    endloop
  endfacet
  facet normal 0 0 -1
    outer loop
      vertex 10.59559444820439 -7.698149976117984 0
      vertex 10.983963594560224 7.133069361712432 0
      vertex 10.983963594560224 -7.133069361712432 0
    endloop
  endfacet
  facet normal 0 0 -1
    outer loop
      vertex 10.983963594560224 -7.133069361712432 0
      vertex 11.342226460189318 6.5484374999999995 0
      vertex 11.342226460189318 -6.5484374999999995 0
    endloop
  endfacet
  facet normal 0 0 -1
    outer loop
      vertex 11.342226460189318 -6.5484374999999995 0
      vertex 11.66940107147953 5.945856826276376 0
      vertex 11.66940107147953 -5.945856826276376 0
    endloop
  endfacet
  facet normal 0 0 -1
    outer loop
      vertex 11.66940107147953 -5.945856826276376 0
      vertex 11.964590665562937 5.326978972283371 0
      vertex 11.964590665562937 -5.326978972283371 0
    endloop
  endfacet
  facet normal 0 0 -1
    outer loop
      vertex 11.964590665562937 -5.326978972283371 0
      vertex 12.226986148280538 4.6935002392011045 0
      vertex 12.226986148280538 -4.6935002392011045 0
    endloop
  endfacet
  facet normal 0 0 -1
    outer loop
      vertex 12.226986148280538 -4.6935002392011045 0
      vertex 12.455868311853088 4.047156948204389 0
      vertex 12.455868311853088 -4.047156948204389 0
    endloop
  endfacet
  facet normal 0 0 -1
    outer loop
      vertex 12.455868311853088 -4.047156948204389 0
      vertex 12.65060980617964 3.389720681327076 0
      vertex 12.65060980617964 -3.389720681327076 0
    endloop
  endfacet
  facet normal 0 0 -1
    outer loop
      vertex 12.65060980617964 -3.389720681327076 0
      vertex 12.81067685836056 2.7229934256788417 0
      vertex 12.81067685836056 -2.7229934256788417 0
    endloop
  endfacet
  facet normal 0 0 -1
    outer loop
      vertex 12.81067685836056 -2.7229934256788417 0
      vertex 12.935630735731944 2.0488026343237733 0
      vertex 12.935630735731944 -2.0488026343237733 0
    endloop
  endfacet
  facet normal 0 0 -1
    outer loop
      vertex 12.935630735731944 -2.0488026343237733 0
      vertex 13.025128948401353 1.368996217358549 0
      vertex 13.025128948401353 -1.368996217358549 0
    endloop
  endfacet
  facet normal 0 0 -1
    outer loop
      vertex 13.025128948401353 -1.368996217358549 0
      vertex 13.078926187988808 0.685437476919305 0
      vertex 13.078926187988808 -0.685437476919305 0
    endloop
  endfacet
  facet normal 0.7604059656000314 -0.6494480483301832 0
    outer loop
      vertex 9.732874886174248 -8.763519910156171 6.35
      vertex 10.178183513956766 -8.242130496530839 6.35
      vertex 9.732874886174248 -8.763519910156171 29.75
    endloop
  endfacet
  facet normal 0.7933533402912353 -0.6087614290087205 0
    outer loop
      vertex 10.178183513956766 -8.242130496530839 6.35
      vertex 10.59559444820439 -7.698149976117984 6.35
      vertex 10.178183513956766 -8.242130496530839 29.75
    endloop
  endfacet
  facet normal 0.8241261886220164 -0.5664062369248318 0
    outer loop
      vertex 10.59559444820439 -7.698149976117984 6.35
      vertex 10.983963594560224 -7.133069361712432 6.35
      vertex 10.59559444820439 -7.698149976117984 29.75
    endloop
  endfacet
  facet normal 0.852640164354093 -0.5224985647159478 0
    outer loop
      vertex 10.983963594560224 -7.133069361712432 6.35
      vertex 11.342226460189318 -6.5484374999999995 6.35
      vertex 10.983963594560224 -7.133069361712432 29.75
    endloop
  endfacet
  facet normal 0.8788171126619642 -0.4771587602596106 0
    outer loop
      vertex 11.342226460189318 -6.5484374999999995 6.35
      vertex 11.66940107147953 -5.945856826276376 6.35
      vertex 11.342226460189318 -6.5484374999999995 29.75
    endloop
  endfacet
  facet normal 0.9025852843498612 -0.430511096808294 0
    outer loop
      vertex 11.66940107147953 -5.945856826276376 6.35
      vertex 11.964590665562937 -5.326978972283371 6.35
      vertex 11.66940107147953 -5.945856826276376 29.75
    endloop
  endfacet
  facet normal 0.9238795325112866 -0.38268343236509 0
    outer loop
      vertex 11.964590665562937 -5.326978972283371 6.35
      vertex 12.226986148280538 -4.6935002392011045 6.35
      vertex 11.964590665562937 -5.326978972283371 29.75
    endloop
  endfacet
  facet normal 0.9426414910921788 -0.33380685923377 0
    outer loop
      vertex 12.226986148280538 -4.6935002392011045 6.35
      vertex 12.455868311853088 -4.047156948204389 6.35
      vertex 12.226986148280538 -4.6935002392011045 29.75
    endloop
  endfacet
  facet normal 0.958819734868193 -0.2840153447039226 0
    outer loop
      vertex 12.455868311853088 -4.047156948204389 6.35
      vertex 12.65060980617964 -3.389720681327076 6.35
      vertex 12.455868311853088 -4.047156948204389 29.75
    endloop
  endfacet
  facet normal 0.9723699203976762 -0.2334453638559071 0
    outer loop
      vertex 12.65060980617964 -3.389720681327076 6.35
      vertex 12.81067685836056 -2.7229934256788417 6.35
      vertex 12.65060980617964 -3.389720681327076 29.75
    endloop
  endfacet
  facet normal 0.9832549075639545 -0.18223552549214792 0
    outer loop
      vertex 12.81067685836056 -2.7229934256788417 6.35
      vertex 12.935630735731944 -2.0488026343237733 6.35
      vertex 12.81067685836056 -2.7229934256788417 29.75
    endloop
  endfacet
  facet normal 0.9914448613738108 -0.13052619222004838 0
    outer loop
      vertex 12.935630735731944 -2.0488026343237733 6.35
      vertex 13.025128948401353 -1.368996217358549 6.35
      vertex 12.935630735731944 -2.0488026343237733 29.75
    endloop
  endfacet
  facet normal 0.9969173337331279 -0.07845909572784528 0
    outer loop
      vertex 13.025128948401353 -1.368996217358549 6.35
      vertex 13.078926187988808 -0.685437476919305 6.35
      vertex 13.025128948401353 -1.368996217358549 29.75
    endloop
  endfacet
  facet normal 0.9996573249755571 -0.02617694830787454 0
    outer loop
      vertex 13.078926187988808 -0.685437476919305 6.35
      vertex 13.096874999999999 0 6.35
      vertex 13.078926187988808 -0.685437476919305 29.75
    endloop
  endfacet
  facet normal 0.02617694830787454 -0.9996573249755571 0
    outer loop
      vertex 0.685437476919305 -13.078926187988808 6.35
      vertex 0.685437476919305 -13.078926187988808 29.75
      vertex 0 -13.096874999999999 29.75
    endloop
  endfacet
  facet normal 0.07845909572784528 -0.9969173337331279 0
    outer loop
      vertex 1.368996217358549 -13.025128948401353 6.35
      vertex 1.368996217358549 -13.025128948401353 29.75
      vertex 0.685437476919305 -13.078926187988808 29.75
    endloop
  endfacet
  facet normal 0.13052619222004838 -0.9914448613738108 0
    outer loop
      vertex 2.0488026343237733 -12.935630735731944 6.35
      vertex 2.0488026343237733 -12.935630735731944 29.75
      vertex 1.368996217358549 -13.025128948401353 29.75
    endloop
  endfacet
  facet normal 0.18223552549214792 -0.9832549075639545 0
    outer loop
      vertex 2.7229934256788417 -12.81067685836056 6.35
      vertex 2.7229934256788417 -12.81067685836056 29.75
      vertex 2.0488026343237733 -12.935630735731944 29.75
    endloop
  endfacet
  facet normal 0.2334453638559071 -0.9723699203976762 0
    outer loop
      vertex 3.389720681327076 -12.65060980617964 6.35
      vertex 3.389720681327076 -12.65060980617964 29.75
      vertex 2.7229934256788417 -12.81067685836056 29.75
    endloop
  endfacet
  facet normal 0.2840153447039226 -0.958819734868193 0
    outer loop
      vertex 4.047156948204389 -12.455868311853088 6.35
      vertex 4.047156948204389 -12.455868311853088 29.75
      vertex 3.389720681327076 -12.65060980617964 29.75
    endloop
  endfacet
  facet normal 0.33380685923377 -0.9426414910921788 0
    outer loop
      vertex 4.6935002392011045 -12.226986148280538 6.35
      vertex 4.6935002392011045 -12.226986148280538 29.75
      vertex 4.047156948204389 -12.455868311853088 29.75
    endloop
  endfacet
  facet normal 0.38268343236509 -0.9238795325112866 0
    outer loop
      vertex 5.326978972283371 -11.964590665562937 6.35
      vertex 5.326978972283371 -11.964590665562937 29.75
      vertex 4.6935002392011045 -12.226986148280538 29.75
    endloop
  endfacet
  facet normal 0.430511096808294 -0.9025852843498612 0
    outer loop
      vertex 5.945856826276376 -11.66940107147953 6.35
      vertex 5.945856826276376 -11.66940107147953 29.75
      vertex 5.326978972283371 -11.964590665562937 29.75
    endloop
  endfacet
  facet normal 0.4771587602596106 -0.8788171126619642 0
    outer loop
      vertex 6.5484374999999995 -11.342226460189318 6.35
      vertex 6.5484374999999995 -11.342226460189318 29.75
      vertex 5.945856826276376 -11.66940107147953 29.75
    endloop
  endfacet
  facet normal 0.5224985647159478 -0.852640164354093 0
    outer loop
      vertex 7.133069361712432 -10.983963594560224 6.35
      vertex 7.133069361712432 -10.983963594560224 29.75
      vertex 6.5484374999999995 -11.342226460189318 29.75
    endloop
  endfacet
  facet normal 0.5664062369248318 -0.8241261886220164 0
    outer loop
      vertex 7.698149976117984 -10.59559444820439 6.35
      vertex 7.698149976117984 -10.59559444820439 29.75
      vertex 7.133069361712432 -10.983963594560224 29.75
    endloop
  endfacet
  facet normal 0.6087614290087205 -0.7933533402912353 0
    outer loop
      vertex 8.242130496530839 -10.178183513956766 6.35
      vertex 8.242130496530839 -10.178183513956766 29.75
      vertex 7.698149976117984 -10.59559444820439 29.75
    endloop
  endfacet
  facet normal 0.6494480483301832 -0.7604059656000314 0
    outer loop
      vertex 8.763519910156171 -9.732874886174248 6.35
      vertex 8.763519910156171 -9.732874886174248 29.75
      vertex 8.242130496530839 -10.178183513956766 29.75
    endloop
  endfacet
  facet normal 0.6883545756937544 -0.7253743710122873 0
    outer loop
      vertex 9.260889124852564 -9.260889124852564 6.35
      vertex 9.260889124852564 -9.260889124852564 29.75
      vertex 8.763519910156171 -9.732874886174248 29.75
    endloop
  endfacet
  facet normal 0 0 1
    outer loop
      vertex 0 -11.096874999999999 31.75
      vertex 0.5807655644334173 -11.081667118479661 31.75
      vertex 0 -5.5562499999999995 31.75
    endloop
  endfacet
  facet normal 0 0 1
    outer loop
      vertex 0.5807655644334173 -11.081667118479661 31.75
      vertex 1.159939290823242 -11.036085157664807 31.75
      vertex 0.29079165687485664 -5.5486353524801 31.75
    endloop
  endfacet
  facet normal 0 0 1
    outer loop
      vertex 0.5807655644334173 -11.081667118479661 31.75
      vertex 0.29079165687485664 -5.5486353524801 31.75
      vertex 0 -5.5562499999999995 31.75
    endloop
  endfacet
  facet normal 0 0 1
    outer loop
      vertex 1.159939290823242 -11.036085157664807 31.75
      vertex 0.5807862740308996 -5.525812281139968 31.75
      vertex 0.29079165687485664 -5.5486353524801 31.75
    endloop
  endfacet
  facet normal 0 0 1
    outer loop
      vertex 1.159939290823242 -11.036085157664807 31.75
      vertex 0.8691889963797826 -5.487843342431733 31.75
      vertex 0.5807862740308996 -5.525812281139968 31.75
    endloop
  endfacet
  facet normal 0 0 1
    outer loop
      vertex 1.159939290823242 -11.036085157664807 31.75
      vertex 1.7359337042433118 -10.960254054541668 31.75
      vertex 0.8691889963797826 -5.487843342431733 31.75
    endloop
  endfacet
  facet normal 0 0 1
    outer loop
      vertex 1.7359337042433118 -10.960254054541668 31.75
      vertex 2.307170044043323 -10.854381656892949 31.75
      vertex 1.4380633193508807 -5.366925372318636 31.75
    endloop
  endfacet
  facet normal 0 0 1
    outer loop
      vertex 1.7359337042433118 -10.960254054541668 31.75
      vertex 1.1552093321061752 -5.434832606577207 31.75
      vertex 0.8691889963797826 -5.487843342431733 31.75
    endloop
  endfacet
  facet normal 0 0 1
    outer loop
      vertex 1.7359337042433118 -10.960254054541668 31.75
      vertex 1.4380633193508807 -5.366925372318636 31.75
      vertex 1.1552093321061752 -5.434832606577207 31.75
    endloop
  endfacet
  facet normal 0 0 1
    outer loop
      vertex 2.307170044043323 -10.854381656892949 31.75
      vertex 1.7169756749958014 -5.284307768664946 31.75
      vertex 1.4380633193508807 -5.366925372318636 31.75
    endloop
  endfacet
  facet normal 0 0 1
    outer loop
      vertex 2.307170044043323 -10.854381656892949 31.75
      vertex 1.9911819196610745 -5.187206244725076 31.75
      vertex 1.7169756749958014 -5.284307768664946 31.75
    endloop
  endfacet
  facet normal 0 0 1
    outer loop
      vertex 2.8720825911220347 -10.718758153601504 31.75
      vertex 2.2599304730899146 -5.0758869490267005 31.75
      vertex 1.9911819196610745 -5.187206244725076 31.75
    endloop
  endfacet
  facet normal 0 0 1
    outer loop
      vertex 2.307170044043323 -10.854381656892949 31.75
      vertex 2.8720825911220347 -10.718758153601504 31.75
      vertex 1.9911819196610745 -5.187206244725076 31.75
    endloop
  endfacet
  facet normal 0 0 1
    outer loop
      vertex 2.8720825911220347 -10.718758153601504 31.75
      vertex 3.429122959454494 -10.55375527926278 31.75
      vertex 2.522484714177857 -4.9506550000216185 31.75
    endloop
  endfacet
  facet normal 0 0 1
    outer loop
      vertex 3.429122959454494 -10.55375527926278 31.75
      vertex 3.9767643401105035 -10.359825295286134 31.75
      vertex 3.2658818080500533 -4.495100674995801 31.75
    endloop
  endfacet
  facet normal 0 0 1
    outer loop
      vertex 3.9767643401105035 -10.359825295286134 31.75
      vertex 4.51350568613177 -10.137499750277735 31.75
      vertex 3.7178569315814056 -4.129098436558771 31.75
    endloop
  endfacet
  facet normal 0 0 1
    outer loop
      vertex 4.51350568613177 -10.137499750277735 31.75
      vertex 5.037875826797283 -9.887388023102794 31.75
      vertex 4.318017248345294 -3.4966614227706585 31.75
    endloop
  endfacet
  facet normal 0 0 1
    outer loop
      vertex 2.8720825911220347 -10.718758153601504 31.75
      vertex 2.522484714177857 -4.9506550000216185 31.75
      vertex 2.2599304730899146 -5.0758869490267005 31.75
    endloop
  endfacet
  facet normal 0 0 1
    outer loop
      vertex 3.429122959454494 -10.55375527926278 31.75
      vertex 2.7781249999999997 -4.811853649777286 31.75
      vertex 2.522484714177857 -4.9506550000216185 31.75
    endloop
  endfacet
  facet normal 0 0 1
    outer loop
      vertex 3.429122959454494 -10.55375527926278 31.75
      vertex 3.026150638302244 -4.659863343146762 31.75
      vertex 2.7781249999999997 -4.811853649777286 31.75
    endloop
  endfacet
  facet normal 0 0 1
    outer loop
      vertex 3.429122959454494 -10.55375527926278 31.75
      vertex 3.2658818080500533 -4.495100674995801 31.75
      vertex 3.026150638302244 -4.659863343146762 31.75
    endloop
  endfacet
  facet normal 0 0 1
    outer loop
      vertex 3.9767643401105035 -10.359825295286134 31.75
      vertex 3.4966614227706585 -4.318017248345294 31.75
      vertex 3.2658818080500533 -4.495100674995801 31.75
    endloop
  endfacet
  facet normal 0 0 1
    outer loop
      vertex 3.9767643401105035 -10.359825295286134 31.75
      vertex 3.7178569315814056 -4.129098436558771 31.75
      vertex 3.4966614227706585 -4.318017248345294 31.75
    endloop
  endfacet
  facet normal 0 0 1
    outer loop
      vertex 4.51350568613177 -10.137499750277735 31.75
      vertex 3.9288620529677547 -3.9288620529677547 31.75
      vertex 3.7178569315814056 -4.129098436558771 31.75
    endloop
  endfacet
  facet normal 0 0 1
    outer loop
      vertex 4.51350568613177 -10.137499750277735 31.75
      vertex 4.129098436558771 -3.7178569315814056 31.75
      vertex 3.9288620529677547 -3.9288620529677547 31.75
    endloop
  endfacet
  facet normal 0 0 1
    outer loop
      vertex 4.51350568613177 -10.137499750277735 31.75
      vertex 4.318017248345294 -3.4966614227706585 31.75
      vertex 4.129098436558771 -3.7178569315814056 31.75
    endloop
  endfacet
  facet normal 0 0 1
    outer loop
      vertex 5.037875826797283 -9.887388023102794 31.75
      vertex 4.495100674995801 -3.2658818080500533 31.75
      vertex 4.318017248345294 -3.4966614227706585 31.75
    endloop
  endfacet
  facet normal 0 0 1
    outer loop
      vertex 5.037875826797283 -9.887388023102794 31.75
      vertex 4.659863343146762 -3.026150638302244 31.75
      vertex 4.495100674995801 -3.2658818080500533 31.75
    endloop
  endfacet
  facet normal 0 0 1
    outer loop
      vertex 5.037875826797283 -9.887388023102794 31.75
      vertex 5.5484374999999995 -9.610175652620441 31.75
      vertex 4.811853649777286 -2.7781249999999997 31.75
    endloop
  endfacet
  facet normal 0 0 1
    outer loop
      vertex 5.5484374999999995 -9.610175652620441 31.75
      vertex 6.043791291682378 -9.306622458669377 31.75
      vertex 5.284307768664946 -1.7169756749958014 31.75
    endloop
  endfacet
  facet normal 0 0 1
    outer loop
      vertex 5.037875826797283 -9.887388023102794 31.75
      vertex 4.811853649777286 -2.7781249999999997 31.75
      vertex 4.659863343146762 -3.026150638302244 31.75
    endloop
  endfacet
  facet normal 0 0 1
    outer loop
      vertex 5.5484374999999995 -9.610175652620441 31.75
      vertex 4.9506550000216185 -2.522484714177857 31.75
      vertex 4.811853649777286 -2.7781249999999997 31.75
    endloop
  endfacet
  facet normal 0 0 1
    outer loop
      vertex 5.5484374999999995 -9.610175652620441 31.75
      vertex 5.0758869490267005 -2.2599304730899146 31.75
      vertex 4.9506550000216185 -2.522484714177857 31.75
    endloop
  endfacet
  facet normal 0 0 1
    outer loop
      vertex 5.5484374999999995 -9.610175652620441 31.75
      vertex 5.187206244725076 -1.9911819196610745 31.75
      vertex 5.0758869490267005 -2.2599304730899146 31.75
    endloop
  endfacet
  facet normal 0 0 1
    outer loop
      vertex 5.5484374999999995 -9.610175652620441 31.75
      vertex 5.284307768664946 -1.7169756749958014 31.75
      vertex 5.187206244725076 -1.9911819196610745 31.75
    endloop
  endfacet
  facet normal 0 0 1
    outer loop
      vertex 6.043791291682378 -9.306622458669377 31.75
      vertex 5.366925372318636 -1.4380633193508807 31.75
      vertex 5.284307768664946 -1.7169756749958014 31.75
    endloop
  endfacet
  facet normal 0 0 1
    outer loop
      vertex 6.043791291682378 -9.306622458669377 31.75
      vertex 5.434832606577207 -1.1552093321061752 31.75
      vertex 5.366925372318636 -1.4380633193508807 31.75
    endloop
  endfacet
  facet normal 0 0 1
    outer loop
      vertex 6.043791291682378 -9.306622458669377 31.75
      vertex 5.487843342431733 -0.8691889963797826 31.75
      vertex 5.434832606577207 -1.1552093321061752 31.75
    endloop
  endfacet
  facet normal 0 0 1
    outer loop
      vertex 6.043791291682378 -9.306622458669377 31.75
      vertex 5.525812281139968 -0.5807862740308996 31.75
      vertex 5.487843342431733 -0.8691889963797826 31.75
    endloop
  endfacet
  facet normal 0 0 1
    outer loop
      vertex 6.043791291682378 -9.306622458669377 31.75
      vertex 5.5486353524801 -0.29079165687485664 31.75
      vertex 5.525812281139968 -0.5807862740308996 31.75
    endloop
  endfacet
  facet normal 0 0 1
    outer loop
      vertex 6.043791291682378 -9.306622458669377 31.75
      vertex 5.5562499999999995 0 31.75
      vertex 5.5486353524801 -0.29079165687485664 31.75
    endloop
  endfacet
  facet normal 0 0 1
    outer loop
      vertex 6.043791291682378 -9.306622458669377 31.75
      vertex 5.5486353524801 0.29079165687485664 31.75
      vertex 5.5562499999999995 0 31.75
    endloop
  endfacet
  facet normal 0 0 1
    outer loop
      vertex 6.043791291682378 -9.306622458669377 31.75
      vertex 6.522579471533037 -8.977560459454494 31.75
      vertex 5.5484374999999995 9.610175652620441 31.75
    endloop
  endfacet
  facet normal 0 0 1
    outer loop
      vertex 6.522579471533037 -8.977560459454494 31.75
      vertex 6.983489714431164 -8.623891591042824 31.75
      vertex 6.522579471533037 8.977560459454494 31.75
    endloop
  endfacet
  facet normal 0 0 1
    outer loop
      vertex 6.983489714431164 -8.623891591042824 31.75
      vertex 7.425258697438454 -8.246585235219458 31.75
      vertex 6.522579471533037 8.977560459454494 31.75
    endloop
  endfacet
  facet normal 0 0 1
    outer loop
      vertex 7.425258697438454 -8.246585235219458 31.75
      vertex 7.8466755624794695 -7.8466755624794695 31.75
      vertex 6.983489714431164 8.623891591042824 31.75
    endloop
  endfacet
  facet normal 0 0 1
    outer loop
      vertex 7.8466755624794695 -7.8466755624794695 31.75
      vertex 8.246585235219458 -7.425258697438454 31.75
      vertex 7.425258697438454 8.246585235219458 31.75
    endloop
  endfacet
  facet normal 0 0 1
    outer loop
      vertex 8.246585235219458 -7.425258697438454 31.75
      vertex 8.623891591042824 -6.983489714431164 31.75
      vertex 7.8466755624794695 7.8466755624794695 31.75
    endloop
  endfacet
  facet normal 0 0 1
    outer loop
      vertex 8.623891591042824 -6.983489714431164 31.75
      vertex 8.977560459454494 -6.522579471533037 31.75
      vertex 8.246585235219458 7.425258697438454 31.75
    endloop
  endfacet
  facet normal 0 0 1
    outer loop
      vertex 8.977560459454494 -6.522579471533037 31.75
      vertex 9.306622458669377 -6.043791291682378 31.75
      vertex 8.623891591042824 6.983489714431164 31.75
    endloop
  endfacet
  facet normal 0 0 1
    outer loop
      vertex 9.306622458669377 -6.043791291682378 31.75
      vertex 9.610175652620441 -5.5484374999999995 31.75
      vertex 8.977560459454494 6.522579471533037 31.75
    endloop
  endfacet
  facet normal 0.7253743710122873 -0.6883545756937544 0
    outer loop
      vertex 9.732874886174248 -8.763519910156171 6.35
      vertex 9.732874886174248 -8.763519910156171 29.75
      vertex 9.260889124852564 -9.260889124852564 29.75
    endloop
  endfacet
  facet normal 0.7604059656000314 -0.6494480483301832 0
    outer loop
      vertex 10.178183513956766 -8.242130496530839 6.35
      vertex 10.178183513956766 -8.242130496530839 29.75
      vertex 9.732874886174248 -8.763519910156171 29.75
    endloop
  endfacet
  facet normal 0.7933533402912353 -0.6087614290087205 0
    outer loop
      vertex 10.59559444820439 -7.698149976117984 6.35
      vertex 10.59559444820439 -7.698149976117984 29.75
      vertex 10.178183513956766 -8.242130496530839 29.75
    endloop
  endfacet
  facet normal 0.8241261886220164 -0.5664062369248318 0
    outer loop
      vertex 10.983963594560224 -7.133069361712432 6.35
      vertex 10.983963594560224 -7.133069361712432 29.75
      vertex 10.59559444820439 -7.698149976117984 29.75
    endloop
  endfacet
  facet normal 0.852640164354093 -0.5224985647159478 0
    outer loop
      vertex 11.342226460189318 -6.5484374999999995 6.35
      vertex 11.342226460189318 -6.5484374999999995 29.75
      vertex 10.983963594560224 -7.133069361712432 29.75
    endloop
  endfacet
  facet normal 0.8788171126619642 -0.4771587602596106 0
    outer loop
      vertex 11.66940107147953 -5.945856826276376 6.35
      vertex 11.66940107147953 -5.945856826276376 29.75
      vertex 11.342226460189318 -6.5484374999999995 29.75
    endloop
  endfacet
  facet normal 0.9025852843498612 -0.430511096808294 0
    outer loop
      vertex 11.964590665562937 -5.326978972283371 6.35
      vertex 11.964590665562937 -5.326978972283371 29.75
      vertex 11.66940107147953 -5.945856826276376 29.75
    endloop
  endfacet
  facet normal 0.9238795325112866 -0.38268343236509 0
    outer loop
      vertex 12.226986148280538 -4.6935002392011045 6.35
      vertex 12.226986148280538 -4.6935002392011045 29.75
      vertex 11.964590665562937 -5.326978972283371 29.75
    endloop
  endfacet
  facet normal 0.9426414910921788 -0.33380685923377 0
    outer loop
      vertex 12.455868311853088 -4.047156948204389 6.35
      vertex 12.455868311853088 -4.047156948204389 29.75
      vertex 12.226986148280538 -4.6935002392011045 29.75
    endloop
  endfacet
  facet normal 0.958819734868193 -0.2840153447039226 0
    outer loop
      vertex 12.65060980617964 -3.389720681327076 6.35
      vertex 12.65060980617964 -3.389720681327076 29.75
      vertex 12.455868311853088 -4.047156948204389 29.75
    endloop
  endfacet
  facet normal 0.9723699203976762 -0.2334453638559071 0
    outer loop
      vertex 12.81067685836056 -2.7229934256788417 6.35
      vertex 12.81067685836056 -2.7229934256788417 29.75
      vertex 12.65060980617964 -3.389720681327076 29.75
    endloop
  endfacet
  facet normal 0.9832549075639545 -0.18223552549214792 0
    outer loop
      vertex 12.935630735731944 -2.0488026343237733 6.35
      vertex 12.935630735731944 -2.0488026343237733 29.75
      vertex 12.81067685836056 -2.7229934256788417 29.75
    endloop
  endfacet
  facet normal 0.9914448613738108 -0.13052619222004838 0
    outer loop
      vertex 13.025128948401353 -1.368996217358549 6.35
      vertex 13.025128948401353 -1.368996217358549 29.75
      vertex 12.935630735731944 -2.0488026343237733 29.75
    endloop
  endfacet
  facet normal 0.9969173337331279 -0.07845909572784528 0
    outer loop
      vertex 13.078926187988808 -0.685437476919305 6.35
      vertex 13.078926187988808 -0.685437476919305 29.75
      vertex 13.025128948401353 -1.368996217358549 29.75
    endloop
  endfacet
  facet normal 0.9996573249755571 -0.02617694830787454 -1.0344417602508244e-20
    outer loop
      vertex 13.078926187988808 -0.685437476919305 29.75
      vertex 13.096874999999999 0 6.35
      vertex 13.096874999999999 0 29.75
    endloop
  endfacet
  facet normal 0 0 1
    outer loop
      vertex 9.610175652620441 -5.5484374999999995 31.75
      vertex 9.887388023102794 -5.037875826797283 31.75
      vertex 9.306622458669377 6.043791291682378 31.75
    endloop
  endfacet
  facet normal 0 0 1
    outer loop
      vertex 9.887388023102794 -5.037875826797283 31.75
      vertex 10.137499750277735 -4.51350568613177 31.75
      vertex 9.610175652620441 5.5484374999999995 31.75
    endloop
  endfacet
  facet normal 0 0 1
    outer loop
      vertex 10.137499750277735 -4.51350568613177 31.75
      vertex 10.359825295286134 -3.9767643401105035 31.75
      vertex 10.137499750277735 4.51350568613177 31.75
    endloop
  endfacet
  facet normal 0 0 1
    outer loop
      vertex 10.359825295286134 -3.9767643401105035 31.75
      vertex 10.55375527926278 -3.429122959454494 31.75
      vertex 10.137499750277735 4.51350568613177 31.75
    endloop
  endfacet
  facet normal 0 0 1
    outer loop
      vertex 10.55375527926278 -3.429122959454494 31.75
      vertex 10.718758153601504 -2.8720825911220347 31.75
      vertex 10.55375527926278 3.429122959454494 31.75
    endloop
  endfacet
  facet normal 0 0 1
    outer loop
      vertex 10.718758153601504 -2.8720825911220347 31.75
      vertex 10.854381656892949 -2.307170044043323 31.75
      vertex 10.55375527926278 3.429122959454494 31.75
    endloop
  endfacet
  facet normal 0 0 1
    outer loop
      vertex 10.854381656892949 -2.307170044043323 31.75
      vertex 10.960254054541668 -1.7359337042433118 31.75
      vertex 10.718758153601504 2.8720825911220347 31.75
    endloop
  endfacet
  facet normal 0 0 1
    outer loop
      vertex 10.960254054541668 -1.7359337042433118 31.75
      vertex 11.036085157664807 -1.159939290823242 31.75
      vertex 10.960254054541668 1.7359337042433118 31.75
    endloop
  endfacet
  facet normal 0 0 1
    outer loop
      vertex 11.036085157664807 -1.159939290823242 31.75
      vertex 11.081667118479661 -0.5807655644334173 31.75
      vertex 11.096874999999999 0 31.75
    endloop
  endfacet
  facet normal 0 0 1
    outer loop
      vertex 11.036085157664807 -1.159939290823242 31.75
      vertex 11.096874999999999 0 31.75
      vertex 11.081667118479661 0.5807655644334173 31.75
    endloop
  endfacet
  facet normal 0 0 -1
    outer loop
      vertex 0.685437476919305 13.078926187988808 0
      vertex 0.29079165687485664 5.5486353524801 0
      vertex 0 5.5562499999999995 0
    endloop
  endfacet
  facet normal 0 0 -1
    outer loop
      vertex 0.685437476919305 13.078926187988808 0
      vertex 0.5807862740308996 5.525812281139968 0
      vertex 0.29079165687485664 5.5486353524801 0
    endloop
  endfacet
  facet normal 0 0 -1
    outer loop
      vertex 1.368996217358549 13.025128948401353 0
      vertex 0.8691889963797826 5.487843342431733 0
      vertex 0.5807862740308996 5.525812281139968 0
    endloop
  endfacet
  facet normal 0 0 -1
    outer loop
      vertex 1.368996217358549 13.025128948401353 0
      vertex 1.1552093321061752 5.434832606577207 0
      vertex 0.8691889963797826 5.487843342431733 0
    endloop
  endfacet
  facet normal 0 0 -1
    outer loop
      vertex 2.0488026343237733 12.935630735731944 0
      vertex 1.4380633193508807 5.366925372318636 0
      vertex 1.1552093321061752 5.434832606577207 0
    endloop
  endfacet
  facet normal 0 0 -1
    outer loop
      vertex 2.0488026343237733 12.935630735731944 0
      vertex 1.7169756749958014 5.284307768664946 0
      vertex 1.4380633193508807 5.366925372318636 0
    endloop
  endfacet
  facet normal 0 0 -1
    outer loop
      vertex 2.7229934256788417 12.81067685836056 0
      vertex 2.2599304730899146 5.0758869490267005 0
      vertex 1.9911819196610745 5.187206244725076 0
    endloop
  endfacet
  facet normal 0 0 -1
    outer loop
      vertex 2.0488026343237733 12.935630735731944 0
      vertex 1.9911819196610745 5.187206244725076 0
      vertex 1.7169756749958014 5.284307768664946 0
    endloop
  endfacet
  facet normal 0 0 -1
    outer loop
      vertex 4.047156948204389 12.455868311853088 0
      vertex 3.4966614227706585 4.318017248345294 0
      vertex 3.2658818080500533 4.495100674995801 0
    endloop
  endfacet
  facet normal 0 0 -1
    outer loop
      vertex 4.047156948204389 12.455868311853088 0
      vertex 3.7178569315814056 4.129098436558771 0
      vertex 3.4966614227706585 4.318017248345294 0
    endloop
  endfacet
  facet normal 0 0 -1
    outer loop
      vertex 4.047156948204389 12.455868311853088 0
      vertex 3.9288620529677547 3.9288620529677547 0
      vertex 3.7178569315814056 4.129098436558771 0
    endloop
  endfacet
  facet normal 0 0 -1
    outer loop
      vertex 4.6935002392011045 12.226986148280538 0
      vertex 4.318017248345294 3.4966614227706585 0
      vertex 4.129098436558771 3.7178569315814056 0
    endloop
  endfacet
  facet normal 0 0 -1
    outer loop
      vertex 4.6935002392011045 12.226986148280538 0
      vertex 4.659863343146762 3.026150638302244 0
      vertex 4.495100674995801 3.2658818080500533 0
    endloop
  endfacet
  facet normal 0 0 -1
    outer loop
      vertex 4.6935002392011045 12.226986148280538 0
      vertex 4.495100674995801 3.2658818080500533 0
      vertex 4.318017248345294 3.4966614227706585 0
    endloop
  endfacet
  facet normal 0 0 -1
    outer loop
      vertex 4.6935002392011045 12.226986148280538 0
      vertex 4.129098436558771 3.7178569315814056 0
      vertex 3.9288620529677547 3.9288620529677547 0
    endloop
  endfacet
  facet normal 0 0 -1
    outer loop
      vertex 2.7229934256788417 12.81067685836056 0
      vertex 2.522484714177857 4.9506550000216185 0
      vertex 2.2599304730899146 5.0758869490267005 0
    endloop
  endfacet
  facet normal 0 0 -1
    outer loop
      vertex 3.389720681327076 12.65060980617964 0
      vertex 2.7781249999999997 4.811853649777286 0
      vertex 2.522484714177857 4.9506550000216185 0
    endloop
  endfacet
  facet normal 0 0 -1
    outer loop
      vertex 3.389720681327076 12.65060980617964 0
      vertex 3.026150638302244 4.659863343146762 0
      vertex 2.7781249999999997 4.811853649777286 0
    endloop
  endfacet
  facet normal 0 0 -1
    outer loop
      vertex 3.389720681327076 12.65060980617964 0
      vertex 3.2658818080500533 4.495100674995801 0
      vertex 3.026150638302244 4.659863343146762 0
    endloop
  endfacet
  facet normal 0 0 -1
    outer loop
      vertex 5.945856826276376 11.66940107147953 0
      vertex 5.5562499999999995 0 0
      vertex 5.5486353524801 0.29079165687485664 0
    endloop
  endfacet
  facet normal 0 0 -1
    outer loop
      vertex 5.945856826276376 11.66940107147953 0
      vertex 5.525812281139968 0.5807862740308996 0
      vertex 5.487843342431733 0.8691889963797826 0
    endloop
  endfacet
  facet normal 0 0 -1
    outer loop
      vertex 5.945856826276376 11.66940107147953 0
      vertex 5.487843342431733 0.8691889963797826 0
      vertex 5.434832606577207 1.1552093321061752 0
    endloop
  endfacet
  facet normal 0 0 -1
    outer loop
      vertex 5.945856826276376 11.66940107147953 0
      vertex 5.434832606577207 1.1552093321061752 0
      vertex 5.366925372318636 1.4380633193508807 0
    endloop
  endfacet
  facet normal 0 0 -1
    outer loop
      vertex 5.945856826276376 11.66940107147953 0
      vertex 5.5486353524801 0.29079165687485664 0
      vertex 5.525812281139968 0.5807862740308996 0
    endloop
  endfacet
  facet normal 0 0 -1
    outer loop
      vertex 5.945856826276376 -11.66940107147953 0
      vertex 5.945856826276376 11.66940107147953 0
      vertex 6.5484374999999995 11.342226460189318 0
    endloop
  endfacet
  facet normal 0 0 -1
    outer loop
      vertex 6.5484374999999995 -11.342226460189318 0
      vertex 6.5484374999999995 11.342226460189318 0
      vertex 7.133069361712432 10.983963594560224 0
    endloop
  endfacet
  facet normal 0 0 -1
    outer loop
      vertex 7.133069361712432 -10.983963594560224 0
      vertex 7.133069361712432 10.983963594560224 0
      vertex 7.698149976117984 10.59559444820439 0
    endloop
  endfacet
  facet normal 0 0 -1
    outer loop
      vertex 7.698149976117984 -10.59559444820439 0
      vertex 7.698149976117984 10.59559444820439 0
      vertex 8.242130496530839 10.178183513956766 0
    endloop
  endfacet
  facet normal 0 0 -1
    outer loop
      vertex 8.242130496530839 -10.178183513956766 0
      vertex 8.242130496530839 10.178183513956766 0
      vertex 8.763519910156171 9.732874886174248 0
    endloop
  endfacet
  facet normal 0 0 -1
    outer loop
      vertex 8.763519910156171 -9.732874886174248 0
      vertex 8.763519910156171 9.732874886174248 0
      vertex 9.260889124852564 9.260889124852564 0
    endloop
  endfacet
  facet normal 0 0 -1
    outer loop
      vertex 9.260889124852564 -9.260889124852564 0
      vertex 9.260889124852564 9.260889124852564 0
      vertex 9.732874886174248 8.763519910156171 0
    endloop
  endfacet
  facet normal 0 0 -1
    outer loop
      vertex 5.326978972283371 11.964590665562937 0
      vertex 5.284307768664946 1.7169756749958014 0
      vertex 5.187206244725076 1.9911819196610745 0
    endloop
  endfacet
  facet normal 0 0 -1
    outer loop
      vertex 5.326978972283371 11.964590665562937 0
      vertex 4.9506550000216185 2.522484714177857 0
      vertex 4.811853649777286 2.7781249999999997 0
    endloop
  endfacet
  facet normal 0 0 -1
    outer loop
      vertex 5.326978972283371 11.964590665562937 0
      vertex 4.811853649777286 2.7781249999999997 0
      vertex 4.659863343146762 3.026150638302244 0
    endloop
  endfacet
  facet normal 0 0 -1
    outer loop
      vertex 5.326978972283371 11.964590665562937 0
      vertex 5.187206244725076 1.9911819196610745 0
      vertex 5.0758869490267005 2.2599304730899146 0
    endloop
  endfacet
  facet normal 0 0 -1
    outer loop
      vertex 5.326978972283371 11.964590665562937 0
      vertex 5.0758869490267005 2.2599304730899146 0
      vertex 4.9506550000216185 2.522484714177857 0
    endloop
  endfacet
  facet normal 0 0 -1
    outer loop
      vertex 5.945856826276376 11.66940107147953 0
      vertex 5.366925372318636 1.4380633193508807 0
      vertex 5.284307768664946 1.7169756749958014 0
    endloop
  endfacet
  facet normal 0 0 -1
    outer loop
      vertex 4.6935002392011045 12.226986148280538 0
      vertex 5.326978972283371 11.964590665562937 0
      vertex 4.659863343146762 3.026150638302244 0
    endloop
  endfacet
  facet normal 0 0 -1
    outer loop
      vertex 5.945856826276376 11.66940107147953 0
      vertex 5.284307768664946 1.7169756749958014 0
      vertex 5.326978972283371 11.964590665562937 0
    endloop
  endfacet
  facet normal 0.6883545756937544 0.7253743710122873 0
    outer loop
      vertex 9.260889124852564 9.260889124852564 6.35
      vertex 8.763519910156171 9.732874886174248 6.35
      vertex 9.260889124852564 9.260889124852564 29.75
    endloop
  endfacet
  facet normal 0 0 -1
    outer loop
      vertex 0.685437476919305 13.078926187988808 0
      vertex 0 5.5562499999999995 0
      vertex 0 13.096874999999999 0
    endloop
  endfacet
  facet normal 0 0 -1
    outer loop
      vertex 0.685437476919305 13.078926187988808 0
      vertex 1.368996217358549 13.025128948401353 0
      vertex 0.5807862740308996 5.525812281139968 0
    endloop
  endfacet
  facet normal 0 0 -1
    outer loop
      vertex 1.368996217358549 13.025128948401353 0
      vertex 2.0488026343237733 12.935630735731944 0
      vertex 1.1552093321061752 5.434832606577207 0
    endloop
  endfacet
  facet normal 0 0 -1
    outer loop
      vertex 2.0488026343237733 12.935630735731944 0
      vertex 2.7229934256788417 12.81067685836056 0
      vertex 1.9911819196610745 5.187206244725076 0
    endloop
  endfacet
  facet normal 0 0 -1
    outer loop
      vertex 2.7229934256788417 12.81067685836056 0
      vertex 3.389720681327076 12.65060980617964 0
      vertex 2.522484714177857 4.9506550000216185 0
    endloop
  endfacet
  facet normal 0 0 -1
    outer loop
      vertex 3.389720681327076 12.65060980617964 0
      vertex 4.047156948204389 12.455868311853088 0
      vertex 3.2658818080500533 4.495100674995801 0
    endloop
  endfacet
  facet normal 0 0 -1
    outer loop
      vertex 4.047156948204389 12.455868311853088 0
      vertex 4.6935002392011045 12.226986148280538 0
      vertex 3.9288620529677547 3.9288620529677547 0
    endloop
  endfacet
  facet normal 0.02617694830787454 0.9996573249755571 0
    outer loop
      vertex 0.685437476919305 13.078926187988808 6.35
      vertex 0 13.096874999999999 6.35
      vertex 0.685437476919305 13.078926187988808 29.75
    endloop
  endfacet
  facet normal 0.07845909572784528 0.9969173337331279 6.376692550371942e-20
    outer loop
      vertex 0.685437476919305 13.078926187988808 6.35
      vertex 1.368996217358549 13.025128948401353 29.75
      vertex 1.368996217358549 13.025128948401353 6.35
    endloop
  endfacet
  facet normal 0.13052619222004838 0.9914448613738108 1.7921482908442471e-19
    outer loop
      vertex 1.368996217358549 13.025128948401353 6.35
      vertex 2.0488026343237733 12.935630735731944 29.75
      vertex 2.0488026343237733 12.935630735731944 6.35
    endloop
  endfacet
  facet normal 0.18223552549214792 0.9832549075639545 9.594720803497164e-20
    outer loop
      vertex 2.0488026343237733 12.935630735731944 6.35
      vertex 2.7229934256788417 12.81067685836056 29.75
      vertex 2.7229934256788417 12.81067685836056 6.35
    endloop
  endfacet
  facet normal 0.2334453638559071 0.9723699203976762 -3.2540177879571175e-19
    outer loop
      vertex 2.7229934256788417 12.81067685836056 6.35
      vertex 3.389720681327076 12.65060980617964 29.75
      vertex 3.389720681327076 12.65060980617964 6.35
    endloop
  endfacet
  facet normal 0.2840153447039226 0.958819734868193 -4.860365361443252e-20
    outer loop
      vertex 3.389720681327076 12.65060980617964 6.35
      vertex 4.047156948204389 12.455868311853088 29.75
      vertex 4.047156948204389 12.455868311853088 6.35
    endloop
  endfacet
  facet normal 0.33380685923377 0.9426414910921788 2.185963977825823e-19
    outer loop
      vertex 4.047156948204389 12.455868311853088 6.35
      vertex 4.6935002392011045 12.226986148280538 29.75
      vertex 4.6935002392011045 12.226986148280538 6.35
    endloop
  endfacet
  facet normal 0.430511096808294 0.9025852843498612 0
    outer loop
      vertex 5.945856826276376 11.66940107147953 6.35
      vertex 5.326978972283371 11.964590665562937 6.35
      vertex 5.945856826276376 11.66940107147953 29.75
    endloop
  endfacet
  facet normal 0.4771587602596106 0.8788171126619642 -7.46728922407945e-20
    outer loop
      vertex 5.945856826276376 11.66940107147953 6.35
      vertex 6.5484374999999995 11.342226460189318 29.75
      vertex 6.5484374999999995 11.342226460189318 6.35
    endloop
  endfacet
  facet normal 0.5224985647159478 0.852640164354093 0
    outer loop
      vertex 7.133069361712432 10.983963594560224 6.35
      vertex 6.5484374999999995 11.342226460189318 6.35
      vertex 7.133069361712432 10.983963594560224 29.75
    endloop
  endfacet
  facet normal 0.38268343236509 0.9238795325112866 -3.1267436378781824e-19
    outer loop
      vertex 4.6935002392011045 12.226986148280538 6.35
      vertex 5.326978972283371 11.964590665562937 29.75
      vertex 5.326978972283371 11.964590665562937 6.35
    endloop
  endfacet
  facet normal 0.6087614290087205 0.7933533402912353 -2.3897514386460186e-19
    outer loop
      vertex 7.698149976117984 10.59559444820439 6.35
      vertex 8.242130496530839 10.178183513956766 29.75
      vertex 8.242130496530839 10.178183513956766 6.35
    endloop
  endfacet
  facet normal 0.5664062369248318 0.8241261886220164 -3.6521813654592084e-19
    outer loop
      vertex 7.133069361712432 10.983963594560224 6.35
      vertex 7.698149976117984 10.59559444820439 29.75
      vertex 7.698149976117984 10.59559444820439 6.35
    endloop
  endfacet
  facet normal 0.6494480483301832 0.7604059656000314 -4.8662019469848445e-19
    outer loop
      vertex 8.242130496530839 10.178183513956766 6.35
      vertex 8.763519910156171 9.732874886174248 29.75
      vertex 8.763519910156171 9.732874886174248 6.35
    endloop
  endfacet
  facet normal 0 0 -1
    outer loop
      vertex 10.59559444820439 -7.698149976117984 0
      vertex 10.59559444820439 7.698149976117984 0
      vertex 10.983963594560224 7.133069361712432 0
    endloop
  endfacet
  facet normal 0 0 -1
    outer loop
      vertex 10.983963594560224 -7.133069361712432 0
      vertex 10.983963594560224 7.133069361712432 0
      vertex 11.342226460189318 6.5484374999999995 0
    endloop
  endfacet
  facet normal 0 0 -1
    outer loop
      vertex 11.66940107147953 -5.945856826276376 0
      vertex 11.66940107147953 5.945856826276376 0
      vertex 11.964590665562937 5.326978972283371 0
    endloop
  endfacet
  facet normal 0 0 -1
    outer loop
      vertex 11.342226460189318 -6.5484374999999995 0
      vertex 11.342226460189318 6.5484374999999995 0
      vertex 11.66940107147953 5.945856826276376 0
    endloop
  endfacet
  facet normal 0 0 -1
    outer loop
      vertex 9.732874886174248 -8.763519910156171 0
      vertex 9.732874886174248 8.763519910156171 0
      vertex 10.178183513956766 8.242130496530839 0
    endloop
  endfacet
  facet normal 0 0 -1
    outer loop
      vertex 10.178183513956766 -8.242130496530839 0
      vertex 10.178183513956766 8.242130496530839 0
      vertex 10.59559444820439 7.698149976117984 0
    endloop
  endfacet
  facet normal 0 0 -1
    outer loop
      vertex 13.078926187988808 -0.685437476919305 0
      vertex 13.078926187988808 0.685437476919305 0
      vertex 13.096874999999999 0 0
    endloop
  endfacet
  facet normal 0 0 -1
    outer loop
      vertex 13.025128948401353 -1.368996217358549 0
      vertex 13.025128948401353 1.368996217358549 0
      vertex 13.078926187988808 0.685437476919305 0
    endloop
  endfacet
  facet normal 0 0 -1
    outer loop
      vertex 12.935630735731944 -2.0488026343237733 0
      vertex 12.935630735731944 2.0488026343237733 0
      vertex 13.025128948401353 1.368996217358549 0
    endloop
  endfacet
  facet normal 0 0 -1
    outer loop
      vertex 12.455868311853088 -4.047156948204389 0
      vertex 12.455868311853088 4.047156948204389 0
      vertex 12.65060980617964 3.389720681327076 0
    endloop
  endfacet
  facet normal 0 0 -1
    outer loop
      vertex 12.65060980617964 -3.389720681327076 0
      vertex 12.65060980617964 3.389720681327076 0
      vertex 12.81067685836056 2.7229934256788417 0
    endloop
  endfacet
  facet normal 0 0 -1
    outer loop
      vertex 12.81067685836056 -2.7229934256788417 0
      vertex 12.81067685836056 2.7229934256788417 0
      vertex 12.935630735731944 2.0488026343237733 0
    endloop
  endfacet
  facet normal 0 0 -1
    outer loop
      vertex 11.964590665562937 -5.326978972283371 0
      vertex 11.964590665562937 5.326978972283371 0
      vertex 12.226986148280538 4.6935002392011045 0
    endloop
  endfacet
  facet normal 0 0 -1
    outer loop
      vertex 12.226986148280538 -4.6935002392011045 0
      vertex 12.226986148280538 4.6935002392011045 0
      vertex 12.455868311853088 4.047156948204389 0
    endloop
  endfacet
  facet normal 0.9996573249755571 0.02617694830787454 1.0344417602508244e-20
    outer loop
      vertex 13.078926187988808 0.685437476919305 6.35
      vertex 13.096874999999999 0 29.75
      vertex 13.096874999999999 0 6.35
    endloop
  endfacet
  facet normal 0.9969173337331279 0.07845909572784528 0
    outer loop
      vertex 13.078926187988808 0.685437476919305 6.35
      vertex 13.025128948401353 1.368996217358549 6.35
      vertex 13.078926187988808 0.685437476919305 29.75
    endloop
  endfacet
  facet normal 0.9914448613738108 0.13052619222004838 0
    outer loop
      vertex 13.025128948401353 1.368996217358549 6.35
      vertex 12.935630735731944 2.0488026343237733 6.35
      vertex 13.025128948401353 1.368996217358549 29.75
    endloop
  endfacet
  facet normal 0.9832549075639545 0.18223552549214792 0
    outer loop
      vertex 12.935630735731944 2.0488026343237733 6.35
      vertex 12.81067685836056 2.7229934256788417 6.35
      vertex 12.935630735731944 2.0488026343237733 29.75
    endloop
  endfacet
  facet normal 0.9723699203976762 0.2334453638559071 0
    outer loop
      vertex 12.81067685836056 2.7229934256788417 6.35
      vertex 12.65060980617964 3.389720681327076 6.35
      vertex 12.81067685836056 2.7229934256788417 29.75
    endloop
  endfacet
  facet normal 0.9426414910921788 0.33380685923377 0
    outer loop
      vertex 12.455868311853088 4.047156948204389 6.35
      vertex 12.226986148280538 4.6935002392011045 6.35
      vertex 12.455868311853088 4.047156948204389 29.75
    endloop
  endfacet
  facet normal 0.958819734868193 0.2840153447039226 0
    outer loop
      vertex 12.65060980617964 3.389720681327076 6.35
      vertex 12.455868311853088 4.047156948204389 6.35
      vertex 12.65060980617964 3.389720681327076 29.75
    endloop
  endfacet
  facet normal 0.9025852843498612 0.430511096808294 -2.7291085338233953e-19
    outer loop
      vertex 11.66940107147953 5.945856826276376 6.35
      vertex 11.964590665562937 5.326978972283371 29.75
      vertex 11.964590665562937 5.326978972283371 6.35
    endloop
  endfacet
  facet normal 0.852640164354093 0.5224985647159478 -5.221837487846346e-19
    outer loop
      vertex 10.983963594560224 7.133069361712432 6.35
      vertex 11.342226460189318 6.5484374999999995 29.75
      vertex 11.342226460189318 6.5484374999999995 6.35
    endloop
  endfacet
  facet normal 0.8788171126619642 0.4771587602596106 0
    outer loop
      vertex 11.66940107147953 5.945856826276376 6.35
      vertex 11.342226460189318 6.5484374999999995 6.35
      vertex 11.66940107147953 5.945856826276376 29.75
    endloop
  endfacet
  facet normal 0.7933533402912353 0.6087614290087205 0
    outer loop
      vertex 10.59559444820439 7.698149976117984 6.35
      vertex 10.178183513956766 8.242130496530839 6.35
      vertex 10.59559444820439 7.698149976117984 29.75
    endloop
  endfacet
  facet normal 0.7253743710122873 0.6883545756937544 -2.039463281082099e-19
    outer loop
      vertex 9.260889124852564 9.260889124852564 6.35
      vertex 9.732874886174248 8.763519910156171 29.75
      vertex 9.732874886174248 8.763519910156171 6.35
    endloop
  endfacet
  facet normal 0.7604059656000314 0.6494480483301832 0
    outer loop
      vertex 10.178183513956766 8.242130496530839 6.35
      vertex 9.732874886174248 8.763519910156171 6.35
      vertex 10.178183513956766 8.242130496530839 29.75
    endloop
  endfacet
  facet normal 0.8241261886220164 0.5664062369248318 0
    outer loop
      vertex 10.983963594560224 7.133069361712432 6.35
      vertex 10.59559444820439 7.698149976117984 6.35
      vertex 10.983963594560224 7.133069361712432 29.75
    endloop
  endfacet
  facet normal 0.9238795325112866 0.38268343236509 0
    outer loop
      vertex 12.226986148280538 4.6935002392011045 6.35
      vertex 11.964590665562937 5.326978972283371 6.35
      vertex 12.226986148280538 4.6935002392011045 29.75
    endloop
  endfacet
  facet normal 0.7253743710122873 0.6883545756937544 0
    outer loop
      vertex 9.260889124852564 9.260889124852564 6.35
      vertex 9.260889124852564 9.260889124852564 29.75
      vertex 9.732874886174248 8.763519910156171 29.75
    endloop
  endfacet
  facet normal 0 0 1
    outer loop
      vertex 1.7359337042433118 10.960254054541668 31.75
      vertex 1.9911819196610745 5.187206244725076 31.75
      vertex 2.2599304730899146 5.0758869490267005 31.75
    endloop
  endfacet
  facet normal 0 0 1
    outer loop
      vertex 2.307170044043323 10.854381656892949 31.75
      vertex 2.2599304730899146 5.0758869490267005 31.75
      vertex 2.522484714177857 4.9506550000216185 31.75
    endloop
  endfacet
  facet normal 0 0 1
    outer loop
      vertex 0 11.096874999999999 31.75
      vertex 0 5.5562499999999995 31.75
      vertex 0.29079165687485664 5.5486353524801 31.75
    endloop
  endfacet
  facet normal 0 0 1
    outer loop
      vertex 0.5807655644334173 11.081667118479661 31.75
      vertex 0.29079165687485664 5.5486353524801 31.75
      vertex 0.5807862740308996 5.525812281139968 31.75
    endloop
  endfacet
  facet normal 0 0 1
    outer loop
      vertex 0.5807655644334173 11.081667118479661 31.75
      vertex 0.5807862740308996 5.525812281139968 31.75
      vertex 0.8691889963797826 5.487843342431733 31.75
    endloop
  endfacet
  facet normal 0 0 1
    outer loop
      vertex 0.5807655644334173 11.081667118479661 31.75
      vertex 0.8691889963797826 5.487843342431733 31.75
      vertex 1.1552093321061752 5.434832606577207 31.75
    endloop
  endfacet
  facet normal 0 0 1
    outer loop
      vertex 0 11.096874999999999 31.75
      vertex 0.29079165687485664 5.5486353524801 31.75
      vertex 0.5807655644334173 11.081667118479661 31.75
    endloop
  endfacet
  facet normal 0 0 1
    outer loop
      vertex 0.5807655644334173 11.081667118479661 31.75
      vertex 1.1552093321061752 5.434832606577207 31.75
      vertex 1.159939290823242 11.036085157664807 31.75
    endloop
  endfacet
  facet normal 0 0 1
    outer loop
      vertex 1.159939290823242 11.036085157664807 31.75
      vertex 1.1552093321061752 5.434832606577207 31.75
      vertex 1.4380633193508807 5.366925372318636 31.75
    endloop
  endfacet
  facet normal 0 0 1
    outer loop
      vertex 1.159939290823242 11.036085157664807 31.75
      vertex 1.4380633193508807 5.366925372318636 31.75
      vertex 1.7169756749958014 5.284307768664946 31.75
    endloop
  endfacet
  facet normal 0 0 1
    outer loop
      vertex 1.7359337042433118 10.960254054541668 31.75
      vertex 1.7169756749958014 5.284307768664946 31.75
      vertex 1.9911819196610745 5.187206244725076 31.75
    endloop
  endfacet
  facet normal 0 0 1
    outer loop
      vertex 1.159939290823242 11.036085157664807 31.75
      vertex 1.7169756749958014 5.284307768664946 31.75
      vertex 1.7359337042433118 10.960254054541668 31.75
    endloop
  endfacet
  facet normal 0 0 1
    outer loop
      vertex 1.7359337042433118 10.960254054541668 31.75
      vertex 2.2599304730899146 5.0758869490267005 31.75
      vertex 2.307170044043323 10.854381656892949 31.75
    endloop
  endfacet
  facet normal 0 0 1
    outer loop
      vertex 2.307170044043323 10.854381656892949 31.75
      vertex 2.522484714177857 4.9506550000216185 31.75
      vertex 2.7781249999999997 4.811853649777286 31.75
    endloop
  endfacet
  facet normal 0 0 1
    outer loop
      vertex 2.8720825911220347 10.718758153601504 31.75
      vertex 2.7781249999999997 4.811853649777286 31.75
      vertex 3.026150638302244 4.659863343146762 31.75
    endloop
  endfacet
  facet normal 0 0 1
    outer loop
      vertex 3.429122959454494 10.55375527926278 31.75
      vertex 3.2658818080500533 4.495100674995801 31.75
      vertex 3.4966614227706585 4.318017248345294 31.75
    endloop
  endfacet
  facet normal 0 0 1
    outer loop
      vertex 3.429122959454494 10.55375527926278 31.75
      vertex 3.4966614227706585 4.318017248345294 31.75
      vertex 3.7178569315814056 4.129098436558771 31.75
    endloop
  endfacet
  facet normal 0 0 1
    outer loop
      vertex 2.8720825911220347 10.718758153601504 31.75
      vertex 3.026150638302244 4.659863343146762 31.75
      vertex 3.2658818080500533 4.495100674995801 31.75
    endloop
  endfacet
  facet normal 0 0 1
    outer loop
      vertex 3.9767643401105035 10.359825295286134 31.75
      vertex 4.129098436558771 3.7178569315814056 31.75
      vertex 4.318017248345294 3.4966614227706585 31.75
    endloop
  endfacet
  facet normal 0 0 1
    outer loop
      vertex 4.51350568613177 10.137499750277735 31.75
      vertex 4.811853649777286 2.7781249999999997 31.75
      vertex 4.9506550000216185 2.522484714177857 31.75
    endloop
  endfacet
  facet normal 0 0 1
    outer loop
      vertex 4.51350568613177 10.137499750277735 31.75
      vertex 4.659863343146762 3.026150638302244 31.75
      vertex 4.811853649777286 2.7781249999999997 31.75
    endloop
  endfacet
  facet normal 0 0 1
    outer loop
      vertex 3.9767643401105035 10.359825295286134 31.75
      vertex 4.318017248345294 3.4966614227706585 31.75
      vertex 4.495100674995801 3.2658818080500533 31.75
    endloop
  endfacet
  facet normal 0 0 1
    outer loop
      vertex 4.51350568613177 10.137499750277735 31.75
      vertex 4.495100674995801 3.2658818080500533 31.75
      vertex 4.659863343146762 3.026150638302244 31.75
    endloop
  endfacet
  facet normal 0 0 1
    outer loop
      vertex 3.429122959454494 10.55375527926278 31.75
      vertex 3.7178569315814056 4.129098436558771 31.75
      vertex 3.9288620529677547 3.9288620529677547 31.75
    endloop
  endfacet
  facet normal 0 0 1
    outer loop
      vertex 3.9767643401105035 10.359825295286134 31.75
      vertex 3.9288620529677547 3.9288620529677547 31.75
      vertex 4.129098436558771 3.7178569315814056 31.75
    endloop
  endfacet
  facet normal 0 0 1
    outer loop
      vertex 2.307170044043323 10.854381656892949 31.75
      vertex 2.7781249999999997 4.811853649777286 31.75
      vertex 2.8720825911220347 10.718758153601504 31.75
    endloop
  endfacet
  facet normal 0 0 1
    outer loop
      vertex 3.429122959454494 10.55375527926278 31.75
      vertex 2.8720825911220347 10.718758153601504 31.75
      vertex 3.2658818080500533 4.495100674995801 31.75
    endloop
  endfacet
  facet normal 0 0 1
    outer loop
      vertex 3.429122959454494 10.55375527926278 31.75
      vertex 3.9288620529677547 3.9288620529677547 31.75
      vertex 3.9767643401105035 10.359825295286134 31.75
    endloop
  endfacet
  facet normal 0 0 1
    outer loop
      vertex 3.9767643401105035 10.359825295286134 31.75
      vertex 4.495100674995801 3.2658818080500533 31.75
      vertex 4.51350568613177 10.137499750277735 31.75
    endloop
  endfacet
  facet normal 0 0 1
    outer loop
      vertex 6.043791291682378 -9.306622458669377 31.75
      vertex 5.5484374999999995 9.610175652620441 31.75
      vertex 5.5486353524801 0.29079165687485664 31.75
    endloop
  endfacet
  facet normal 0 0 1
    outer loop
      vertex 5.5484374999999995 9.610175652620441 31.75
      vertex 5.525812281139968 0.5807862740308996 31.75
      vertex 5.5486353524801 0.29079165687485664 31.75
    endloop
  endfacet
  facet normal 0 0 1
    outer loop
      vertex 5.037875826797283 9.887388023102794 31.75
      vertex 5.487843342431733 0.8691889963797826 31.75
      vertex 5.525812281139968 0.5807862740308996 31.75
    endloop
  endfacet
  facet normal 0 0 1
    outer loop
      vertex 5.037875826797283 9.887388023102794 31.75
      vertex 5.434832606577207 1.1552093321061752 31.75
      vertex 5.487843342431733 0.8691889963797826 31.75
    endloop
  endfacet
  facet normal 0 0 1
    outer loop
      vertex 5.037875826797283 9.887388023102794 31.75
      vertex 5.366925372318636 1.4380633193508807 31.75
      vertex 5.434832606577207 1.1552093321061752 31.75
    endloop
  endfacet
  facet normal 0 0 1
    outer loop
      vertex 5.037875826797283 9.887388023102794 31.75
      vertex 5.284307768664946 1.7169756749958014 31.75
      vertex 5.366925372318636 1.4380633193508807 31.75
    endloop
  endfacet
  facet normal 0 0 1
    outer loop
      vertex 5.037875826797283 9.887388023102794 31.75
      vertex 5.187206244725076 1.9911819196610745 31.75
      vertex 5.284307768664946 1.7169756749958014 31.75
    endloop
  endfacet
  facet normal 0 0 1
    outer loop
      vertex 5.037875826797283 9.887388023102794 31.75
      vertex 5.0758869490267005 2.2599304730899146 31.75
      vertex 5.187206244725076 1.9911819196610745 31.75
    endloop
  endfacet
  facet normal 0 0 1
    outer loop
      vertex 6.522579471533037 -8.977560459454494 31.75
      vertex 6.043791291682378 9.306622458669377 31.75
      vertex 5.5484374999999995 9.610175652620441 31.75
    endloop
  endfacet
  facet normal 0 0 1
    outer loop
      vertex 6.522579471533037 -8.977560459454494 31.75
      vertex 6.522579471533037 8.977560459454494 31.75
      vertex 6.043791291682378 9.306622458669377 31.75
    endloop
  endfacet
  facet normal 0 0 1
    outer loop
      vertex 7.425258697438454 -8.246585235219458 31.75
      vertex 6.983489714431164 8.623891591042824 31.75
      vertex 6.522579471533037 8.977560459454494 31.75
    endloop
  endfacet
  facet normal 0 0 1
    outer loop
      vertex 9.610175652620441 -5.5484374999999995 31.75
      vertex 9.306622458669377 6.043791291682378 31.75
      vertex 8.977560459454494 6.522579471533037 31.75
    endloop
  endfacet
  facet normal 0 0 1
    outer loop
      vertex 7.8466755624794695 -7.8466755624794695 31.75
      vertex 7.425258697438454 8.246585235219458 31.75
      vertex 6.983489714431164 8.623891591042824 31.75
    endloop
  endfacet
  facet normal 0 0 1
    outer loop
      vertex 8.246585235219458 -7.425258697438454 31.75
      vertex 7.8466755624794695 7.8466755624794695 31.75
      vertex 7.425258697438454 8.246585235219458 31.75
    endloop
  endfacet
  facet normal 0 0 1
    outer loop
      vertex 8.623891591042824 -6.983489714431164 31.75
      vertex 8.246585235219458 7.425258697438454 31.75
      vertex 7.8466755624794695 7.8466755624794695 31.75
    endloop
  endfacet
  facet normal 0 0 1
    outer loop
      vertex 8.977560459454494 -6.522579471533037 31.75
      vertex 8.623891591042824 6.983489714431164 31.75
      vertex 8.246585235219458 7.425258697438454 31.75
    endloop
  endfacet
  facet normal 0 0 1
    outer loop
      vertex 9.306622458669377 -6.043791291682378 31.75
      vertex 8.977560459454494 6.522579471533037 31.75
      vertex 8.623891591042824 6.983489714431164 31.75
    endloop
  endfacet
  facet normal 0 0 1
    outer loop
      vertex 5.037875826797283 9.887388023102794 31.75
      vertex 4.9506550000216185 2.522484714177857 31.75
      vertex 5.0758869490267005 2.2599304730899146 31.75
    endloop
  endfacet
  facet normal 0 0 1
    outer loop
      vertex 5.037875826797283 9.887388023102794 31.75
      vertex 5.525812281139968 0.5807862740308996 31.75
      vertex 5.5484374999999995 9.610175652620441 31.75
    endloop
  endfacet
  facet normal 0 0 1
    outer loop
      vertex 4.51350568613177 10.137499750277735 31.75
      vertex 4.9506550000216185 2.522484714177857 31.75
      vertex 5.037875826797283 9.887388023102794 31.75
    endloop
  endfacet
  facet normal 0.02617694830787454 0.9996573249755571 0
    outer loop
      vertex 0 13.096874999999999 6.35
      vertex 0 13.096874999999999 29.75
      vertex 0.685437476919305 13.078926187988808 29.75
    endloop
  endfacet
  facet normal 0.07845909572784528 0.9969173337331279 0
    outer loop
      vertex 0.685437476919305 13.078926187988808 6.35
      vertex 0.685437476919305 13.078926187988808 29.75
      vertex 1.368996217358549 13.025128948401353 29.75
    endloop
  endfacet
  facet normal 0.13052619222004838 0.9914448613738108 0
    outer loop
      vertex 1.368996217358549 13.025128948401353 6.35
      vertex 1.368996217358549 13.025128948401353 29.75
      vertex 2.0488026343237733 12.935630735731944 29.75
    endloop
  endfacet
  facet normal 0.18223552549214792 0.9832549075639545 0
    outer loop
      vertex 2.0488026343237733 12.935630735731944 6.35
      vertex 2.0488026343237733 12.935630735731944 29.75
      vertex 2.7229934256788417 12.81067685836056 29.75
    endloop
  endfacet
  facet normal 0.2334453638559071 0.9723699203976762 0
    outer loop
      vertex 2.7229934256788417 12.81067685836056 6.35
      vertex 2.7229934256788417 12.81067685836056 29.75
      vertex 3.389720681327076 12.65060980617964 29.75
    endloop
  endfacet
  facet normal 0.2840153447039226 0.958819734868193 0
    outer loop
      vertex 3.389720681327076 12.65060980617964 6.35
      vertex 3.389720681327076 12.65060980617964 29.75
      vertex 4.047156948204389 12.455868311853088 29.75
    endloop
  endfacet
  facet normal 0.33380685923377 0.9426414910921788 0
    outer loop
      vertex 4.047156948204389 12.455868311853088 6.35
      vertex 4.047156948204389 12.455868311853088 29.75
      vertex 4.6935002392011045 12.226986148280538 29.75
    endloop
  endfacet
  facet normal 0.430511096808294 0.9025852843498612 0
    outer loop
      vertex 5.326978972283371 11.964590665562937 6.35
      vertex 5.326978972283371 11.964590665562937 29.75
      vertex 5.945856826276376 11.66940107147953 29.75
    endloop
  endfacet
  facet normal 0.4771587602596106 0.8788171126619642 0
    outer loop
      vertex 5.945856826276376 11.66940107147953 6.35
      vertex 5.945856826276376 11.66940107147953 29.75
      vertex 6.5484374999999995 11.342226460189318 29.75
    endloop
  endfacet
  facet normal 0.5224985647159478 0.852640164354093 0
    outer loop
      vertex 6.5484374999999995 11.342226460189318 6.35
      vertex 6.5484374999999995 11.342226460189318 29.75
      vertex 7.133069361712432 10.983963594560224 29.75
    endloop
  endfacet
  facet normal 0.38268343236509 0.9238795325112866 0
    outer loop
      vertex 4.6935002392011045 12.226986148280538 6.35
      vertex 4.6935002392011045 12.226986148280538 29.75
      vertex 5.326978972283371 11.964590665562937 29.75
    endloop
  endfacet
  facet normal 0.6087614290087205 0.7933533402912353 0
    outer loop
      vertex 7.698149976117984 10.59559444820439 6.35
      vertex 7.698149976117984 10.59559444820439 29.75
      vertex 8.242130496530839 10.178183513956766 29.75
    endloop
  endfacet
  facet normal 0.5664062369248318 0.8241261886220164 0
    outer loop
      vertex 7.133069361712432 10.983963594560224 6.35
      vertex 7.133069361712432 10.983963594560224 29.75
      vertex 7.698149976117984 10.59559444820439 29.75
    endloop
  endfacet
  facet normal 0.6494480483301832 0.7604059656000314 0
    outer loop
      vertex 8.242130496530839 10.178183513956766 6.35
      vertex 8.242130496530839 10.178183513956766 29.75
      vertex 8.763519910156171 9.732874886174248 29.75
    endloop
  endfacet
  facet normal 0.6883545756937544 0.7253743710122873 0
    outer loop
      vertex 8.763519910156171 9.732874886174248 6.35
      vertex 8.763519910156171 9.732874886174248 29.75
      vertex 9.260889124852564 9.260889124852564 29.75
    endloop
  endfacet
  facet normal 0.9996573249755571 0.02617694830787454 0
    outer loop
      vertex 13.078926187988808 0.685437476919305 6.35
      vertex 13.078926187988808 0.685437476919305 29.75
      vertex 13.096874999999999 0 29.75
    endloop
  endfacet
  facet normal 0.9969173337331279 0.07845909572784528 0
    outer loop
      vertex 13.025128948401353 1.368996217358549 6.35
      vertex 13.025128948401353 1.368996217358549 29.75
      vertex 13.078926187988808 0.685437476919305 29.75
    endloop
  endfacet
  facet normal 0.9914448613738108 0.13052619222004838 0
    outer loop
      vertex 12.935630735731944 2.0488026343237733 6.35
      vertex 12.935630735731944 2.0488026343237733 29.75
      vertex 13.025128948401353 1.368996217358549 29.75
    endloop
  endfacet
  facet normal 0.9832549075639545 0.18223552549214792 0
    outer loop
      vertex 12.81067685836056 2.7229934256788417 6.35
      vertex 12.81067685836056 2.7229934256788417 29.75
      vertex 12.935630735731944 2.0488026343237733 29.75
    endloop
  endfacet
  facet normal 0.9723699203976762 0.2334453638559071 0
    outer loop
      vertex 12.65060980617964 3.389720681327076 6.35
      vertex 12.65060980617964 3.389720681327076 29.75
      vertex 12.81067685836056 2.7229934256788417 29.75
    endloop
  endfacet
  facet normal 0.9426414910921788 0.33380685923377 0
    outer loop
      vertex 12.226986148280538 4.6935002392011045 6.35
      vertex 12.226986148280538 4.6935002392011045 29.75
      vertex 12.455868311853088 4.047156948204389 29.75
    endloop
  endfacet
  facet normal 0.958819734868193 0.2840153447039226 0
    outer loop
      vertex 12.455868311853088 4.047156948204389 6.35
      vertex 12.455868311853088 4.047156948204389 29.75
      vertex 12.65060980617964 3.389720681327076 29.75
    endloop
  endfacet
  facet normal 0.9025852843498612 0.430511096808294 0
    outer loop
      vertex 11.66940107147953 5.945856826276376 6.35
      vertex 11.66940107147953 5.945856826276376 29.75
      vertex 11.964590665562937 5.326978972283371 29.75
    endloop
  endfacet
  facet normal 0.852640164354093 0.5224985647159478 0
    outer loop
      vertex 10.983963594560224 7.133069361712432 6.35
      vertex 10.983963594560224 7.133069361712432 29.75
      vertex 11.342226460189318 6.5484374999999995 29.75
    endloop
  endfacet
  facet normal 0.8788171126619642 0.4771587602596106 0
    outer loop
      vertex 11.342226460189318 6.5484374999999995 6.35
      vertex 11.342226460189318 6.5484374999999995 29.75
      vertex 11.66940107147953 5.945856826276376 29.75
    endloop
  endfacet
  facet normal 0.7933533402912353 0.6087614290087205 0
    outer loop
      vertex 10.178183513956766 8.242130496530839 6.35
      vertex 10.178183513956766 8.242130496530839 29.75
      vertex 10.59559444820439 7.698149976117984 29.75
    endloop
  endfacet
  facet normal 0.7604059656000314 0.6494480483301832 0
    outer loop
      vertex 9.732874886174248 8.763519910156171 6.35
      vertex 9.732874886174248 8.763519910156171 29.75
      vertex 10.178183513956766 8.242130496530839 29.75
    endloop
  endfacet
  facet normal 0.8241261886220164 0.5664062369248318 0
    outer loop
      vertex 10.59559444820439 7.698149976117984 6.35
      vertex 10.59559444820439 7.698149976117984 29.75
      vertex 10.983963594560224 7.133069361712432 29.75
    endloop
  endfacet
  facet normal 0.9238795325112866 0.38268343236509 0
    outer loop
      vertex 11.964590665562937 5.326978972283371 6.35
      vertex 11.964590665562937 5.326978972283371 29.75
      vertex 12.226986148280538 4.6935002392011045 29.75
    endloop
  endfacet
  facet normal 0 0 1
    outer loop
      vertex 10.137499750277735 -4.51350568613177 31.75
      vertex 10.137499750277735 4.51350568613177 31.75
      vertex 9.887388023102794 5.037875826797283 31.75
    endloop
  endfacet
  facet normal 0 0 1
    outer loop
      vertex 9.887388023102794 -5.037875826797283 31.75
      vertex 9.610175652620441 5.5484374999999995 31.75
      vertex 9.306622458669377 6.043791291682378 31.75
    endloop
  endfacet
  facet normal 0 0 1
    outer loop
      vertex 10.137499750277735 -4.51350568613177 31.75
      vertex 9.887388023102794 5.037875826797283 31.75
      vertex 9.610175652620441 5.5484374999999995 31.75
    endloop
  endfacet
  facet normal 0 0 1
    outer loop
      vertex 10.55375527926278 -3.429122959454494 31.75
      vertex 10.359825295286134 3.9767643401105035 31.75
      vertex 10.137499750277735 4.51350568613177 31.75
    endloop
  endfacet
  facet normal 0 0 1
    outer loop
      vertex 10.55375527926278 -3.429122959454494 31.75
      vertex 10.55375527926278 3.429122959454494 31.75
      vertex 10.359825295286134 3.9767643401105035 31.75
    endloop
  endfacet
  facet normal 0 0 1
    outer loop
      vertex 10.854381656892949 -2.307170044043323 31.75
      vertex 10.718758153601504 2.8720825911220347 31.75
      vertex 10.55375527926278 3.429122959454494 31.75
    endloop
  endfacet
  facet normal 0 0 1
    outer loop
      vertex 11.036085157664807 -1.159939290823242 31.75
      vertex 11.036085157664807 1.159939290823242 31.75
      vertex 10.960254054541668 1.7359337042433118 31.75
    endloop
  endfacet
  facet normal 0 0 1
    outer loop
      vertex 11.036085157664807 -1.159939290823242 31.75
      vertex 11.081667118479661 0.5807655644334173 31.75
      vertex 11.036085157664807 1.159939290823242 31.75
    endloop
  endfacet
  facet normal 0 0 1
    outer loop
      vertex 10.960254054541668 -1.7359337042433118 31.75
      vertex 10.960254054541668 1.7359337042433118 31.75
      vertex 10.854381656892949 2.307170044043323 31.75
    endloop
  endfacet
  facet normal 0 0 1
    outer loop
      vertex 10.960254054541668 -1.7359337042433118 31.75
      vertex 10.854381656892949 2.307170044043323 31.75
      vertex 10.718758153601504 2.8720825911220347 31.75
    endloop
  endfacet
  facet normal -0.760405965600032 -0.6494480483301824 0
    outer loop
      vertex -14.804630565755293 -11.9885534494994 0
      vertex -14.156908925344359 -12.746938051136247 0
      vertex -14.804630565755293 -11.9885534494994 6.35
    endloop
  endfacet
  facet normal -0.8526401643540931 -0.5224985647159474 2.4097838150264942e-18
    outer loop
      vertex -15.976674319360326 -10.375373617036264 0
      vertex -16.49778394209355 -9.524999999999999 6.35
      vertex -16.49778394209355 -9.524999999999999 0
    endloop
  endfacet
  facet normal -0.8241261886220166 -0.5664062369248316 0
    outer loop
      vertex -15.976674319360326 -10.375373617036264 0
      vertex -15.411773742842747 -11.197309056171612 0
      vertex -15.976674319360326 -10.375373617036264 6.35
    endloop
  endfacet
  facet normal -0.7933533402912338 -0.6087614290087223 2.5091016207220086e-18
    outer loop
      vertex -14.804630565755293 -11.9885534494994 0
      vertex -15.411773742842747 -11.197309056171612 6.35
      vertex -15.411773742842747 -11.197309056171612 0
    endloop
  endfacet
  facet normal -0.760405965600032 -0.6494480483301824 3.2201371289681985e-18
    outer loop
      vertex -14.804630565755293 -11.9885534494994 6.35
      vertex -14.156908925344359 -12.746938051136247 0
      vertex -14.156908925344359 -12.746938051136247 6.35
    endloop
  endfacet
  facet normal -0.8241261886220166 -0.5664062369248316 0
    outer loop
      vertex -15.411773742842747 -11.197309056171612 0
      vertex -15.411773742842747 -11.197309056171612 6.35
      vertex -15.976674319360326 -10.375373617036264 6.35
    endloop
  endfacet
  facet normal -0.8526401643540931 -0.5224985647159474 0
    outer loop
      vertex -15.976674319360326 -10.375373617036264 0
      vertex -15.976674319360326 -10.375373617036264 6.35
      vertex -16.49778394209355 -9.524999999999999 6.35
    endloop
  endfacet
  facet normal -0.7933533402912338 -0.6087614290087223 0
    outer loop
      vertex -14.804630565755293 -11.9885534494994 0
      vertex -14.804630565755293 -11.9885534494994 6.35
      vertex -15.411773742842747 -11.197309056171612 6.35
    endloop
  endfacet
  facet normal -0.6494480483301824 -0.760405965600032 0
    outer loop
      vertex -11.9885534494994 -14.804630565755293 0
      vertex -11.9885534494994 -14.804630565755293 6.35
      vertex -12.746938051136247 -14.156908925344359 0
    endloop
  endfacet
  facet normal -0.6087614290087223 -0.7933533402912338 2.5091016207220086e-18
    outer loop
      vertex -11.9885534494994 -14.804630565755293 0
      vertex -11.197309056171612 -15.411773742842747 0
      vertex -11.197309056171612 -15.411773742842747 6.35
    endloop
  endfacet
  facet normal -0.5664062369248316 -0.8241261886220166 3.519488346745084e-18
    outer loop
      vertex -11.197309056171612 -15.411773742842747 0
      vertex -10.375373617036264 -15.976674319360326 0
      vertex -10.375373617036264 -15.976674319360326 6.35
    endloop
  endfacet
  facet normal -0.5224985647159474 -0.8526401643540931 2.4097838150264942e-18
    outer loop
      vertex -10.375373617036264 -15.976674319360326 0
      vertex -9.524999999999999 -16.49778394209355 0
      vertex -9.524999999999999 -16.49778394209355 6.35
    endloop
  endfacet
  facet normal -0.6494480483301824 -0.760405965600032 3.2201371289681985e-18
    outer loop
      vertex -11.9885534494994 -14.804630565755293 6.35
      vertex -12.746938051136247 -14.156908925344359 6.35
      vertex -12.746938051136247 -14.156908925344359 0
    endloop
  endfacet
  facet normal -0.5664062369248316 -0.8241261886220166 0
    outer loop
      vertex -11.197309056171612 -15.411773742842747 0
      vertex -10.375373617036264 -15.976674319360326 6.35
      vertex -11.197309056171612 -15.411773742842747 6.35
    endloop
  endfacet
  facet normal -0.6087614290087223 -0.7933533402912338 0
    outer loop
      vertex -11.9885534494994 -14.804630565755293 0
      vertex -11.197309056171612 -15.411773742842747 6.35
      vertex -11.9885534494994 -14.804630565755293 6.35
    endloop
  endfacet
  facet normal -0.5224985647159474 -0.8526401643540931 0
    outer loop
      vertex -10.375373617036264 -15.976674319360326 0
      vertex -9.524999999999999 -16.49778394209355 6.35
      vertex -10.375373617036264 -15.976674319360326 6.35
    endloop
  endfacet
  facet normal -0.7253743710122874 -0.6883545756937542 -2.1997690076736642e-18
    outer loop
      vertex -13.470384181603729 -13.470384181603729 0
      vertex -14.156908925344359 -12.746938051136247 6.35
      vertex -14.156908925344359 -12.746938051136247 0
    endloop
  endfacet
  facet normal -0.6883545756937542 -0.7253743710122874 -2.1997690076736642e-18
    outer loop
      vertex -13.470384181603729 -13.470384181603729 0
      vertex -12.746938051136247 -14.156908925344359 0
      vertex -12.746938051136247 -14.156908925344359 6.35
    endloop
  endfacet
  facet normal 0 0 -1
    outer loop
      vertex -11.9885534494994 -14.804630565755293 0
      vertex -12.746938051136247 -14.156908925344359 0
      vertex -12.226986148280538 -4.6935002392011045 0
    endloop
  endfacet
  facet normal 0 0 -1
    outer loop
      vertex -13.470384181603729 -13.470384181603729 0
      vertex -12.81067685836056 -2.7229934256788417 0
      vertex -12.746938051136247 -14.156908925344359 0
    endloop
  endfacet
  facet normal 0 0 -1
    outer loop
      vertex -11.9885534494994 -14.804630565755293 0
      vertex -11.342226460189318 -6.5484374999999995 0
      vertex -11.197309056171612 -15.411773742842747 0
    endloop
  endfacet
  facet normal 0 0 -1
    outer loop
      vertex -11.197309056171612 -15.411773742842747 0
      vertex -10.59559444820439 -7.698149976117984 0
      vertex -10.375373617036264 -15.976674319360326 0
    endloop
  endfacet
  facet normal 0 0 -1
    outer loop
      vertex -10.375373617036264 -15.976674319360326 0
      vertex -9.260889124852564 -9.260889124852564 0
      vertex -9.524999999999999 -16.49778394209355 0
    endloop
  endfacet
  facet normal 0 0 -1
    outer loop
      vertex -11.197309056171612 -15.411773742842747 0
      vertex -11.342226460189318 -6.5484374999999995 0
      vertex -10.983963594560224 -7.133069361712432 0
    endloop
  endfacet
  facet normal 0 0 -1
    outer loop
      vertex -11.197309056171612 -15.411773742842747 0
      vertex -10.983963594560224 -7.133069361712432 0
      vertex -10.59559444820439 -7.698149976117984 0
    endloop
  endfacet
  facet normal 0 0 -1
    outer loop
      vertex -10.375373617036264 -15.976674319360326 0
      vertex -9.732874886174248 -8.763519910156171 0
      vertex -9.260889124852564 -9.260889124852564 0
    endloop
  endfacet
  facet normal 0 0 -1
    outer loop
      vertex -10.375373617036264 -15.976674319360326 0
      vertex -10.178183513956766 -8.242130496530839 0
      vertex -9.732874886174248 -8.763519910156171 0
    endloop
  endfacet
  facet normal 0 0 -1
    outer loop
      vertex -10.375373617036264 -15.976674319360326 0
      vertex -10.59559444820439 -7.698149976117984 0
      vertex -10.178183513956766 -8.242130496530839 0
    endloop
  endfacet
  facet normal -0.7253743710122874 -0.6883545756937542 0
    outer loop
      vertex -13.470384181603729 -13.470384181603729 0
      vertex -13.470384181603729 -13.470384181603729 6.35
      vertex -14.156908925344359 -12.746938051136247 6.35
    endloop
  endfacet
  facet normal -0.6883545756937542 -0.7253743710122874 0
    outer loop
      vertex -13.470384181603729 -13.470384181603729 0
      vertex -12.746938051136247 -14.156908925344359 6.35
      vertex -13.470384181603729 -13.470384181603729 6.35
    endloop
  endfacet
  facet normal 0 0 1
    outer loop
      vertex -11.9885534494994 -14.804630565755293 6.35
      vertex -12.226986148280538 -4.6935002392011045 6.35
      vertex -12.746938051136247 -14.156908925344359 6.35
    endloop
  endfacet
  facet normal 0 0 1
    outer loop
      vertex -11.9885534494994 -14.804630565755293 6.35
      vertex -11.197309056171612 -15.411773742842747 6.35
      vertex -11.342226460189318 -6.5484374999999995 6.35
    endloop
  endfacet
  facet normal 0 0 1
    outer loop
      vertex -11.197309056171612 -15.411773742842747 6.35
      vertex -10.375373617036264 -15.976674319360326 6.35
      vertex -10.178183513956766 -8.242130496530839 6.35
    endloop
  endfacet
  facet normal 0 0 1
    outer loop
      vertex -10.375373617036264 -15.976674319360326 6.35
      vertex -9.524999999999999 -16.49778394209355 6.35
      vertex -9.260889124852564 -9.260889124852564 6.35
    endloop
  endfacet
  facet normal 0 0 1
    outer loop
      vertex -11.197309056171612 -15.411773742842747 6.35
      vertex -10.983963594560224 -7.133069361712432 6.35
      vertex -11.342226460189318 -6.5484374999999995 6.35
    endloop
  endfacet
  facet normal 0 0 1
    outer loop
      vertex -11.197309056171612 -15.411773742842747 6.35
      vertex -10.59559444820439 -7.698149976117984 6.35
      vertex -10.983963594560224 -7.133069361712432 6.35
    endloop
  endfacet
  facet normal 0 0 1
    outer loop
      vertex -10.375373617036264 -15.976674319360326 6.35
      vertex -9.260889124852564 -9.260889124852564 6.35
      vertex -9.732874886174248 -8.763519910156171 6.35
    endloop
  endfacet
  facet normal 0 0 1
    outer loop
      vertex -10.375373617036264 -15.976674319360326 6.35
      vertex -9.732874886174248 -8.763519910156171 6.35
      vertex -10.178183513956766 -8.242130496530839 6.35
    endloop
  endfacet
  facet normal 0 0 1
    outer loop
      vertex -11.197309056171612 -15.411773742842747 6.35
      vertex -10.178183513956766 -8.242130496530839 6.35
      vertex -10.59559444820439 -7.698149976117984 6.35
    endloop
  endfacet
  facet normal -0.8788171126619642 -0.47715876025961035 0
    outer loop
      vertex -16.973674285788405 -8.648519020038366 0
      vertex -16.49778394209355 -9.524999999999999 0
      vertex -16.973674285788405 -8.648519020038366 6.35
    endloop
  endfacet
  facet normal -0.9025852843498604 -0.43051109680829547 2.6191955061501747e-18
    outer loop
      vertex -16.973674285788405 -8.648519020038366 0
      vertex -17.403040968091545 -7.748333050593993 6.35
      vertex -17.403040968091545 -7.748333050593993 0
    endloop
  endfacet
  facet normal -0.9426414910921787 -0.3338068592337701 0
    outer loop
      vertex -18.11762663542267 -5.886773742842747 0
      vertex -17.78470712477169 -6.826909438837969 0
      vertex -18.11762663542267 -5.886773742842747 6.35
    endloop
  endfacet
  facet normal -0.9588197348681917 -0.28401534470392664 -1.3559122799139698e-19
    outer loop
      vertex -18.11762663542267 -5.886773742842747 0
      vertex -18.40088699080675 -4.930502809203019 6.35
      vertex -18.40088699080675 -4.930502809203019 0
    endloop
  endfacet
  facet normal -0.9238795325112876 -0.38268343236508756 9.545713264425965e-19
    outer loop
      vertex -17.403040968091545 -7.748333050593993 0
      vertex -17.78470712477169 -6.826909438837969 6.35
      vertex -17.78470712477169 -6.826909438837969 0
    endloop
  endfacet
  facet normal -0.9025852843498604 -0.43051109680829547 0
    outer loop
      vertex -16.973674285788405 -8.648519020038366 0
      vertex -16.973674285788405 -8.648519020038366 6.35
      vertex -17.403040968091545 -7.748333050593993 6.35
    endloop
  endfacet
  facet normal -0.9238795325112876 -0.38268343236508756 0
    outer loop
      vertex -17.403040968091545 -7.748333050593993 0
      vertex -17.403040968091545 -7.748333050593993 6.35
      vertex -17.78470712477169 -6.826909438837969 6.35
    endloop
  endfacet
  facet normal -0.9426414910921787 -0.3338068592337701 0
    outer loop
      vertex -17.78470712477169 -6.826909438837969 0
      vertex -17.78470712477169 -6.826909438837969 6.35
      vertex -18.11762663542267 -5.886773742842747 6.35
    endloop
  endfacet
  facet normal -0.9588197348681917 -0.28401534470392664 0
    outer loop
      vertex -18.11762663542267 -5.886773742842747 0
      vertex -18.11762663542267 -5.886773742842747 6.35
      vertex -18.40088699080675 -4.930502809203019 6.35
    endloop
  endfacet
  facet normal -0.8788171126619642 -0.47715876025961035 0
    outer loop
      vertex -16.49778394209355 -9.524999999999999 0
      vertex -16.49778394209355 -9.524999999999999 6.35
      vertex -16.973674285788405 -8.648519020038366 6.35
    endloop
  endfacet
  facet normal 0 0 -1
    outer loop
      vertex -16.973674285788405 -8.648519020038366 0
      vertex -17.403040968091545 -7.748333050593993 0
      vertex -16.973674285788405 8.648519020038366 0
    endloop
  endfacet
  facet normal -0.9723699203976768 -0.23344536385590514 -1.7155253698563108e-18
    outer loop
      vertex -18.40088699080675 -4.930502809203019 0
      vertex -18.633711793978996 -3.960717710078315 6.35
      vertex -18.633711793978996 -3.960717710078315 0
    endloop
  endfacet
  facet normal -0.9832549075639547 -0.18223552549214672 -3.9440480956779786e-19
    outer loop
      vertex -18.633711793978996 -3.960717710078315 0
      vertex -18.815462888337372 -2.9800765590163976 6.35
      vertex -18.815462888337372 -2.9800765590163976 0
    endloop
  endfacet
  facet normal 0 0 -1
    outer loop
      vertex -18.40088699080675 -4.930502809203019 0
      vertex -18.633711793978996 -3.960717710078315 0
      vertex -18.40088699080675 4.930502809203019 0
    endloop
  endfacet
  facet normal 0 0 -1
    outer loop
      vertex -18.11762663542267 -5.886773742842747 0
      vertex -17.78470712477169 6.826909438837969 0
      vertex -17.78470712477169 -6.826909438837969 0
    endloop
  endfacet
  facet normal 0 0 -1
    outer loop
      vertex -18.11762663542267 -5.886773742842747 0
      vertex -18.40088699080675 -4.930502809203019 0
      vertex -18.11762663542267 5.886773742842747 0
    endloop
  endfacet
  facet normal 0 0 -1
    outer loop
      vertex -18.815462888337372 -2.9800765590163976 0
      vertex -18.945642106765604 -1.9912672252487984 0
      vertex -18.815462888337372 2.9800765590163976 0
    endloop
  endfacet
  facet normal 0 0 -1
    outer loop
      vertex -18.633711793978996 -3.960717710078315 0
      vertex -18.815462888337372 -2.9800765590163976 0
      vertex -18.633711793978996 3.960717710078315 0
    endloop
  endfacet
  facet normal 0 0 -1
    outer loop
      vertex -18.945642106765604 -1.9912672252487984 0
      vertex -19.023892637074628 -0.9969999664280799 0
      vertex -18.945642106765604 1.9912672252487984 0
    endloop
  endfacet
  facet normal 0 0 -1
    outer loop
      vertex -17.403040968091545 -7.748333050593993 0
      vertex -17.78470712477169 -6.826909438837969 0
      vertex -17.403040968091545 7.748333050593993 0
    endloop
  endfacet
  facet normal -0.9914448613738106 -0.13052619222005024 -2.1155720256849613e-18
    outer loop
      vertex -18.815462888337372 -2.9800765590163976 0
      vertex -18.945642106765604 -1.9912672252487984 6.35
      vertex -18.945642106765604 -1.9912672252487984 0
    endloop
  endfacet
  facet normal -0.9969173337331281 -0.07845909572784368 8.255696624263681e-19
    outer loop
      vertex -18.945642106765604 -1.9912672252487984 0
      vertex -19.023892637074628 -0.9969999664280799 6.35
      vertex -19.023892637074628 -0.9969999664280799 0
    endloop
  endfacet
  facet normal -0.9996573249755571 -0.02617694830787487 -2.721656287100821e-19
    outer loop
      vertex -19.023892637074628 -0.9969999664280799 0
      vertex -19.049999999999997 0 6.35
      vertex -19.049999999999997 0 0
    endloop
  endfacet
  facet normal 0 0 -1
    outer loop
      vertex -15.976674319360326 -10.375373617036264 0
      vertex -16.49778394209355 -9.524999999999999 0
      vertex -15.976674319360326 10.375373617036264 0
    endloop
  endfacet
  facet normal 0 0 -1
    outer loop
      vertex -16.973674285788405 -8.648519020038366 0
      vertex -16.49778394209355 9.524999999999999 0
      vertex -16.49778394209355 -9.524999999999999 0
    endloop
  endfacet
  facet normal 0 0 -1
    outer loop
      vertex -15.976674319360326 -10.375373617036264 0
      vertex -15.411773742842747 11.197309056171612 0
      vertex -15.411773742842747 -11.197309056171612 0
    endloop
  endfacet
  facet normal 0 0 -1
    outer loop
      vertex -14.804630565755293 -11.9885534494994 0
      vertex -15.411773742842747 -11.197309056171612 0
      vertex -14.804630565755293 11.9885534494994 0
    endloop
  endfacet
  facet normal 0 0 -1
    outer loop
      vertex -14.804630565755293 -11.9885534494994 0
      vertex -14.156908925344359 12.746938051136247 0
      vertex -14.156908925344359 -12.746938051136247 0
    endloop
  endfacet
  facet normal -0.9723699203976768 -0.23344536385590514 0
    outer loop
      vertex -18.40088699080675 -4.930502809203019 0
      vertex -18.40088699080675 -4.930502809203019 6.35
      vertex -18.633711793978996 -3.960717710078315 6.35
    endloop
  endfacet
  facet normal -0.9832549075639547 -0.18223552549214672 0
    outer loop
      vertex -18.633711793978996 -3.960717710078315 0
      vertex -18.633711793978996 -3.960717710078315 6.35
      vertex -18.815462888337372 -2.9800765590163976 6.35
    endloop
  endfacet
  facet normal -0.9914448613738106 -0.13052619222005024 0
    outer loop
      vertex -18.815462888337372 -2.9800765590163976 0
      vertex -18.815462888337372 -2.9800765590163976 6.35
      vertex -18.945642106765604 -1.9912672252487984 6.35
    endloop
  endfacet
  facet normal 0 0 1
    outer loop
      vertex -17.403040968091545 -7.748333050593993 6.35
      vertex -17.78470712477169 6.826909438837969 6.35
      vertex -17.78470712477169 -6.826909438837969 6.35
    endloop
  endfacet
  facet normal 0 0 1
    outer loop
      vertex -16.973674285788405 -8.648519020038366 6.35
      vertex -16.49778394209355 -9.524999999999999 6.35
      vertex -16.973674285788405 8.648519020038366 6.35
    endloop
  endfacet
  facet normal 0 0 1
    outer loop
      vertex -16.973674285788405 -8.648519020038366 6.35
      vertex -17.403040968091545 7.748333050593993 6.35
      vertex -17.403040968091545 -7.748333050593993 6.35
    endloop
  endfacet
  facet normal -0.9969173337331281 -0.07845909572784368 0
    outer loop
      vertex -18.945642106765604 -1.9912672252487984 0
      vertex -18.945642106765604 -1.9912672252487984 6.35
      vertex -19.023892637074628 -0.9969999664280799 6.35
    endloop
  endfacet
  facet normal -0.9996573249755571 -0.02617694830787487 0
    outer loop
      vertex -19.023892637074628 -0.9969999664280799 0
      vertex -19.023892637074628 -0.9969999664280799 6.35
      vertex -19.049999999999997 0 6.35
    endloop
  endfacet
  facet normal 0 0 1
    outer loop
      vertex -18.633711793978996 -3.960717710078315 6.35
      vertex -18.815462888337372 2.9800765590163976 6.35
      vertex -18.815462888337372 -2.9800765590163976 6.35
    endloop
  endfacet
  facet normal 0 0 1
    outer loop
      vertex -18.40088699080675 -4.930502809203019 6.35
      vertex -18.633711793978996 3.960717710078315 6.35
      vertex -18.633711793978996 -3.960717710078315 6.35
    endloop
  endfacet
  facet normal 0 0 1
    outer loop
      vertex -18.11762663542267 -5.886773742842747 6.35
      vertex -18.40088699080675 4.930502809203019 6.35
      vertex -18.40088699080675 -4.930502809203019 6.35
    endloop
  endfacet
  facet normal 0 0 1
    outer loop
      vertex -18.11762663542267 -5.886773742842747 6.35
      vertex -17.78470712477169 -6.826909438837969 6.35
      vertex -18.11762663542267 5.886773742842747 6.35
    endloop
  endfacet
  facet normal 0 0 1
    outer loop
      vertex -18.815462888337372 -2.9800765590163976 6.35
      vertex -18.945642106765604 1.9912672252487984 6.35
      vertex -18.945642106765604 -1.9912672252487984 6.35
    endloop
  endfacet
  facet normal 0 0 1
    outer loop
      vertex -18.945642106765604 -1.9912672252487984 6.35
      vertex -19.023892637074628 0.9969999664280799 6.35
      vertex -19.023892637074628 -0.9969999664280799 6.35
    endloop
  endfacet
  facet normal 0 0 1
    outer loop
      vertex -15.976674319360326 -10.375373617036264 6.35
      vertex -15.411773742842747 -11.197309056171612 6.35
      vertex -15.976674319360326 10.375373617036264 6.35
    endloop
  endfacet
  facet normal 0 0 1
    outer loop
      vertex -15.976674319360326 -10.375373617036264 6.35
      vertex -16.49778394209355 9.524999999999999 6.35
      vertex -16.49778394209355 -9.524999999999999 6.35
    endloop
  endfacet
  facet normal 0 0 1
    outer loop
      vertex -14.804630565755293 -11.9885534494994 6.35
      vertex -15.411773742842747 11.197309056171612 6.35
      vertex -15.411773742842747 -11.197309056171612 6.35
    endloop
  endfacet
  facet normal 0 0 1
    outer loop
      vertex -14.804630565755293 -11.9885534494994 6.35
      vertex -14.156908925344359 -12.746938051136247 6.35
      vertex -14.804630565755293 11.9885534494994 6.35
    endloop
  endfacet
  facet normal 0 0 -1
    outer loop
      vertex -12.746938051136247 -14.156908925344359 0
      vertex -12.65060980617964 -3.389720681327076 0
      vertex -12.455868311853088 -4.047156948204389 0
    endloop
  endfacet
  facet normal 0 0 -1
    outer loop
      vertex -11.9885534494994 -14.804630565755293 0
      vertex -12.226986148280538 -4.6935002392011045 0
      vertex -11.964590665562937 -5.326978972283371 0
    endloop
  endfacet
  facet normal 0 0 -1
    outer loop
      vertex -12.746938051136247 -14.156908925344359 0
      vertex -12.455868311853088 -4.047156948204389 0
      vertex -12.226986148280538 -4.6935002392011045 0
    endloop
  endfacet
  facet normal 0 0 -1
    outer loop
      vertex -13.470384181603729 -13.470384181603729 0
      vertex -13.025128948401353 -1.368996217358549 0
      vertex -12.935630735731944 -2.0488026343237733 0
    endloop
  endfacet
  facet normal 0 0 -1
    outer loop
      vertex -13.470384181603729 -13.470384181603729 0
      vertex -13.078926187988808 -0.685437476919305 0
      vertex -13.025128948401353 -1.368996217358549 0
    endloop
  endfacet
  facet normal 0 0 -1
    outer loop
      vertex -12.746938051136247 -14.156908925344359 0
      vertex -12.81067685836056 -2.7229934256788417 0
      vertex -12.65060980617964 -3.389720681327076 0
    endloop
  endfacet
  facet normal 0 0 -1
    outer loop
      vertex -13.470384181603729 -13.470384181603729 0
      vertex -12.935630735731944 -2.0488026343237733 0
      vertex -12.81067685836056 -2.7229934256788417 0
    endloop
  endfacet
  facet normal 0 0 -1
    outer loop
      vertex -11.9885534494994 -14.804630565755293 0
      vertex -11.66940107147953 -5.945856826276376 0
      vertex -11.342226460189318 -6.5484374999999995 0
    endloop
  endfacet
  facet normal 0 0 -1
    outer loop
      vertex -11.9885534494994 -14.804630565755293 0
      vertex -11.964590665562937 -5.326978972283371 0
      vertex -11.66940107147953 -5.945856826276376 0
    endloop
  endfacet
  facet normal 0 0 1
    outer loop
      vertex -12.746938051136247 -14.156908925344359 6.35
      vertex -12.455868311853088 -4.047156948204389 6.35
      vertex -12.65060980617964 -3.389720681327076 6.35
    endloop
  endfacet
  facet normal 0 0 1
    outer loop
      vertex -11.9885534494994 -14.804630565755293 6.35
      vertex -11.964590665562937 -5.326978972283371 6.35
      vertex -12.226986148280538 -4.6935002392011045 6.35
    endloop
  endfacet
  facet normal 0 0 1
    outer loop
      vertex -12.746938051136247 -14.156908925344359 6.35
      vertex -12.226986148280538 -4.6935002392011045 6.35
      vertex -12.455868311853088 -4.047156948204389 6.35
    endloop
  endfacet
  facet normal 0 0 1
    outer loop
      vertex -12.746938051136247 -14.156908925344359 6.35
      vertex -12.65060980617964 -3.389720681327076 6.35
      vertex -12.81067685836056 -2.7229934256788417 6.35
    endloop
  endfacet
  facet normal 0 0 1
    outer loop
      vertex -12.746938051136247 -14.156908925344359 6.35
      vertex -12.81067685836056 -2.7229934256788417 6.35
      vertex -12.935630735731944 -2.0488026343237733 6.35
    endloop
  endfacet
  facet normal 0 0 1
    outer loop
      vertex -12.746938051136247 -14.156908925344359 6.35
      vertex -12.935630735731944 -2.0488026343237733 6.35
      vertex -13.025128948401353 -1.368996217358549 6.35
    endloop
  endfacet
  facet normal 0 0 1
    outer loop
      vertex -12.746938051136247 -14.156908925344359 6.35
      vertex -13.025128948401353 -1.368996217358549 6.35
      vertex -13.078926187988808 -0.685437476919305 6.35
    endloop
  endfacet
  facet normal 0 0 1
    outer loop
      vertex -11.9885534494994 -14.804630565755293 6.35
      vertex -11.342226460189318 -6.5484374999999995 6.35
      vertex -11.66940107147953 -5.945856826276376 6.35
    endloop
  endfacet
  facet normal 0 0 1
    outer loop
      vertex -11.9885534494994 -14.804630565755293 6.35
      vertex -11.66940107147953 -5.945856826276376 6.35
      vertex -11.964590665562937 -5.326978972283371 6.35
    endloop
  endfacet
  facet normal 0 0 -1
    outer loop
      vertex -13.470384181603729 -13.470384181603729 0
      vertex -14.156908925344359 -12.746938051136247 0
      vertex -13.470384181603729 13.470384181603729 0
    endloop
  endfacet
  facet normal 0 0 -1
    outer loop
      vertex -13.470384181603729 -13.470384181603729 0
      vertex -13.096874999999999 0 0
      vertex -13.078926187988808 -0.685437476919305 0
    endloop
  endfacet
  facet normal 0 0 -1
    outer loop
      vertex -13.470384181603729 -13.470384181603729 0
      vertex -13.078926187988808 0.685437476919305 0
      vertex -13.096874999999999 0 0
    endloop
  endfacet
  facet normal 0 0 1
    outer loop
      vertex -13.470384181603729 -13.470384181603729 6.35
      vertex -14.156908925344359 12.746938051136247 6.35
      vertex -14.156908925344359 -12.746938051136247 6.35
    endloop
  endfacet
  facet normal 0 0 1
    outer loop
      vertex -13.470384181603729 -13.470384181603729 6.35
      vertex -12.746938051136247 -14.156908925344359 6.35
      vertex -13.470384181603729 13.470384181603729 6.35
    endloop
  endfacet
  facet normal 0 0 1
    outer loop
      vertex -12.746938051136247 -14.156908925344359 6.35
      vertex -13.078926187988808 -0.685437476919305 6.35
      vertex -13.470384181603729 13.470384181603729 6.35
    endloop
  endfacet
  facet normal -0.47715876025961035 -0.8788171126619642 0
    outer loop
      vertex -8.648519020038366 -16.973674285788405 0
      vertex -8.648519020038366 -16.973674285788405 6.35
      vertex -9.524999999999999 -16.49778394209355 0
    endloop
  endfacet
  facet normal -0.43051109680829547 -0.9025852843498604 2.6191955061501747e-18
    outer loop
      vertex -8.648519020038366 -16.973674285788405 0
      vertex -7.748333050593993 -17.403040968091545 0
      vertex -7.748333050593993 -17.403040968091545 6.35
    endloop
  endfacet
  facet normal 0 0 -1
    outer loop
      vertex -8.648519020038366 -16.973674285788405 0
      vertex -9.524999999999999 -16.49778394209355 0
      vertex -8.242130496530839 -10.178183513956766 0
    endloop
  endfacet
  facet normal 0 0 -1
    outer loop
      vertex -8.648519020038366 -16.973674285788405 0
      vertex -8.242130496530839 -10.178183513956766 0
      vertex -7.748333050593993 -17.403040968091545 0
    endloop
  endfacet
  facet normal -0.3338068592337701 -0.9426414910921787 -4.148070982023565e-18
    outer loop
      vertex -6.826909438837969 -17.78470712477169 0
      vertex -5.886773742842747 -18.11762663542267 0
      vertex -5.886773742842747 -18.11762663542267 6.35
    endloop
  endfacet
  facet normal -0.38268343236508756 -0.9238795325112876 9.545713264425965e-19
    outer loop
      vertex -7.748333050593993 -17.403040968091545 0
      vertex -6.826909438837969 -17.78470712477169 0
      vertex -6.826909438837969 -17.78470712477169 6.35
    endloop
  endfacet
  facet normal -0.28401534470392664 -0.9588197348681917 -1.3559122799139698e-19
    outer loop
      vertex -5.886773742842747 -18.11762663542267 0
      vertex -4.930502809203019 -18.40088699080675 0
      vertex -4.930502809203019 -18.40088699080675 6.35
    endloop
  endfacet
  facet normal 0 0 -1
    outer loop
      vertex -7.748333050593993 -17.403040968091545 0
      vertex -6.5484374999999995 -11.342226460189318 0
      vertex -6.826909438837969 -17.78470712477169 0
    endloop
  endfacet
  facet normal 0 0 -1
    outer loop
      vertex -6.826909438837969 -17.78470712477169 0
      vertex -5.326978972283371 -11.964590665562937 0
      vertex -5.886773742842747 -18.11762663542267 0
    endloop
  endfacet
  facet normal 0 0 -1
    outer loop
      vertex -5.886773742842747 -18.11762663542267 0
      vertex -4.6935002392011045 -12.226986148280538 0
      vertex -4.930502809203019 -18.40088699080675 0
    endloop
  endfacet
  facet normal -0.43051109680829547 -0.9025852843498604 0
    outer loop
      vertex -8.648519020038366 -16.973674285788405 0
      vertex -7.748333050593993 -17.403040968091545 6.35
      vertex -8.648519020038366 -16.973674285788405 6.35
    endloop
  endfacet
  facet normal -0.38268343236508756 -0.9238795325112876 0
    outer loop
      vertex -7.748333050593993 -17.403040968091545 0
      vertex -6.826909438837969 -17.78470712477169 6.35
      vertex -7.748333050593993 -17.403040968091545 6.35
    endloop
  endfacet
  facet normal -0.47715876025961035 -0.8788171126619642 0
    outer loop
      vertex -9.524999999999999 -16.49778394209355 0
      vertex -8.648519020038366 -16.973674285788405 6.35
      vertex -9.524999999999999 -16.49778394209355 6.35
    endloop
  endfacet
  facet normal 0 0 1
    outer loop
      vertex -8.648519020038366 -16.973674285788405 6.35
      vertex -8.763519910156171 -9.732874886174248 6.35
      vertex -9.524999999999999 -16.49778394209355 6.35
    endloop
  endfacet
  facet normal 0 0 1
    outer loop
      vertex -8.648519020038366 -16.973674285788405 6.35
      vertex -7.748333050593993 -17.403040968091545 6.35
      vertex -7.698149976117984 -10.59559444820439 6.35
    endloop
  endfacet
  facet normal -0.3338068592337701 -0.9426414910921787 0
    outer loop
      vertex -6.826909438837969 -17.78470712477169 0
      vertex -5.886773742842747 -18.11762663542267 6.35
      vertex -6.826909438837969 -17.78470712477169 6.35
    endloop
  endfacet
  facet normal -0.28401534470392664 -0.9588197348681917 0
    outer loop
      vertex -5.886773742842747 -18.11762663542267 0
      vertex -4.930502809203019 -18.40088699080675 6.35
      vertex -5.886773742842747 -18.11762663542267 6.35
    endloop
  endfacet
  facet normal 0 0 1
    outer loop
      vertex -7.748333050593993 -17.403040968091545 6.35
      vertex -6.826909438837969 -17.78470712477169 6.35
      vertex -6.5484374999999995 -11.342226460189318 6.35
    endloop
  endfacet
  facet normal 0 0 1
    outer loop
      vertex -6.826909438837969 -17.78470712477169 6.35
      vertex -5.886773742842747 -18.11762663542267 6.35
      vertex -5.945856826276376 -11.66940107147953 6.35
    endloop
  endfacet
  facet normal 0 0 1
    outer loop
      vertex -5.886773742842747 -18.11762663542267 6.35
      vertex -4.930502809203019 -18.40088699080675 6.35
      vertex -4.6935002392011045 -12.226986148280538 6.35
    endloop
  endfacet
  facet normal 0 0 -1
    outer loop
      vertex -9.524999999999999 -16.49778394209355 0
      vertex -8.763519910156171 -9.732874886174248 0
      vertex -8.242130496530839 -10.178183513956766 0
    endloop
  endfacet
  facet normal 0 0 -1
    outer loop
      vertex -7.748333050593993 -17.403040968091545 0
      vertex -8.242130496530839 -10.178183513956766 0
      vertex -7.698149976117984 -10.59559444820439 0
    endloop
  endfacet
  facet normal 0 0 -1
    outer loop
      vertex -7.748333050593993 -17.403040968091545 0
      vertex -7.698149976117984 -10.59559444820439 0
      vertex -7.133069361712432 -10.983963594560224 0
    endloop
  endfacet
  facet normal 0 0 -1
    outer loop
      vertex -9.524999999999999 -16.49778394209355 0
      vertex -9.260889124852564 -9.260889124852564 0
      vertex -8.763519910156171 -9.732874886174248 0
    endloop
  endfacet
  facet normal 0 0 -1
    outer loop
      vertex -7.748333050593993 -17.403040968091545 0
      vertex -7.133069361712432 -10.983963594560224 0
      vertex -6.5484374999999995 -11.342226460189318 0
    endloop
  endfacet
  facet normal 0 0 -1
    outer loop
      vertex -6.826909438837969 -17.78470712477169 0
      vertex -5.945856826276376 -11.66940107147953 0
      vertex -5.326978972283371 -11.964590665562937 0
    endloop
  endfacet
  facet normal 0 0 -1
    outer loop
      vertex -6.826909438837969 -17.78470712477169 0
      vertex -6.5484374999999995 -11.342226460189318 0
      vertex -5.945856826276376 -11.66940107147953 0
    endloop
  endfacet
  facet normal 0 0 -1
    outer loop
      vertex -5.886773742842747 -18.11762663542267 0
      vertex -5.326978972283371 -11.964590665562937 0
      vertex -4.6935002392011045 -12.226986148280538 0
    endloop
  endfacet
  facet normal 0 0 1
    outer loop
      vertex -8.648519020038366 -16.973674285788405 6.35
      vertex -8.242130496530839 -10.178183513956766 6.35
      vertex -8.763519910156171 -9.732874886174248 6.35
    endloop
  endfacet
  facet normal 0 0 1
    outer loop
      vertex -8.648519020038366 -16.973674285788405 6.35
      vertex -7.698149976117984 -10.59559444820439 6.35
      vertex -8.242130496530839 -10.178183513956766 6.35
    endloop
  endfacet
  facet normal 0 0 1
    outer loop
      vertex -7.748333050593993 -17.403040968091545 6.35
      vertex -7.133069361712432 -10.983963594560224 6.35
      vertex -7.698149976117984 -10.59559444820439 6.35
    endloop
  endfacet
  facet normal 0 0 1
    outer loop
      vertex -9.524999999999999 -16.49778394209355 6.35
      vertex -8.763519910156171 -9.732874886174248 6.35
      vertex -9.260889124852564 -9.260889124852564 6.35
    endloop
  endfacet
  facet normal 0 0 1
    outer loop
      vertex -7.748333050593993 -17.403040968091545 6.35
      vertex -6.5484374999999995 -11.342226460189318 6.35
      vertex -7.133069361712432 -10.983963594560224 6.35
    endloop
  endfacet
  facet normal 0 0 1
    outer loop
      vertex -6.826909438837969 -17.78470712477169 6.35
      vertex -5.945856826276376 -11.66940107147953 6.35
      vertex -6.5484374999999995 -11.342226460189318 6.35
    endloop
  endfacet
  facet normal 0 0 1
    outer loop
      vertex -5.886773742842747 -18.11762663542267 6.35
      vertex -5.326978972283371 -11.964590665562937 6.35
      vertex -5.945856826276376 -11.66940107147953 6.35
    endloop
  endfacet
  facet normal 0 0 1
    outer loop
      vertex -5.886773742842747 -18.11762663542267 6.35
      vertex -4.6935002392011045 -12.226986148280538 6.35
      vertex -5.326978972283371 -11.964590665562937 6.35
    endloop
  endfacet
  facet normal 0 0 -1
    outer loop
      vertex -3.960717710078315 -18.633711793978996 0
      vertex -2.7229934256788417 -12.81067685836056 0
      vertex -2.9800765590163976 -18.815462888337372 0
    endloop
  endfacet
  facet normal -0.23344536385590514 -0.9723699203976768 -1.7155253698563108e-18
    outer loop
      vertex -4.930502809203019 -18.40088699080675 0
      vertex -3.960717710078315 -18.633711793978996 0
      vertex -3.960717710078315 -18.633711793978996 6.35
    endloop
  endfacet
  facet normal -0.18223552549214672 -0.9832549075639547 -3.9440480956779786e-19
    outer loop
      vertex -3.960717710078315 -18.633711793978996 0
      vertex -2.9800765590163976 -18.815462888337372 0
      vertex -2.9800765590163976 -18.815462888337372 6.35
    endloop
  endfacet
  facet normal 0 0 -1
    outer loop
      vertex -4.930502809203019 -18.40088699080675 0
      vertex -3.389720681327076 -12.65060980617964 0
      vertex -3.960717710078315 -18.633711793978996 0
    endloop
  endfacet
  facet normal 0 0 -1
    outer loop
      vertex -4.930502809203019 -18.40088699080675 0
      vertex -4.6935002392011045 -12.226986148280538 0
      vertex -4.047156948204389 -12.455868311853088 0
    endloop
  endfacet
  facet normal 0 0 -1
    outer loop
      vertex -4.930502809203019 -18.40088699080675 0
      vertex -4.047156948204389 -12.455868311853088 0
      vertex -3.389720681327076 -12.65060980617964 0
    endloop
  endfacet
  facet normal 0 0 -1
    outer loop
      vertex -3.960717710078315 -18.633711793978996 0
      vertex -3.389720681327076 -12.65060980617964 0
      vertex -2.7229934256788417 -12.81067685836056 0
    endloop
  endfacet
  facet normal 0 0 -1
    outer loop
      vertex -2.9800765590163976 -18.815462888337372 0
      vertex -2.7229934256788417 -12.81067685836056 0
      vertex -2.0488026343237733 -12.935630735731944 0
    endloop
  endfacet
  facet normal 0 0 -1
    outer loop
      vertex -2.9800765590163976 -18.815462888337372 0
      vertex -1.368996217358549 -13.025128948401353 0
      vertex -1.9912672252487984 -18.945642106765604 0
    endloop
  endfacet
  facet normal 0 0 -1
    outer loop
      vertex -1.9912672252487984 -18.945642106765604 0
      vertex -0.685437476919305 -13.078926187988808 0
      vertex -0.9969999664280799 -19.023892637074628 0
    endloop
  endfacet
  facet normal 0 0 -1
    outer loop
      vertex -0.9969999664280799 -19.023892637074628 0
      vertex 0 -13.096874999999999 0
      vertex 0 -19.049999999999997 0
    endloop
  endfacet
  facet normal -0.13052619222005024 -0.9914448613738106 -2.1155720256849613e-18
    outer loop
      vertex -2.9800765590163976 -18.815462888337372 0
      vertex -1.9912672252487984 -18.945642106765604 0
      vertex -1.9912672252487984 -18.945642106765604 6.35
    endloop
  endfacet
  facet normal -0.07845909572784368 -0.9969173337331281 8.255696624263681e-19
    outer loop
      vertex -1.9912672252487984 -18.945642106765604 0
      vertex -0.9969999664280799 -19.023892637074628 0
      vertex -0.9969999664280799 -19.023892637074628 6.35
    endloop
  endfacet
  facet normal -0.02617694830787487 -0.9996573249755571 -2.721656287100821e-19
    outer loop
      vertex -0.9969999664280799 -19.023892637074628 0
      vertex 0 -19.049999999999997 0
      vertex 0 -19.049999999999997 6.35
    endloop
  endfacet
  facet normal 0 0 -1
    outer loop
      vertex -2.9800765590163976 -18.815462888337372 0
      vertex -2.0488026343237733 -12.935630735731944 0
      vertex -1.368996217358549 -13.025128948401353 0
    endloop
  endfacet
  facet normal 0 0 -1
    outer loop
      vertex -1.9912672252487984 -18.945642106765604 0
      vertex -1.368996217358549 -13.025128948401353 0
      vertex -0.685437476919305 -13.078926187988808 0
    endloop
  endfacet
  facet normal 0 0 -1
    outer loop
      vertex -0.9969999664280799 -19.023892637074628 0
      vertex -0.685437476919305 -13.078926187988808 0
      vertex 0 -13.096874999999999 0
    endloop
  endfacet
  facet normal -0.23344536385590514 -0.9723699203976768 0
    outer loop
      vertex -4.930502809203019 -18.40088699080675 0
      vertex -3.960717710078315 -18.633711793978996 6.35
      vertex -4.930502809203019 -18.40088699080675 6.35
    endloop
  endfacet
  facet normal -0.18223552549214672 -0.9832549075639547 0
    outer loop
      vertex -3.960717710078315 -18.633711793978996 0
      vertex -2.9800765590163976 -18.815462888337372 6.35
      vertex -3.960717710078315 -18.633711793978996 6.35
    endloop
  endfacet
  facet normal -0.13052619222005024 -0.9914448613738106 0
    outer loop
      vertex -2.9800765590163976 -18.815462888337372 0
      vertex -1.9912672252487984 -18.945642106765604 6.35
      vertex -2.9800765590163976 -18.815462888337372 6.35
    endloop
  endfacet
  facet normal 0 0 1
    outer loop
      vertex -3.960717710078315 -18.633711793978996 6.35
      vertex -2.9800765590163976 -18.815462888337372 6.35
      vertex -2.7229934256788417 -12.81067685836056 6.35
    endloop
  endfacet
  facet normal 0 0 1
    outer loop
      vertex -4.930502809203019 -18.40088699080675 6.35
      vertex -3.960717710078315 -18.633711793978996 6.35
      vertex -4.047156948204389 -12.455868311853088 6.35
    endloop
  endfacet
  facet normal 0 0 1
    outer loop
      vertex -4.930502809203019 -18.40088699080675 6.35
      vertex -4.047156948204389 -12.455868311853088 6.35
      vertex -4.6935002392011045 -12.226986148280538 6.35
    endloop
  endfacet
  facet normal 0 0 1
    outer loop
      vertex -3.960717710078315 -18.633711793978996 6.35
      vertex -3.389720681327076 -12.65060980617964 6.35
      vertex -4.047156948204389 -12.455868311853088 6.35
    endloop
  endfacet
  facet normal 0 0 1
    outer loop
      vertex -3.960717710078315 -18.633711793978996 6.35
      vertex -2.7229934256788417 -12.81067685836056 6.35
      vertex -3.389720681327076 -12.65060980617964 6.35
    endloop
  endfacet
  facet normal 0 0 1
    outer loop
      vertex -2.9800765590163976 -18.815462888337372 6.35
      vertex -2.0488026343237733 -12.935630735731944 6.35
      vertex -2.7229934256788417 -12.81067685836056 6.35
    endloop
  endfacet
  facet normal -0.07845909572784368 -0.9969173337331281 0
    outer loop
      vertex -1.9912672252487984 -18.945642106765604 0
      vertex -0.9969999664280799 -19.023892637074628 6.35
      vertex -1.9912672252487984 -18.945642106765604 6.35
    endloop
  endfacet
  facet normal -0.02617694830787487 -0.9996573249755571 0
    outer loop
      vertex -0.9969999664280799 -19.023892637074628 0
      vertex 0 -19.049999999999997 6.35
      vertex -0.9969999664280799 -19.023892637074628 6.35
    endloop
  endfacet
  facet normal 0 0 1
    outer loop
      vertex -2.9800765590163976 -18.815462888337372 6.35
      vertex -1.9912672252487984 -18.945642106765604 6.35
      vertex -2.0488026343237733 -12.935630735731944 6.35
    endloop
  endfacet
  facet normal 0 0 1
    outer loop
      vertex -1.9912672252487984 -18.945642106765604 6.35
      vertex -0.9969999664280799 -19.023892637074628 6.35
      vertex -0.685437476919305 -13.078926187988808 6.35
    endloop
  endfacet
  facet normal 0 0 1
    outer loop
      vertex -0.9969999664280799 -19.023892637074628 6.35
      vertex 0 -19.049999999999997 6.35
      vertex 0 -13.096874999999999 6.35
    endloop
  endfacet
  facet normal 0 0 1
    outer loop
      vertex -1.9912672252487984 -18.945642106765604 6.35
      vertex -1.368996217358549 -13.025128948401353 6.35
      vertex -2.0488026343237733 -12.935630735731944 6.35
    endloop
  endfacet
  facet normal 0 0 1
    outer loop
      vertex -1.9912672252487984 -18.945642106765604 6.35
      vertex -0.685437476919305 -13.078926187988808 6.35
      vertex -1.368996217358549 -13.025128948401353 6.35
    endloop
  endfacet
  facet normal 0 0 1
    outer loop
      vertex -0.9969999664280799 -19.023892637074628 6.35
      vertex 0 -13.096874999999999 6.35
      vertex -0.685437476919305 -13.078926187988808 6.35
    endloop
  endfacet
  facet normal 0 0 -1
    outer loop
      vertex -19.023892637074628 -0.9969999664280799 0
      vertex -19.049999999999997 0 0
      vertex -19.023892637074628 0.9969999664280799 0
    endloop
  endfacet
  facet normal 0 0 -1
    outer loop
      vertex -19.023892637074628 -0.9969999664280799 0
      vertex -19.023892637074628 0.9969999664280799 0
      vertex -18.945642106765604 1.9912672252487984 0
    endloop
  endfacet
  facet normal 0 0 -1
    outer loop
      vertex -18.945642106765604 -1.9912672252487984 0
      vertex -18.945642106765604 1.9912672252487984 0
      vertex -18.815462888337372 2.9800765590163976 0
    endloop
  endfacet
  facet normal 0 0 -1
    outer loop
      vertex -18.815462888337372 -2.9800765590163976 0
      vertex -18.815462888337372 2.9800765590163976 0
      vertex -18.633711793978996 3.960717710078315 0
    endloop
  endfacet
  facet normal 0 0 -1
    outer loop
      vertex -18.633711793978996 -3.960717710078315 0
      vertex -18.633711793978996 3.960717710078315 0
      vertex -18.40088699080675 4.930502809203019 0
    endloop
  endfacet
  facet normal 0 0 -1
    outer loop
      vertex -18.40088699080675 -4.930502809203019 0
      vertex -18.40088699080675 4.930502809203019 0
      vertex -18.11762663542267 5.886773742842747 0
    endloop
  endfacet
  facet normal 0 0 -1
    outer loop
      vertex -18.11762663542267 -5.886773742842747 0
      vertex -18.11762663542267 5.886773742842747 0
      vertex -17.78470712477169 6.826909438837969 0
    endloop
  endfacet
  facet normal -0.9996573249755571 0.02617694830787487 2.721656287100821e-19
    outer loop
      vertex -19.049999999999997 0 0
      vertex -19.023892637074628 0.9969999664280799 6.35
      vertex -19.023892637074628 0.9969999664280799 0
    endloop
  endfacet
  facet normal -0.9969173337331281 0.07845909572784368 -8.255696624263681e-19
    outer loop
      vertex -19.023892637074628 0.9969999664280799 0
      vertex -18.945642106765604 1.9912672252487984 6.35
      vertex -18.945642106765604 1.9912672252487984 0
    endloop
  endfacet
  facet normal 0 0 -1
    outer loop
      vertex -17.78470712477169 -6.826909438837969 0
      vertex -17.78470712477169 6.826909438837969 0
      vertex -17.403040968091545 7.748333050593993 0
    endloop
  endfacet
  facet normal 0 0 -1
    outer loop
      vertex -17.403040968091545 -7.748333050593993 0
      vertex -17.403040968091545 7.748333050593993 0
      vertex -16.973674285788405 8.648519020038366 0
    endloop
  endfacet
  facet normal 0 0 -1
    outer loop
      vertex -16.973674285788405 -8.648519020038366 0
      vertex -16.973674285788405 8.648519020038366 0
      vertex -16.49778394209355 9.524999999999999 0
    endloop
  endfacet
  facet normal -0.9914448613738106 0.13052619222005024 2.1155720256849613e-18
    outer loop
      vertex -18.945642106765604 1.9912672252487984 0
      vertex -18.815462888337372 2.9800765590163976 6.35
      vertex -18.815462888337372 2.9800765590163976 0
    endloop
  endfacet
  facet normal -0.9832549075639547 0.18223552549214672 3.9440480956779786e-19
    outer loop
      vertex -18.815462888337372 2.9800765590163976 0
      vertex -18.633711793978996 3.960717710078315 6.35
      vertex -18.633711793978996 3.960717710078315 0
    endloop
  endfacet
  facet normal -0.9723699203976768 0.23344536385590514 1.7155253698563108e-18
    outer loop
      vertex -18.633711793978996 3.960717710078315 0
      vertex -18.40088699080675 4.930502809203019 6.35
      vertex -18.40088699080675 4.930502809203019 0
    endloop
  endfacet
  facet normal 0 0 -1
    outer loop
      vertex -16.49778394209355 -9.524999999999999 0
      vertex -16.49778394209355 9.524999999999999 0
      vertex -15.976674319360326 10.375373617036264 0
    endloop
  endfacet
  facet normal 0 0 -1
    outer loop
      vertex -15.976674319360326 -10.375373617036264 0
      vertex -15.976674319360326 10.375373617036264 0
      vertex -15.411773742842747 11.197309056171612 0
    endloop
  endfacet
  facet normal 0 0 -1
    outer loop
      vertex -15.411773742842747 -11.197309056171612 0
      vertex -15.411773742842747 11.197309056171612 0
      vertex -14.804630565755293 11.9885534494994 0
    endloop
  endfacet
  facet normal 0 0 -1
    outer loop
      vertex -14.804630565755293 -11.9885534494994 0
      vertex -14.804630565755293 11.9885534494994 0
      vertex -14.156908925344359 12.746938051136247 0
    endloop
  endfacet
  facet normal -0.9996573249755571 0.02617694830787487 0
    outer loop
      vertex -19.049999999999997 0 0
      vertex -19.049999999999997 0 6.35
      vertex -19.023892637074628 0.9969999664280799 6.35
    endloop
  endfacet
  facet normal -0.9969173337331281 0.07845909572784368 0
    outer loop
      vertex -19.023892637074628 0.9969999664280799 0
      vertex -19.023892637074628 0.9969999664280799 6.35
      vertex -18.945642106765604 1.9912672252487984 6.35
    endloop
  endfacet
  facet normal -0.9914448613738106 0.13052619222005024 0
    outer loop
      vertex -18.945642106765604 1.9912672252487984 0
      vertex -18.945642106765604 1.9912672252487984 6.35
      vertex -18.815462888337372 2.9800765590163976 6.35
    endloop
  endfacet
  facet normal 0 0 1
    outer loop
      vertex -19.023892637074628 -0.9969999664280799 6.35
      vertex -19.023892637074628 0.9969999664280799 6.35
      vertex -19.049999999999997 0 6.35
    endloop
  endfacet
  facet normal 0 0 1
    outer loop
      vertex -18.945642106765604 -1.9912672252487984 6.35
      vertex -18.945642106765604 1.9912672252487984 6.35
      vertex -19.023892637074628 0.9969999664280799 6.35
    endloop
  endfacet
  facet normal 0 0 1
    outer loop
      vertex -18.815462888337372 -2.9800765590163976 6.35
      vertex -18.815462888337372 2.9800765590163976 6.35
      vertex -18.945642106765604 1.9912672252487984 6.35
    endloop
  endfacet
  facet normal 0 0 1
    outer loop
      vertex -18.633711793978996 -3.960717710078315 6.35
      vertex -18.633711793978996 3.960717710078315 6.35
      vertex -18.815462888337372 2.9800765590163976 6.35
    endloop
  endfacet
  facet normal 0 0 1
    outer loop
      vertex -18.40088699080675 -4.930502809203019 6.35
      vertex -18.40088699080675 4.930502809203019 6.35
      vertex -18.633711793978996 3.960717710078315 6.35
    endloop
  endfacet
  facet normal 0 0 1
    outer loop
      vertex -18.11762663542267 -5.886773742842747 6.35
      vertex -18.11762663542267 5.886773742842747 6.35
      vertex -18.40088699080675 4.930502809203019 6.35
    endloop
  endfacet
  facet normal 0 0 1
    outer loop
      vertex -17.78470712477169 -6.826909438837969 6.35
      vertex -17.78470712477169 6.826909438837969 6.35
      vertex -18.11762663542267 5.886773742842747 6.35
    endloop
  endfacet
  facet normal 0 0 1
    outer loop
      vertex -17.403040968091545 -7.748333050593993 6.35
      vertex -17.403040968091545 7.748333050593993 6.35
      vertex -17.78470712477169 6.826909438837969 6.35
    endloop
  endfacet
  facet normal -0.9832549075639547 0.18223552549214672 0
    outer loop
      vertex -18.815462888337372 2.9800765590163976 0
      vertex -18.815462888337372 2.9800765590163976 6.35
      vertex -18.633711793978996 3.960717710078315 6.35
    endloop
  endfacet
  facet normal -0.9723699203976768 0.23344536385590514 0
    outer loop
      vertex -18.633711793978996 3.960717710078315 0
      vertex -18.633711793978996 3.960717710078315 6.35
      vertex -18.40088699080675 4.930502809203019 6.35
    endloop
  endfacet
  facet normal 0 0 1
    outer loop
      vertex -16.973674285788405 -8.648519020038366 6.35
      vertex -16.973674285788405 8.648519020038366 6.35
      vertex -17.403040968091545 7.748333050593993 6.35
    endloop
  endfacet
  facet normal 0 0 1
    outer loop
      vertex -16.49778394209355 -9.524999999999999 6.35
      vertex -16.49778394209355 9.524999999999999 6.35
      vertex -16.973674285788405 8.648519020038366 6.35
    endloop
  endfacet
  facet normal 0 0 1
    outer loop
      vertex -15.976674319360326 -10.375373617036264 6.35
      vertex -15.976674319360326 10.375373617036264 6.35
      vertex -16.49778394209355 9.524999999999999 6.35
    endloop
  endfacet
  facet normal 0 0 1
    outer loop
      vertex -15.411773742842747 -11.197309056171612 6.35
      vertex -15.411773742842747 11.197309056171612 6.35
      vertex -15.976674319360326 10.375373617036264 6.35
    endloop
  endfacet
  facet normal 0 0 1
    outer loop
      vertex -14.804630565755293 -11.9885534494994 6.35
      vertex -14.804630565755293 11.9885534494994 6.35
      vertex -15.411773742842747 11.197309056171612 6.35
    endloop
  endfacet
  facet normal 0 0 1
    outer loop
      vertex -14.156908925344359 -12.746938051136247 6.35
      vertex -14.156908925344359 12.746938051136247 6.35
      vertex -14.804630565755293 11.9885534494994 6.35
    endloop
  endfacet
  facet normal -0.9588197348681917 0.28401534470392664 1.3559122799139698e-19
    outer loop
      vertex -18.40088699080675 4.930502809203019 0
      vertex -18.11762663542267 5.886773742842747 6.35
      vertex -18.11762663542267 5.886773742842747 0
    endloop
  endfacet
  facet normal -0.9426414910921787 0.3338068592337701 4.148070982023565e-18
    outer loop
      vertex -18.11762663542267 5.886773742842747 0
      vertex -17.78470712477169 6.826909438837969 6.35
      vertex -17.78470712477169 6.826909438837969 0
    endloop
  endfacet
  facet normal -0.9238795325112876 0.38268343236508756 -9.545713264425965e-19
    outer loop
      vertex -17.78470712477169 6.826909438837969 0
      vertex -17.403040968091545 7.748333050593993 6.35
      vertex -17.403040968091545 7.748333050593993 0
    endloop
  endfacet
  facet normal -0.9025852843498604 0.43051109680829547 -2.6191955061501747e-18
    outer loop
      vertex -17.403040968091545 7.748333050593993 0
      vertex -16.973674285788405 8.648519020038366 6.35
      vertex -16.973674285788405 8.648519020038366 0
    endloop
  endfacet
  facet normal -0.8788171126619642 0.47715876025961035 7.826144879942807e-19
    outer loop
      vertex -16.973674285788405 8.648519020038366 0
      vertex -16.49778394209355 9.524999999999999 6.35
      vertex -16.49778394209355 9.524999999999999 0
    endloop
  endfacet
  facet normal -0.9588197348681917 0.28401534470392664 0
    outer loop
      vertex -18.40088699080675 4.930502809203019 0
      vertex -18.40088699080675 4.930502809203019 6.35
      vertex -18.11762663542267 5.886773742842747 6.35
    endloop
  endfacet
  facet normal -0.9426414910921787 0.3338068592337701 0
    outer loop
      vertex -18.11762663542267 5.886773742842747 0
      vertex -18.11762663542267 5.886773742842747 6.35
      vertex -17.78470712477169 6.826909438837969 6.35
    endloop
  endfacet
  facet normal -0.9238795325112876 0.38268343236508756 0
    outer loop
      vertex -17.78470712477169 6.826909438837969 0
      vertex -17.78470712477169 6.826909438837969 6.35
      vertex -17.403040968091545 7.748333050593993 6.35
    endloop
  endfacet
  facet normal -0.9025852843498604 0.43051109680829547 0
    outer loop
      vertex -17.403040968091545 7.748333050593993 0
      vertex -17.403040968091545 7.748333050593993 6.35
      vertex -16.973674285788405 8.648519020038366 6.35
    endloop
  endfacet
  facet normal -0.8788171126619642 0.47715876025961035 0
    outer loop
      vertex -16.973674285788405 8.648519020038366 0
      vertex -16.973674285788405 8.648519020038366 6.35
      vertex -16.49778394209355 9.524999999999999 6.35
    endloop
  endfacet
  facet normal 0 0 -1
    outer loop
      vertex -13.470384181603729 -13.470384181603729 0
      vertex -12.746938051136247 14.156908925344359 0
      vertex -13.078926187988808 0.685437476919305 0
    endloop
  endfacet
  facet normal 0 0 -1
    outer loop
      vertex -14.156908925344359 -12.746938051136247 0
      vertex -14.156908925344359 12.746938051136247 0
      vertex -13.470384181603729 13.470384181603729 0
    endloop
  endfacet
  facet normal 0 0 -1
    outer loop
      vertex -13.470384181603729 -13.470384181603729 0
      vertex -13.470384181603729 13.470384181603729 0
      vertex -12.746938051136247 14.156908925344359 0
    endloop
  endfacet
  facet normal 0 0 1
    outer loop
      vertex -13.470384181603729 -13.470384181603729 6.35
      vertex -13.470384181603729 13.470384181603729 6.35
      vertex -14.156908925344359 12.746938051136247 6.35
    endloop
  endfacet
  facet normal 0 0 1
    outer loop
      vertex -13.078926187988808 -0.685437476919305 6.35
      vertex -13.096874999999999 0 6.35
      vertex -13.470384181603729 13.470384181603729 6.35
    endloop
  endfacet
  facet normal 0 0 1
    outer loop
      vertex -13.096874999999999 0 6.35
      vertex -13.078926187988808 0.685437476919305 6.35
      vertex -13.470384181603729 13.470384181603729 6.35
    endloop
  endfacet
  facet normal 0 0 -1
    outer loop
      vertex -13.078926187988808 0.685437476919305 0
      vertex -12.746938051136247 14.156908925344359 0
      vertex -13.025128948401353 1.368996217358549 0
    endloop
  endfacet
  facet normal 0 0 -1
    outer loop
      vertex -13.025128948401353 1.368996217358549 0
      vertex -12.746938051136247 14.156908925344359 0
      vertex -12.935630735731944 2.0488026343237733 0
    endloop
  endfacet
  facet normal 0 0 -1
    outer loop
      vertex -12.935630735731944 2.0488026343237733 0
      vertex -12.746938051136247 14.156908925344359 0
      vertex -12.81067685836056 2.7229934256788417 0
    endloop
  endfacet
  facet normal 0 0 -1
    outer loop
      vertex -12.81067685836056 2.7229934256788417 0
      vertex -12.746938051136247 14.156908925344359 0
      vertex -12.65060980617964 3.389720681327076 0
    endloop
  endfacet
  facet normal 0 0 -1
    outer loop
      vertex -12.65060980617964 3.389720681327076 0
      vertex -12.746938051136247 14.156908925344359 0
      vertex -12.455868311853088 4.047156948204389 0
    endloop
  endfacet
  facet normal 0 0 -1
    outer loop
      vertex -12.455868311853088 4.047156948204389 0
      vertex -12.746938051136247 14.156908925344359 0
      vertex -12.226986148280538 4.6935002392011045 0
    endloop
  endfacet
  facet normal 0 0 -1
    outer loop
      vertex -12.226986148280538 4.6935002392011045 0
      vertex -11.9885534494994 14.804630565755293 0
      vertex -11.964590665562937 5.326978972283371 0
    endloop
  endfacet
  facet normal 0 0 -1
    outer loop
      vertex -11.964590665562937 5.326978972283371 0
      vertex -11.9885534494994 14.804630565755293 0
      vertex -11.66940107147953 5.945856826276376 0
    endloop
  endfacet
  facet normal 0 0 -1
    outer loop
      vertex -11.66940107147953 5.945856826276376 0
      vertex -11.9885534494994 14.804630565755293 0
      vertex -11.342226460189318 6.5484374999999995 0
    endloop
  endfacet
  facet normal 0 0 1
    outer loop
      vertex -13.078926187988808 0.685437476919305 6.35
      vertex -13.025128948401353 1.368996217358549 6.35
      vertex -13.470384181603729 13.470384181603729 6.35
    endloop
  endfacet
  facet normal 0 0 1
    outer loop
      vertex -13.025128948401353 1.368996217358549 6.35
      vertex -12.935630735731944 2.0488026343237733 6.35
      vertex -13.470384181603729 13.470384181603729 6.35
    endloop
  endfacet
  facet normal 0 0 1
    outer loop
      vertex -12.935630735731944 2.0488026343237733 6.35
      vertex -12.81067685836056 2.7229934256788417 6.35
      vertex -13.470384181603729 13.470384181603729 6.35
    endloop
  endfacet
  facet normal 0 0 1
    outer loop
      vertex -12.81067685836056 2.7229934256788417 6.35
      vertex -12.65060980617964 3.389720681327076 6.35
      vertex -12.746938051136247 14.156908925344359 6.35
    endloop
  endfacet
  facet normal 0 0 1
    outer loop
      vertex -12.65060980617964 3.389720681327076 6.35
      vertex -12.455868311853088 4.047156948204389 6.35
      vertex -12.746938051136247 14.156908925344359 6.35
    endloop
  endfacet
  facet normal 0 0 1
    outer loop
      vertex -12.455868311853088 4.047156948204389 6.35
      vertex -12.226986148280538 4.6935002392011045 6.35
      vertex -12.746938051136247 14.156908925344359 6.35
    endloop
  endfacet
  facet normal 0 0 1
    outer loop
      vertex -12.226986148280538 4.6935002392011045 6.35
      vertex -11.964590665562937 5.326978972283371 6.35
      vertex -11.9885534494994 14.804630565755293 6.35
    endloop
  endfacet
  facet normal 0 0 1
    outer loop
      vertex -11.964590665562937 5.326978972283371 6.35
      vertex -11.66940107147953 5.945856826276376 6.35
      vertex -11.9885534494994 14.804630565755293 6.35
    endloop
  endfacet
  facet normal 0 0 1
    outer loop
      vertex -11.66940107147953 5.945856826276376 6.35
      vertex -11.342226460189318 6.5484374999999995 6.35
      vertex -11.9885534494994 14.804630565755293 6.35
    endloop
  endfacet
  facet normal -0.8526401643540931 0.5224985647159474 -2.4097838150264942e-18
    outer loop
      vertex -16.49778394209355 9.524999999999999 0
      vertex -15.976674319360326 10.375373617036264 6.35
      vertex -15.976674319360326 10.375373617036264 0
    endloop
  endfacet
  facet normal -0.8241261886220166 0.5664062369248316 -3.519488346745084e-18
    outer loop
      vertex -15.976674319360326 10.375373617036264 0
      vertex -15.411773742842747 11.197309056171612 6.35
      vertex -15.411773742842747 11.197309056171612 0
    endloop
  endfacet
  facet normal -0.7933533402912338 0.6087614290087223 -2.5091016207220086e-18
    outer loop
      vertex -15.411773742842747 11.197309056171612 0
      vertex -14.804630565755293 11.9885534494994 6.35
      vertex -14.804630565755293 11.9885534494994 0
    endloop
  endfacet
  facet normal -0.760405965600032 0.6494480483301824 -3.2201371289681985e-18
    outer loop
      vertex -14.804630565755293 11.9885534494994 0
      vertex -14.156908925344359 12.746938051136247 6.35
      vertex -14.156908925344359 12.746938051136247 0
    endloop
  endfacet
  facet normal -0.8526401643540931 0.5224985647159474 0
    outer loop
      vertex -16.49778394209355 9.524999999999999 0
      vertex -16.49778394209355 9.524999999999999 6.35
      vertex -15.976674319360326 10.375373617036264 6.35
    endloop
  endfacet
  facet normal -0.8241261886220166 0.5664062369248316 0
    outer loop
      vertex -15.976674319360326 10.375373617036264 0
      vertex -15.976674319360326 10.375373617036264 6.35
      vertex -15.411773742842747 11.197309056171612 6.35
    endloop
  endfacet
  facet normal -0.7933533402912338 0.6087614290087223 0
    outer loop
      vertex -15.411773742842747 11.197309056171612 0
      vertex -15.411773742842747 11.197309056171612 6.35
      vertex -14.804630565755293 11.9885534494994 6.35
    endloop
  endfacet
  facet normal -0.760405965600032 0.6494480483301824 0
    outer loop
      vertex -14.804630565755293 11.9885534494994 0
      vertex -14.804630565755293 11.9885534494994 6.35
      vertex -14.156908925344359 12.746938051136247 6.35
    endloop
  endfacet
  facet normal 0 0 -1
    outer loop
      vertex -12.226986148280538 4.6935002392011045 0
      vertex -12.746938051136247 14.156908925344359 0
      vertex -11.9885534494994 14.804630565755293 0
    endloop
  endfacet
  facet normal -0.7253743710122874 0.6883545756937542 2.1997690076736642e-18
    outer loop
      vertex -14.156908925344359 12.746938051136247 0
      vertex -13.470384181603729 13.470384181603729 6.35
      vertex -13.470384181603729 13.470384181603729 0
    endloop
  endfacet
  facet normal -0.6883545756937542 0.7253743710122874 0
    outer loop
      vertex -13.470384181603729 13.470384181603729 0
      vertex -13.470384181603729 13.470384181603729 6.35
      vertex -12.746938051136247 14.156908925344359 0
    endloop
  endfacet
  facet normal 0 0 -1
    outer loop
      vertex -11.342226460189318 6.5484374999999995 0
      vertex -11.197309056171612 15.411773742842747 0
      vertex -10.983963594560224 7.133069361712432 0
    endloop
  endfacet
  facet normal 0 0 -1
    outer loop
      vertex -10.983963594560224 7.133069361712432 0
      vertex -11.197309056171612 15.411773742842747 0
      vertex -10.59559444820439 7.698149976117984 0
    endloop
  endfacet
  facet normal 0 0 -1
    outer loop
      vertex -10.59559444820439 7.698149976117984 0
      vertex -10.375373617036264 15.976674319360326 0
      vertex -10.178183513956766 8.242130496530839 0
    endloop
  endfacet
  facet normal 0 0 -1
    outer loop
      vertex -10.178183513956766 8.242130496530839 0
      vertex -10.375373617036264 15.976674319360326 0
      vertex -9.732874886174248 8.763519910156171 0
    endloop
  endfacet
  facet normal 0 0 -1
    outer loop
      vertex -11.342226460189318 6.5484374999999995 0
      vertex -11.9885534494994 14.804630565755293 0
      vertex -11.197309056171612 15.411773742842747 0
    endloop
  endfacet
  facet normal 0 0 -1
    outer loop
      vertex -10.59559444820439 7.698149976117984 0
      vertex -11.197309056171612 15.411773742842747 0
      vertex -10.375373617036264 15.976674319360326 0
    endloop
  endfacet
  facet normal 0 0 -1
    outer loop
      vertex -9.732874886174248 8.763519910156171 0
      vertex -10.375373617036264 15.976674319360326 0
      vertex -9.524999999999999 16.49778394209355 0
    endloop
  endfacet
  facet normal 0 0 1
    outer loop
      vertex -12.81067685836056 2.7229934256788417 6.35
      vertex -12.746938051136247 14.156908925344359 6.35
      vertex -13.470384181603729 13.470384181603729 6.35
    endloop
  endfacet
  facet normal 0 0 1
    outer loop
      vertex -12.226986148280538 4.6935002392011045 6.35
      vertex -11.9885534494994 14.804630565755293 6.35
      vertex -12.746938051136247 14.156908925344359 6.35
    endloop
  endfacet
  facet normal -0.7253743710122874 0.6883545756937542 0
    outer loop
      vertex -14.156908925344359 12.746938051136247 0
      vertex -14.156908925344359 12.746938051136247 6.35
      vertex -13.470384181603729 13.470384181603729 6.35
    endloop
  endfacet
  facet normal -0.6883545756937542 0.7253743710122874 0
    outer loop
      vertex -12.746938051136247 14.156908925344359 0
      vertex -13.470384181603729 13.470384181603729 6.35
      vertex -12.746938051136247 14.156908925344359 6.35
    endloop
  endfacet
  facet normal 0 0 1
    outer loop
      vertex -11.342226460189318 6.5484374999999995 6.35
      vertex -10.983963594560224 7.133069361712432 6.35
      vertex -11.197309056171612 15.411773742842747 6.35
    endloop
  endfacet
  facet normal 0 0 1
    outer loop
      vertex -10.983963594560224 7.133069361712432 6.35
      vertex -10.59559444820439 7.698149976117984 6.35
      vertex -11.197309056171612 15.411773742842747 6.35
    endloop
  endfacet
  facet normal 0 0 1
    outer loop
      vertex -10.59559444820439 7.698149976117984 6.35
      vertex -10.178183513956766 8.242130496530839 6.35
      vertex -10.375373617036264 15.976674319360326 6.35
    endloop
  endfacet
  facet normal 0 0 1
    outer loop
      vertex -10.178183513956766 8.242130496530839 6.35
      vertex -9.732874886174248 8.763519910156171 6.35
      vertex -10.375373617036264 15.976674319360326 6.35
    endloop
  endfacet
  facet normal 0 0 1
    outer loop
      vertex -11.342226460189318 6.5484374999999995 6.35
      vertex -11.197309056171612 15.411773742842747 6.35
      vertex -11.9885534494994 14.804630565755293 6.35
    endloop
  endfacet
  facet normal 0 0 1
    outer loop
      vertex -10.59559444820439 7.698149976117984 6.35
      vertex -10.375373617036264 15.976674319360326 6.35
      vertex -11.197309056171612 15.411773742842747 6.35
    endloop
  endfacet
  facet normal 0 0 1
    outer loop
      vertex -9.732874886174248 8.763519910156171 6.35
      vertex -9.524999999999999 16.49778394209355 6.35
      vertex -10.375373617036264 15.976674319360326 6.35
    endloop
  endfacet
  facet normal -0.6494480483301824 0.760405965600032 0
    outer loop
      vertex -12.746938051136247 14.156908925344359 0
      vertex -12.746938051136247 14.156908925344359 6.35
      vertex -11.9885534494994 14.804630565755293 0
    endloop
  endfacet
  facet normal -0.6087614290087223 0.7933533402912338 0
    outer loop
      vertex -11.9885534494994 14.804630565755293 0
      vertex -11.9885534494994 14.804630565755293 6.35
      vertex -11.197309056171612 15.411773742842747 0
    endloop
  endfacet
  facet normal -0.5664062369248316 0.8241261886220166 0
    outer loop
      vertex -11.197309056171612 15.411773742842747 0
      vertex -11.197309056171612 15.411773742842747 6.35
      vertex -10.375373617036264 15.976674319360326 0
    endloop
  endfacet
  facet normal -0.5224985647159474 0.8526401643540931 0
    outer loop
      vertex -10.375373617036264 15.976674319360326 0
      vertex -10.375373617036264 15.976674319360326 6.35
      vertex -9.524999999999999 16.49778394209355 0
    endloop
  endfacet
  facet normal -0.6494480483301824 0.760405965600032 -3.2201371289681985e-18
    outer loop
      vertex -12.746938051136247 14.156908925344359 6.35
      vertex -11.9885534494994 14.804630565755293 6.35
      vertex -11.9885534494994 14.804630565755293 0
    endloop
  endfacet
  facet normal -0.6087614290087223 0.7933533402912338 0
    outer loop
      vertex -11.197309056171612 15.411773742842747 0
      vertex -11.9885534494994 14.804630565755293 6.35
      vertex -11.197309056171612 15.411773742842747 6.35
    endloop
  endfacet
  facet normal -0.5664062369248316 0.8241261886220166 0
    outer loop
      vertex -10.375373617036264 15.976674319360326 0
      vertex -11.197309056171612 15.411773742842747 6.35
      vertex -10.375373617036264 15.976674319360326 6.35
    endloop
  endfacet
  facet normal -0.5224985647159474 0.8526401643540931 -2.4097838150264942e-18
    outer loop
      vertex -10.375373617036264 15.976674319360326 6.35
      vertex -9.524999999999999 16.49778394209355 6.35
      vertex -9.524999999999999 16.49778394209355 0
    endloop
  endfacet
  facet normal 0 0 -1
    outer loop
      vertex -9.732874886174248 8.763519910156171 0
      vertex -9.524999999999999 16.49778394209355 0
      vertex -9.260889124852564 9.260889124852564 0
    endloop
  endfacet
  facet normal 0 0 -1
    outer loop
      vertex -9.260889124852564 9.260889124852564 0
      vertex -9.524999999999999 16.49778394209355 0
      vertex -8.763519910156171 9.732874886174248 0
    endloop
  endfacet
  facet normal 0 0 -1
    outer loop
      vertex -8.763519910156171 9.732874886174248 0
      vertex -8.648519020038366 16.973674285788405 0
      vertex -8.242130496530839 10.178183513956766 0
    endloop
  endfacet
  facet normal 0 0 -1
    outer loop
      vertex -8.242130496530839 10.178183513956766 0
      vertex -7.748333050593993 17.403040968091545 0
      vertex -7.698149976117984 10.59559444820439 0
    endloop
  endfacet
  facet normal 0 0 -1
    outer loop
      vertex -7.698149976117984 10.59559444820439 0
      vertex -7.748333050593993 17.403040968091545 0
      vertex -7.133069361712432 10.983963594560224 0
    endloop
  endfacet
  facet normal 0 0 -1
    outer loop
      vertex -7.133069361712432 10.983963594560224 0
      vertex -6.826909438837969 17.78470712477169 0
      vertex -6.5484374999999995 11.342226460189318 0
    endloop
  endfacet
  facet normal 0 0 -1
    outer loop
      vertex -6.5484374999999995 11.342226460189318 0
      vertex -6.826909438837969 17.78470712477169 0
      vertex -5.945856826276376 11.66940107147953 0
    endloop
  endfacet
  facet normal 0 0 -1
    outer loop
      vertex -5.945856826276376 11.66940107147953 0
      vertex -5.886773742842747 18.11762663542267 0
      vertex -5.326978972283371 11.964590665562937 0
    endloop
  endfacet
  facet normal 0 0 -1
    outer loop
      vertex -5.326978972283371 11.964590665562937 0
      vertex -4.930502809203019 18.40088699080675 0
      vertex -4.6935002392011045 12.226986148280538 0
    endloop
  endfacet
  facet normal 0 0 1
    outer loop
      vertex -9.732874886174248 8.763519910156171 6.35
      vertex -9.260889124852564 9.260889124852564 6.35
      vertex -9.524999999999999 16.49778394209355 6.35
    endloop
  endfacet
  facet normal 0 0 1
    outer loop
      vertex -9.260889124852564 9.260889124852564 6.35
      vertex -8.763519910156171 9.732874886174248 6.35
      vertex -9.524999999999999 16.49778394209355 6.35
    endloop
  endfacet
  facet normal 0 0 1
    outer loop
      vertex -8.763519910156171 9.732874886174248 6.35
      vertex -8.242130496530839 10.178183513956766 6.35
      vertex -8.648519020038366 16.973674285788405 6.35
    endloop
  endfacet
  facet normal 0 0 1
    outer loop
      vertex -8.242130496530839 10.178183513956766 6.35
      vertex -7.698149976117984 10.59559444820439 6.35
      vertex -7.748333050593993 17.403040968091545 6.35
    endloop
  endfacet
  facet normal 0 0 1
    outer loop
      vertex -7.698149976117984 10.59559444820439 6.35
      vertex -7.133069361712432 10.983963594560224 6.35
      vertex -7.748333050593993 17.403040968091545 6.35
    endloop
  endfacet
  facet normal 0 0 1
    outer loop
      vertex -7.133069361712432 10.983963594560224 6.35
      vertex -6.5484374999999995 11.342226460189318 6.35
      vertex -6.826909438837969 17.78470712477169 6.35
    endloop
  endfacet
  facet normal 0 0 1
    outer loop
      vertex -6.5484374999999995 11.342226460189318 6.35
      vertex -5.945856826276376 11.66940107147953 6.35
      vertex -6.826909438837969 17.78470712477169 6.35
    endloop
  endfacet
  facet normal 0 0 1
    outer loop
      vertex -5.945856826276376 11.66940107147953 6.35
      vertex -5.326978972283371 11.964590665562937 6.35
      vertex -5.886773742842747 18.11762663542267 6.35
    endloop
  endfacet
  facet normal 0 0 1
    outer loop
      vertex -5.326978972283371 11.964590665562937 6.35
      vertex -4.6935002392011045 12.226986148280538 6.35
      vertex -4.930502809203019 18.40088699080675 6.35
    endloop
  endfacet
  facet normal 0 0 -1
    outer loop
      vertex -8.763519910156171 9.732874886174248 0
      vertex -9.524999999999999 16.49778394209355 0
      vertex -8.648519020038366 16.973674285788405 0
    endloop
  endfacet
  facet normal 0 0 -1
    outer loop
      vertex -8.242130496530839 10.178183513956766 0
      vertex -8.648519020038366 16.973674285788405 0
      vertex -7.748333050593993 17.403040968091545 0
    endloop
  endfacet
  facet normal 0 0 -1
    outer loop
      vertex -7.133069361712432 10.983963594560224 0
      vertex -7.748333050593993 17.403040968091545 0
      vertex -6.826909438837969 17.78470712477169 0
    endloop
  endfacet
  facet normal -0.47715876025961035 0.8788171126619642 0
    outer loop
      vertex -9.524999999999999 16.49778394209355 0
      vertex -9.524999999999999 16.49778394209355 6.35
      vertex -8.648519020038366 16.973674285788405 0
    endloop
  endfacet
  facet normal -0.43051109680829547 0.9025852843498604 0
    outer loop
      vertex -8.648519020038366 16.973674285788405 0
      vertex -8.648519020038366 16.973674285788405 6.35
      vertex -7.748333050593993 17.403040968091545 0
    endloop
  endfacet
  facet normal -0.38268343236508756 0.9238795325112876 0
    outer loop
      vertex -7.748333050593993 17.403040968091545 0
      vertex -7.748333050593993 17.403040968091545 6.35
      vertex -6.826909438837969 17.78470712477169 0
    endloop
  endfacet
  facet normal 0 0 -1
    outer loop
      vertex -5.945856826276376 11.66940107147953 0
      vertex -6.826909438837969 17.78470712477169 0
      vertex -5.886773742842747 18.11762663542267 0
    endloop
  endfacet
  facet normal 0 0 -1
    outer loop
      vertex -5.326978972283371 11.964590665562937 0
      vertex -5.886773742842747 18.11762663542267 0
      vertex -4.930502809203019 18.40088699080675 0
    endloop
  endfacet
  facet normal -0.3338068592337701 0.9426414910921787 0
    outer loop
      vertex -6.826909438837969 17.78470712477169 0
      vertex -6.826909438837969 17.78470712477169 6.35
      vertex -5.886773742842747 18.11762663542267 0
    endloop
  endfacet
  facet normal -0.28401534470392664 0.9588197348681917 0
    outer loop
      vertex -5.886773742842747 18.11762663542267 0
      vertex -5.886773742842747 18.11762663542267 6.35
      vertex -4.930502809203019 18.40088699080675 0
    endloop
  endfacet
  facet normal 0 0 1
    outer loop
      vertex -8.763519910156171 9.732874886174248 6.35
      vertex -8.648519020038366 16.973674285788405 6.35
      vertex -9.524999999999999 16.49778394209355 6.35
    endloop
  endfacet
  facet normal 0 0 1
    outer loop
      vertex -8.242130496530839 10.178183513956766 6.35
      vertex -7.748333050593993 17.403040968091545 6.35
      vertex -8.648519020038366 16.973674285788405 6.35
    endloop
  endfacet
  facet normal 0 0 1
    outer loop
      vertex -7.133069361712432 10.983963594560224 6.35
      vertex -6.826909438837969 17.78470712477169 6.35
      vertex -7.748333050593993 17.403040968091545 6.35
    endloop
  endfacet
  facet normal -0.47715876025961035 0.8788171126619642 0
    outer loop
      vertex -8.648519020038366 16.973674285788405 0
      vertex -9.524999999999999 16.49778394209355 6.35
      vertex -8.648519020038366 16.973674285788405 6.35
    endloop
  endfacet
  facet normal -0.43051109680829547 0.9025852843498604 0
    outer loop
      vertex -7.748333050593993 17.403040968091545 0
      vertex -8.648519020038366 16.973674285788405 6.35
      vertex -7.748333050593993 17.403040968091545 6.35
    endloop
  endfacet
  facet normal 0 0 1
    outer loop
      vertex -5.945856826276376 11.66940107147953 6.35
      vertex -5.886773742842747 18.11762663542267 6.35
      vertex -6.826909438837969 17.78470712477169 6.35
    endloop
  endfacet
  facet normal 0 0 1
    outer loop
      vertex -5.326978972283371 11.964590665562937 6.35
      vertex -4.930502809203019 18.40088699080675 6.35
      vertex -5.886773742842747 18.11762663542267 6.35
    endloop
  endfacet
  facet normal -0.38268343236508756 0.9238795325112876 0
    outer loop
      vertex -6.826909438837969 17.78470712477169 0
      vertex -7.748333050593993 17.403040968091545 6.35
      vertex -6.826909438837969 17.78470712477169 6.35
    endloop
  endfacet
  facet normal -0.3338068592337701 0.9426414910921787 0
    outer loop
      vertex -5.886773742842747 18.11762663542267 0
      vertex -6.826909438837969 17.78470712477169 6.35
      vertex -5.886773742842747 18.11762663542267 6.35
    endloop
  endfacet
  facet normal -0.28401534470392664 0.9588197348681917 0
    outer loop
      vertex -4.930502809203019 18.40088699080675 0
      vertex -5.886773742842747 18.11762663542267 6.35
      vertex -4.930502809203019 18.40088699080675 6.35
    endloop
  endfacet
  facet normal 0 0 -1
    outer loop
      vertex -4.930502809203019 18.40088699080675 0
      vertex -4.047156948204389 12.455868311853088 0
      vertex -4.6935002392011045 12.226986148280538 0
    endloop
  endfacet
  facet normal 0 0 -1
    outer loop
      vertex -4.047156948204389 12.455868311853088 0
      vertex -3.960717710078315 18.633711793978996 0
      vertex -3.389720681327076 12.65060980617964 0
    endloop
  endfacet
  facet normal 0 0 -1
    outer loop
      vertex -4.930502809203019 18.40088699080675 0
      vertex -3.960717710078315 18.633711793978996 0
      vertex -4.047156948204389 12.455868311853088 0
    endloop
  endfacet
  facet normal 0 0 -1
    outer loop
      vertex -3.389720681327076 12.65060980617964 0
      vertex -2.9800765590163976 18.815462888337372 0
      vertex -2.7229934256788417 12.81067685836056 0
    endloop
  endfacet
  facet normal 0 0 -1
    outer loop
      vertex -2.7229934256788417 12.81067685836056 0
      vertex -2.9800765590163976 18.815462888337372 0
      vertex -2.0488026343237733 12.935630735731944 0
    endloop
  endfacet
  facet normal 0 0 -1
    outer loop
      vertex -3.389720681327076 12.65060980617964 0
      vertex -3.960717710078315 18.633711793978996 0
      vertex -2.9800765590163976 18.815462888337372 0
    endloop
  endfacet
  facet normal -0.23344536385590514 0.9723699203976768 0
    outer loop
      vertex -4.930502809203019 18.40088699080675 0
      vertex -4.930502809203019 18.40088699080675 6.35
      vertex -3.960717710078315 18.633711793978996 0
    endloop
  endfacet
  facet normal -0.18223552549214672 0.9832549075639547 0
    outer loop
      vertex -3.960717710078315 18.633711793978996 0
      vertex -3.960717710078315 18.633711793978996 6.35
      vertex -2.9800765590163976 18.815462888337372 0
    endloop
  endfacet
  facet normal -0.13052619222005024 0.9914448613738106 0
    outer loop
      vertex -2.9800765590163976 18.815462888337372 0
      vertex -2.9800765590163976 18.815462888337372 6.35
      vertex -1.9912672252487984 18.945642106765604 0
    endloop
  endfacet
  facet normal 0 0 -1
    outer loop
      vertex -2.0488026343237733 12.935630735731944 0
      vertex -1.9912672252487984 18.945642106765604 0
      vertex -1.368996217358549 13.025128948401353 0
    endloop
  endfacet
  facet normal 0 0 -1
    outer loop
      vertex -1.368996217358549 13.025128948401353 0
      vertex -0.9969999664280799 19.023892637074628 0
      vertex -0.685437476919305 13.078926187988808 0
    endloop
  endfacet
  facet normal 0 0 -1
    outer loop
      vertex -0.685437476919305 13.078926187988808 0
      vertex -0.9969999664280799 19.023892637074628 0
      vertex 0 13.096874999999999 0
    endloop
  endfacet
  facet normal 0 0 -1
    outer loop
      vertex -2.0488026343237733 12.935630735731944 0
      vertex -2.9800765590163976 18.815462888337372 0
      vertex -1.9912672252487984 18.945642106765604 0
    endloop
  endfacet
  facet normal 0 0 -1
    outer loop
      vertex -1.368996217358549 13.025128948401353 0
      vertex -1.9912672252487984 18.945642106765604 0
      vertex -0.9969999664280799 19.023892637074628 0
    endloop
  endfacet
  facet normal 0 0 -1
    outer loop
      vertex -0.9969999664280799 19.023892637074628 0
      vertex 0 19.049999999999997 0
      vertex 0 13.096874999999999 0
    endloop
  endfacet
  facet normal -0.07845909572784368 0.9969173337331281 0
    outer loop
      vertex -1.9912672252487984 18.945642106765604 0
      vertex -1.9912672252487984 18.945642106765604 6.35
      vertex -0.9969999664280799 19.023892637074628 0
    endloop
  endfacet
  facet normal -0.02617694830787487 0.9996573249755571 0
    outer loop
      vertex -0.9969999664280799 19.023892637074628 0
      vertex -0.9969999664280799 19.023892637074628 6.35
      vertex 0 19.049999999999997 0
    endloop
  endfacet
  facet normal 0 0 1
    outer loop
      vertex -4.930502809203019 18.40088699080675 6.35
      vertex -4.6935002392011045 12.226986148280538 6.35
      vertex -4.047156948204389 12.455868311853088 6.35
    endloop
  endfacet
  facet normal 0 0 1
    outer loop
      vertex -4.047156948204389 12.455868311853088 6.35
      vertex -3.389720681327076 12.65060980617964 6.35
      vertex -3.960717710078315 18.633711793978996 6.35
    endloop
  endfacet
  facet normal 0 0 1
    outer loop
      vertex -4.930502809203019 18.40088699080675 6.35
      vertex -4.047156948204389 12.455868311853088 6.35
      vertex -3.960717710078315 18.633711793978996 6.35
    endloop
  endfacet
  facet normal 0 0 1
    outer loop
      vertex -3.389720681327076 12.65060980617964 6.35
      vertex -2.7229934256788417 12.81067685836056 6.35
      vertex -2.9800765590163976 18.815462888337372 6.35
    endloop
  endfacet
  facet normal 0 0 1
    outer loop
      vertex -2.7229934256788417 12.81067685836056 6.35
      vertex -2.0488026343237733 12.935630735731944 6.35
      vertex -2.9800765590163976 18.815462888337372 6.35
    endloop
  endfacet
  facet normal -0.23344536385590514 0.9723699203976768 1.7155253698563108e-18
    outer loop
      vertex -4.930502809203019 18.40088699080675 6.35
      vertex -3.960717710078315 18.633711793978996 6.35
      vertex -3.960717710078315 18.633711793978996 0
    endloop
  endfacet
  facet normal -0.18223552549214672 0.9832549075639547 0
    outer loop
      vertex -2.9800765590163976 18.815462888337372 0
      vertex -3.960717710078315 18.633711793978996 6.35
      vertex -2.9800765590163976 18.815462888337372 6.35
    endloop
  endfacet
  facet normal 0 0 1
    outer loop
      vertex -3.389720681327076 12.65060980617964 6.35
      vertex -2.9800765590163976 18.815462888337372 6.35
      vertex -3.960717710078315 18.633711793978996 6.35
    endloop
  endfacet
  facet normal 0 0 1
    outer loop
      vertex -2.0488026343237733 12.935630735731944 6.35
      vertex -1.368996217358549 13.025128948401353 6.35
      vertex -1.9912672252487984 18.945642106765604 6.35
    endloop
  endfacet
  facet normal 0 0 1
    outer loop
      vertex -1.368996217358549 13.025128948401353 6.35
      vertex -0.685437476919305 13.078926187988808 6.35
      vertex -0.9969999664280799 19.023892637074628 6.35
    endloop
  endfacet
  facet normal 0 0 1
    outer loop
      vertex -0.685437476919305 13.078926187988808 6.35
      vertex 0 13.096874999999999 6.35
      vertex 0 19.049999999999997 6.35
    endloop
  endfacet
  facet normal -0.13052619222005024 0.9914448613738106 0
    outer loop
      vertex -1.9912672252487984 18.945642106765604 0
      vertex -2.9800765590163976 18.815462888337372 6.35
      vertex -1.9912672252487984 18.945642106765604 6.35
    endloop
  endfacet
  facet normal -0.07845909572784368 0.9969173337331281 0
    outer loop
      vertex -0.9969999664280799 19.023892637074628 0
      vertex -1.9912672252487984 18.945642106765604 6.35
      vertex -0.9969999664280799 19.023892637074628 6.35
    endloop
  endfacet
  facet normal -0.02617694830787487 0.9996573249755571 2.721656287100821e-19
    outer loop
      vertex -0.9969999664280799 19.023892637074628 6.35
      vertex 0 19.049999999999997 6.35
      vertex 0 19.049999999999997 0
    endloop
  endfacet
  facet normal 0 0 1
    outer loop
      vertex -2.0488026343237733 12.935630735731944 6.35
      vertex -1.9912672252487984 18.945642106765604 6.35
      vertex -2.9800765590163976 18.815462888337372 6.35
    endloop
  endfacet
  facet normal 0 0 1
    outer loop
      vertex -1.368996217358549 13.025128948401353 6.35
      vertex -0.9969999664280799 19.023892637074628 6.35
      vertex -1.9912672252487984 18.945642106765604 6.35
    endloop
  endfacet
  facet normal 0 0 1
    outer loop
      vertex -0.685437476919305 13.078926187988808 6.35
      vertex 0 19.049999999999997 6.35
      vertex -0.9969999664280799 19.023892637074628 6.35
    endloop
  endfacet
  facet normal 0 0 -1
    outer loop
      vertex 0 -19.049999999999997 0
      vertex 0 -13.096874999999999 0
      vertex 0.9969999664280799 -19.023892637074628 0
    endloop
  endfacet
  facet normal 0 0 -1
    outer loop
      vertex 0.9969999664280799 -19.023892637074628 0
      vertex 1.368996217358549 -13.025128948401353 0
      vertex 1.9912672252487984 -18.945642106765604 0
    endloop
  endfacet
  facet normal 0 0 -1
    outer loop
      vertex 1.9912672252487984 -18.945642106765604 0
      vertex 2.0488026343237733 -12.935630735731944 0
      vertex 2.9800765590163976 -18.815462888337372 0
    endloop
  endfacet
  facet normal 0.02617694830787487 -0.9996573249755571 2.721656287100821e-19
    outer loop
      vertex 0 -19.049999999999997 0
      vertex 0.9969999664280799 -19.023892637074628 0
      vertex 0.9969999664280799 -19.023892637074628 6.35
    endloop
  endfacet
  facet normal 0.07845909572784368 -0.9969173337331281 -8.255696624263681e-19
    outer loop
      vertex 0.9969999664280799 -19.023892637074628 0
      vertex 1.9912672252487984 -18.945642106765604 0
      vertex 1.9912672252487984 -18.945642106765604 6.35
    endloop
  endfacet
  facet normal 0 0 -1
    outer loop
      vertex 0.9969999664280799 -19.023892637074628 0
      vertex 0 -13.096874999999999 0
      vertex 0.685437476919305 -13.078926187988808 0
    endloop
  endfacet
  facet normal 0 0 -1
    outer loop
      vertex 0.9969999664280799 -19.023892637074628 0
      vertex 0.685437476919305 -13.078926187988808 0
      vertex 1.368996217358549 -13.025128948401353 0
    endloop
  endfacet
  facet normal 0 0 -1
    outer loop
      vertex 1.9912672252487984 -18.945642106765604 0
      vertex 1.368996217358549 -13.025128948401353 0
      vertex 2.0488026343237733 -12.935630735731944 0
    endloop
  endfacet
  facet normal 0 0 -1
    outer loop
      vertex 2.9800765590163976 -18.815462888337372 0
      vertex 3.389720681327076 -12.65060980617964 0
      vertex 3.960717710078315 -18.633711793978996 0
    endloop
  endfacet
  facet normal 0.13052619222005024 -0.9914448613738106 2.1155720256849613e-18
    outer loop
      vertex 1.9912672252487984 -18.945642106765604 0
      vertex 2.9800765590163976 -18.815462888337372 0
      vertex 2.9800765590163976 -18.815462888337372 6.35
    endloop
  endfacet
  facet normal 0.18223552549214672 -0.9832549075639547 3.9440480956779786e-19
    outer loop
      vertex 2.9800765590163976 -18.815462888337372 0
      vertex 3.960717710078315 -18.633711793978996 0
      vertex 3.960717710078315 -18.633711793978996 6.35
    endloop
  endfacet
  facet normal 0.23344536385590514 -0.9723699203976768 1.7155253698563108e-18
    outer loop
      vertex 3.960717710078315 -18.633711793978996 0
      vertex 4.930502809203019 -18.40088699080675 0
      vertex 4.930502809203019 -18.40088699080675 6.35
    endloop
  endfacet
  facet normal 0 0 -1
    outer loop
      vertex 2.9800765590163976 -18.815462888337372 0
      vertex 2.0488026343237733 -12.935630735731944 0
      vertex 2.7229934256788417 -12.81067685836056 0
    endloop
  endfacet
  facet normal 0 0 -1
    outer loop
      vertex 2.9800765590163976 -18.815462888337372 0
      vertex 2.7229934256788417 -12.81067685836056 0
      vertex 3.389720681327076 -12.65060980617964 0
    endloop
  endfacet
  facet normal 0 0 -1
    outer loop
      vertex 3.960717710078315 -18.633711793978996 0
      vertex 4.047156948204389 -12.455868311853088 0
      vertex 4.930502809203019 -18.40088699080675 0
    endloop
  endfacet
  facet normal 0 0 -1
    outer loop
      vertex 3.960717710078315 -18.633711793978996 0
      vertex 3.389720681327076 -12.65060980617964 0
      vertex 4.047156948204389 -12.455868311853088 0
    endloop
  endfacet
  facet normal 0 0 -1
    outer loop
      vertex 4.047156948204389 -12.455868311853088 0
      vertex 4.6935002392011045 -12.226986148280538 0
      vertex 4.930502809203019 -18.40088699080675 0
    endloop
  endfacet
  facet normal 0.02617694830787487 -0.9996573249755571 0
    outer loop
      vertex 0 -19.049999999999997 0
      vertex 0.9969999664280799 -19.023892637074628 6.35
      vertex 0 -19.049999999999997 6.35
    endloop
  endfacet
  facet normal 0.07845909572784368 -0.9969173337331281 0
    outer loop
      vertex 0.9969999664280799 -19.023892637074628 0
      vertex 1.9912672252487984 -18.945642106765604 6.35
      vertex 0.9969999664280799 -19.023892637074628 6.35
    endloop
  endfacet
  facet normal 0.13052619222005024 -0.9914448613738106 0
    outer loop
      vertex 1.9912672252487984 -18.945642106765604 0
      vertex 2.9800765590163976 -18.815462888337372 6.35
      vertex 1.9912672252487984 -18.945642106765604 6.35
    endloop
  endfacet
  facet normal 0 0 1
    outer loop
      vertex 0 -19.049999999999997 6.35
      vertex 0.9969999664280799 -19.023892637074628 6.35
      vertex 0.685437476919305 -13.078926187988808 6.35
    endloop
  endfacet
  facet normal 0 0 1
    outer loop
      vertex 0.9969999664280799 -19.023892637074628 6.35
      vertex 1.9912672252487984 -18.945642106765604 6.35
      vertex 1.368996217358549 -13.025128948401353 6.35
    endloop
  endfacet
  facet normal 0 0 1
    outer loop
      vertex 1.9912672252487984 -18.945642106765604 6.35
      vertex 2.9800765590163976 -18.815462888337372 6.35
      vertex 2.0488026343237733 -12.935630735731944 6.35
    endloop
  endfacet
  facet normal 0 0 1
    outer loop
      vertex 0 -19.049999999999997 6.35
      vertex 0.685437476919305 -13.078926187988808 6.35
      vertex 0 -13.096874999999999 6.35
    endloop
  endfacet
  facet normal 0 0 1
    outer loop
      vertex 0.9969999664280799 -19.023892637074628 6.35
      vertex 1.368996217358549 -13.025128948401353 6.35
      vertex 0.685437476919305 -13.078926187988808 6.35
    endloop
  endfacet
  facet normal 0 0 1
    outer loop
      vertex 1.9912672252487984 -18.945642106765604 6.35
      vertex 2.0488026343237733 -12.935630735731944 6.35
      vertex 1.368996217358549 -13.025128948401353 6.35
    endloop
  endfacet
  facet normal 0.18223552549214672 -0.9832549075639547 0
    outer loop
      vertex 2.9800765590163976 -18.815462888337372 0
      vertex 3.960717710078315 -18.633711793978996 6.35
      vertex 2.9800765590163976 -18.815462888337372 6.35
    endloop
  endfacet
  facet normal 0.23344536385590514 -0.9723699203976768 0
    outer loop
      vertex 3.960717710078315 -18.633711793978996 0
      vertex 4.930502809203019 -18.40088699080675 6.35
      vertex 3.960717710078315 -18.633711793978996 6.35
    endloop
  endfacet
  facet normal 0 0 1
    outer loop
      vertex 2.9800765590163976 -18.815462888337372 6.35
      vertex 3.960717710078315 -18.633711793978996 6.35
      vertex 3.389720681327076 -12.65060980617964 6.35
    endloop
  endfacet
  facet normal 0 0 1
    outer loop
      vertex 2.9800765590163976 -18.815462888337372 6.35
      vertex 2.7229934256788417 -12.81067685836056 6.35
      vertex 2.0488026343237733 -12.935630735731944 6.35
    endloop
  endfacet
  facet normal 0 0 1
    outer loop
      vertex 2.9800765590163976 -18.815462888337372 6.35
      vertex 3.389720681327076 -12.65060980617964 6.35
      vertex 2.7229934256788417 -12.81067685836056 6.35
    endloop
  endfacet
  facet normal 0 0 1
    outer loop
      vertex 3.960717710078315 -18.633711793978996 6.35
      vertex 4.930502809203019 -18.40088699080675 6.35
      vertex 4.047156948204389 -12.455868311853088 6.35
    endloop
  endfacet
  facet normal 0 0 1
    outer loop
      vertex 3.960717710078315 -18.633711793978996 6.35
      vertex 4.047156948204389 -12.455868311853088 6.35
      vertex 3.389720681327076 -12.65060980617964 6.35
    endloop
  endfacet
  facet normal 0 0 1
    outer loop
      vertex 4.047156948204389 -12.455868311853088 6.35
      vertex 4.930502809203019 -18.40088699080675 6.35
      vertex 4.6935002392011045 -12.226986148280538 6.35
    endloop
  endfacet
  facet normal 0.28401534470392664 -0.9588197348681917 1.3559122799139698e-19
    outer loop
      vertex 4.930502809203019 -18.40088699080675 0
      vertex 5.886773742842747 -18.11762663542267 0
      vertex 5.886773742842747 -18.11762663542267 6.35
    endloop
  endfacet
  facet normal 0.3338068592337701 -0.9426414910921787 4.148070982023565e-18
    outer loop
      vertex 5.886773742842747 -18.11762663542267 0
      vertex 6.826909438837969 -17.78470712477169 0
      vertex 6.826909438837969 -17.78470712477169 6.35
    endloop
  endfacet
  facet normal 0 0 -1
    outer loop
      vertex 4.930502809203019 -18.40088699080675 0
      vertex 5.326978972283371 -11.964590665562937 0
      vertex 5.886773742842747 -18.11762663542267 0
    endloop
  endfacet
  facet normal 0 0 -1
    outer loop
      vertex 5.886773742842747 -18.11762663542267 0
      vertex 5.945856826276376 -11.66940107147953 0
      vertex 6.826909438837969 -17.78470712477169 0
    endloop
  endfacet
  facet normal 0.38268343236508756 -0.9238795325112876 -9.545713264425965e-19
    outer loop
      vertex 6.826909438837969 -17.78470712477169 0
      vertex 7.748333050593993 -17.403040968091545 0
      vertex 7.748333050593993 -17.403040968091545 6.35
    endloop
  endfacet
  facet normal 0.43051109680829547 -0.9025852843498604 -2.6191955061501747e-18
    outer loop
      vertex 7.748333050593993 -17.403040968091545 0
      vertex 8.648519020038366 -16.973674285788405 0
      vertex 8.648519020038366 -16.973674285788405 6.35
    endloop
  endfacet
  facet normal 0 0 -1
    outer loop
      vertex 6.826909438837969 -17.78470712477169 0
      vertex 7.133069361712432 -10.983963594560224 0
      vertex 7.748333050593993 -17.403040968091545 0
    endloop
  endfacet
  facet normal 0 0 -1
    outer loop
      vertex 7.748333050593993 -17.403040968091545 0
      vertex 8.242130496530839 -10.178183513956766 0
      vertex 8.648519020038366 -16.973674285788405 0
    endloop
  endfacet
  facet normal 0 0 -1
    outer loop
      vertex 8.648519020038366 -16.973674285788405 0
      vertex 8.763519910156171 -9.732874886174248 0
      vertex 9.524999999999999 -16.49778394209355 0
    endloop
  endfacet
  facet normal 0.47715876025961035 -0.8788171126619642 7.826144879942807e-19
    outer loop
      vertex 8.648519020038366 -16.973674285788405 0
      vertex 9.524999999999999 -16.49778394209355 0
      vertex 9.524999999999999 -16.49778394209355 6.35
    endloop
  endfacet
  facet normal 0.28401534470392664 -0.9588197348681917 0
    outer loop
      vertex 4.930502809203019 -18.40088699080675 0
      vertex 5.886773742842747 -18.11762663542267 6.35
      vertex 4.930502809203019 -18.40088699080675 6.35
    endloop
  endfacet
  facet normal 0.3338068592337701 -0.9426414910921787 0
    outer loop
      vertex 5.886773742842747 -18.11762663542267 0
      vertex 6.826909438837969 -17.78470712477169 6.35
      vertex 5.886773742842747 -18.11762663542267 6.35
    endloop
  endfacet
  facet normal 0.38268343236508756 -0.9238795325112876 0
    outer loop
      vertex 6.826909438837969 -17.78470712477169 0
      vertex 7.748333050593993 -17.403040968091545 6.35
      vertex 6.826909438837969 -17.78470712477169 6.35
    endloop
  endfacet
  facet normal 0 0 1
    outer loop
      vertex 4.930502809203019 -18.40088699080675 6.35
      vertex 5.886773742842747 -18.11762663542267 6.35
      vertex 5.326978972283371 -11.964590665562937 6.35
    endloop
  endfacet
  facet normal 0 0 1
    outer loop
      vertex 5.886773742842747 -18.11762663542267 6.35
      vertex 6.826909438837969 -17.78470712477169 6.35
      vertex 5.945856826276376 -11.66940107147953 6.35
    endloop
  endfacet
  facet normal 0.43051109680829547 -0.9025852843498604 0
    outer loop
      vertex 7.748333050593993 -17.403040968091545 0
      vertex 8.648519020038366 -16.973674285788405 6.35
      vertex 7.748333050593993 -17.403040968091545 6.35
    endloop
  endfacet
  facet normal 0.47715876025961035 -0.8788171126619642 0
    outer loop
      vertex 8.648519020038366 -16.973674285788405 0
      vertex 9.524999999999999 -16.49778394209355 6.35
      vertex 8.648519020038366 -16.973674285788405 6.35
    endloop
  endfacet
  facet normal 0 0 1
    outer loop
      vertex 6.826909438837969 -17.78470712477169 6.35
      vertex 7.748333050593993 -17.403040968091545 6.35
      vertex 7.133069361712432 -10.983963594560224 6.35
    endloop
  endfacet
  facet normal 0 0 1
    outer loop
      vertex 7.748333050593993 -17.403040968091545 6.35
      vertex 8.648519020038366 -16.973674285788405 6.35
      vertex 8.242130496530839 -10.178183513956766 6.35
    endloop
  endfacet
  facet normal 0 0 1
    outer loop
      vertex 8.648519020038366 -16.973674285788405 6.35
      vertex 9.524999999999999 -16.49778394209355 6.35
      vertex 8.763519910156171 -9.732874886174248 6.35
    endloop
  endfacet
  facet normal 0 0 -1
    outer loop
      vertex 4.6935002392011045 -12.226986148280538 0
      vertex 5.326978972283371 -11.964590665562937 0
      vertex 4.930502809203019 -18.40088699080675 0
    endloop
  endfacet
  facet normal 0 0 -1
    outer loop
      vertex 5.886773742842747 -18.11762663542267 0
      vertex 5.326978972283371 -11.964590665562937 0
      vertex 5.945856826276376 -11.66940107147953 0
    endloop
  endfacet
  facet normal 0 0 -1
    outer loop
      vertex 6.826909438837969 -17.78470712477169 0
      vertex 5.945856826276376 -11.66940107147953 0
      vertex 6.5484374999999995 -11.342226460189318 0
    endloop
  endfacet
  facet normal 0 0 -1
    outer loop
      vertex 6.826909438837969 -17.78470712477169 0
      vertex 6.5484374999999995 -11.342226460189318 0
      vertex 7.133069361712432 -10.983963594560224 0
    endloop
  endfacet
  facet normal 0 0 -1
    outer loop
      vertex 7.748333050593993 -17.403040968091545 0
      vertex 7.133069361712432 -10.983963594560224 0
      vertex 7.698149976117984 -10.59559444820439 0
    endloop
  endfacet
  facet normal 0 0 -1
    outer loop
      vertex 7.748333050593993 -17.403040968091545 0
      vertex 7.698149976117984 -10.59559444820439 0
      vertex 8.242130496530839 -10.178183513956766 0
    endloop
  endfacet
  facet normal 0 0 -1
    outer loop
      vertex 8.648519020038366 -16.973674285788405 0
      vertex 8.242130496530839 -10.178183513956766 0
      vertex 8.763519910156171 -9.732874886174248 0
    endloop
  endfacet
  facet normal 0 0 -1
    outer loop
      vertex 8.763519910156171 -9.732874886174248 0
      vertex 9.260889124852564 -9.260889124852564 0
      vertex 9.524999999999999 -16.49778394209355 0
    endloop
  endfacet
  facet normal 0 0 -1
    outer loop
      vertex 9.260889124852564 -9.260889124852564 0
      vertex 9.732874886174248 -8.763519910156171 0
      vertex 9.524999999999999 -16.49778394209355 0
    endloop
  endfacet
  facet normal 0 0 1
    outer loop
      vertex 4.6935002392011045 -12.226986148280538 6.35
      vertex 4.930502809203019 -18.40088699080675 6.35
      vertex 5.326978972283371 -11.964590665562937 6.35
    endloop
  endfacet
  facet normal 0 0 1
    outer loop
      vertex 5.886773742842747 -18.11762663542267 6.35
      vertex 5.945856826276376 -11.66940107147953 6.35
      vertex 5.326978972283371 -11.964590665562937 6.35
    endloop
  endfacet
  facet normal 0 0 1
    outer loop
      vertex 6.826909438837969 -17.78470712477169 6.35
      vertex 6.5484374999999995 -11.342226460189318 6.35
      vertex 5.945856826276376 -11.66940107147953 6.35
    endloop
  endfacet
  facet normal 0 0 1
    outer loop
      vertex 6.826909438837969 -17.78470712477169 6.35
      vertex 7.133069361712432 -10.983963594560224 6.35
      vertex 6.5484374999999995 -11.342226460189318 6.35
    endloop
  endfacet
  facet normal 0 0 1
    outer loop
      vertex 7.748333050593993 -17.403040968091545 6.35
      vertex 7.698149976117984 -10.59559444820439 6.35
      vertex 7.133069361712432 -10.983963594560224 6.35
    endloop
  endfacet
  facet normal 0 0 1
    outer loop
      vertex 7.748333050593993 -17.403040968091545 6.35
      vertex 8.242130496530839 -10.178183513956766 6.35
      vertex 7.698149976117984 -10.59559444820439 6.35
    endloop
  endfacet
  facet normal 0 0 1
    outer loop
      vertex 8.648519020038366 -16.973674285788405 6.35
      vertex 8.763519910156171 -9.732874886174248 6.35
      vertex 8.242130496530839 -10.178183513956766 6.35
    endloop
  endfacet
  facet normal 0 0 1
    outer loop
      vertex 8.763519910156171 -9.732874886174248 6.35
      vertex 9.524999999999999 -16.49778394209355 6.35
      vertex 9.260889124852564 -9.260889124852564 6.35
    endloop
  endfacet
  facet normal 0 0 1
    outer loop
      vertex 9.260889124852564 -9.260889124852564 6.35
      vertex 9.524999999999999 -16.49778394209355 6.35
      vertex 9.732874886174248 -8.763519910156171 6.35
    endloop
  endfacet
  facet normal 0.5224985647159474 -0.8526401643540931 -2.4097838150264942e-18
    outer loop
      vertex 9.524999999999999 -16.49778394209355 0
      vertex 10.375373617036264 -15.976674319360326 0
      vertex 10.375373617036264 -15.976674319360326 6.35
    endloop
  endfacet
  facet normal 0.5664062369248316 -0.8241261886220166 -3.519488346745084e-18
    outer loop
      vertex 10.375373617036264 -15.976674319360326 0
      vertex 11.197309056171612 -15.411773742842747 0
      vertex 11.197309056171612 -15.411773742842747 6.35
    endloop
  endfacet
  facet normal 0.6087614290087223 -0.7933533402912338 -2.5091016207220086e-18
    outer loop
      vertex 11.197309056171612 -15.411773742842747 0
      vertex 11.9885534494994 -14.804630565755293 0
      vertex 11.9885534494994 -14.804630565755293 6.35
    endloop
  endfacet
  facet normal 0.6494480483301824 -0.760405965600032 -3.2201371289681985e-18
    outer loop
      vertex 11.9885534494994 -14.804630565755293 0
      vertex 12.746938051136247 -14.156908925344359 0
      vertex 12.746938051136247 -14.156908925344359 6.35
    endloop
  endfacet
  facet normal 0.5224985647159474 -0.8526401643540931 0
    outer loop
      vertex 9.524999999999999 -16.49778394209355 0
      vertex 10.375373617036264 -15.976674319360326 6.35
      vertex 9.524999999999999 -16.49778394209355 6.35
    endloop
  endfacet
  facet normal 0.5664062369248316 -0.8241261886220166 0
    outer loop
      vertex 10.375373617036264 -15.976674319360326 0
      vertex 11.197309056171612 -15.411773742842747 6.35
      vertex 10.375373617036264 -15.976674319360326 6.35
    endloop
  endfacet
  facet normal 0.6087614290087223 -0.7933533402912338 0
    outer loop
      vertex 11.197309056171612 -15.411773742842747 0
      vertex 11.9885534494994 -14.804630565755293 6.35
      vertex 11.197309056171612 -15.411773742842747 6.35
    endloop
  endfacet
  facet normal 0.6494480483301824 -0.760405965600032 0
    outer loop
      vertex 11.9885534494994 -14.804630565755293 0
      vertex 12.746938051136247 -14.156908925344359 6.35
      vertex 11.9885534494994 -14.804630565755293 6.35
    endloop
  endfacet
  facet normal 0 0 -1
    outer loop
      vertex 9.524999999999999 -16.49778394209355 0
      vertex 9.732874886174248 -8.763519910156171 0
      vertex 10.375373617036264 -15.976674319360326 0
    endloop
  endfacet
  facet normal 0 0 -1
    outer loop
      vertex 10.375373617036264 -15.976674319360326 0
      vertex 10.59559444820439 -7.698149976117984 0
      vertex 11.197309056171612 -15.411773742842747 0
    endloop
  endfacet
  facet normal 0 0 -1
    outer loop
      vertex 11.197309056171612 -15.411773742842747 0
      vertex 11.342226460189318 -6.5484374999999995 0
      vertex 11.9885534494994 -14.804630565755293 0
    endloop
  endfacet
  facet normal 0 0 -1
    outer loop
      vertex 10.375373617036264 -15.976674319360326 0
      vertex 9.732874886174248 -8.763519910156171 0
      vertex 10.178183513956766 -8.242130496530839 0
    endloop
  endfacet
  facet normal 0 0 -1
    outer loop
      vertex 10.375373617036264 -15.976674319360326 0
      vertex 10.178183513956766 -8.242130496530839 0
      vertex 10.59559444820439 -7.698149976117984 0
    endloop
  endfacet
  facet normal 0 0 -1
    outer loop
      vertex 11.197309056171612 -15.411773742842747 0
      vertex 10.59559444820439 -7.698149976117984 0
      vertex 10.983963594560224 -7.133069361712432 0
    endloop
  endfacet
  facet normal 0 0 -1
    outer loop
      vertex 11.197309056171612 -15.411773742842747 0
      vertex 10.983963594560224 -7.133069361712432 0
      vertex 11.342226460189318 -6.5484374999999995 0
    endloop
  endfacet
  facet normal 0.6883545756937542 -0.7253743710122874 2.1997690076736642e-18
    outer loop
      vertex 12.746938051136247 -14.156908925344359 0
      vertex 13.470384181603729 -13.470384181603729 0
      vertex 13.470384181603729 -13.470384181603729 6.35
    endloop
  endfacet
  facet normal 0.7253743710122874 -0.6883545756937542 0
    outer loop
      vertex 13.470384181603729 -13.470384181603729 0
      vertex 14.156908925344359 -12.746938051136247 0
      vertex 13.470384181603729 -13.470384181603729 6.35
    endloop
  endfacet
  facet normal 0 0 -1
    outer loop
      vertex 11.9885534494994 -14.804630565755293 0
      vertex 12.226986148280538 -4.6935002392011045 0
      vertex 12.746938051136247 -14.156908925344359 0
    endloop
  endfacet
  facet normal 0 0 1
    outer loop
      vertex 9.524999999999999 -16.49778394209355 6.35
      vertex 10.375373617036264 -15.976674319360326 6.35
      vertex 9.732874886174248 -8.763519910156171 6.35
    endloop
  endfacet
  facet normal 0 0 1
    outer loop
      vertex 10.375373617036264 -15.976674319360326 6.35
      vertex 11.197309056171612 -15.411773742842747 6.35
      vertex 10.59559444820439 -7.698149976117984 6.35
    endloop
  endfacet
  facet normal 0 0 1
    outer loop
      vertex 11.197309056171612 -15.411773742842747 6.35
      vertex 11.9885534494994 -14.804630565755293 6.35
      vertex 11.342226460189318 -6.5484374999999995 6.35
    endloop
  endfacet
  facet normal 0 0 1
    outer loop
      vertex 10.375373617036264 -15.976674319360326 6.35
      vertex 10.178183513956766 -8.242130496530839 6.35
      vertex 9.732874886174248 -8.763519910156171 6.35
    endloop
  endfacet
  facet normal 0 0 1
    outer loop
      vertex 10.375373617036264 -15.976674319360326 6.35
      vertex 10.59559444820439 -7.698149976117984 6.35
      vertex 10.178183513956766 -8.242130496530839 6.35
    endloop
  endfacet
  facet normal 0 0 1
    outer loop
      vertex 11.197309056171612 -15.411773742842747 6.35
      vertex 10.983963594560224 -7.133069361712432 6.35
      vertex 10.59559444820439 -7.698149976117984 6.35
    endloop
  endfacet
  facet normal 0 0 1
    outer loop
      vertex 11.197309056171612 -15.411773742842747 6.35
      vertex 11.342226460189318 -6.5484374999999995 6.35
      vertex 10.983963594560224 -7.133069361712432 6.35
    endloop
  endfacet
  facet normal 0.6883545756937542 -0.7253743710122874 0
    outer loop
      vertex 12.746938051136247 -14.156908925344359 0
      vertex 13.470384181603729 -13.470384181603729 6.35
      vertex 12.746938051136247 -14.156908925344359 6.35
    endloop
  endfacet
  facet normal 0.7253743710122874 -0.6883545756937542 0
    outer loop
      vertex 14.156908925344359 -12.746938051136247 0
      vertex 14.156908925344359 -12.746938051136247 6.35
      vertex 13.470384181603729 -13.470384181603729 6.35
    endloop
  endfacet
  facet normal 0 0 1
    outer loop
      vertex 11.9885534494994 -14.804630565755293 6.35
      vertex 12.746938051136247 -14.156908925344359 6.35
      vertex 12.226986148280538 -4.6935002392011045 6.35
    endloop
  endfacet
  facet normal 0 0 1
    outer loop
      vertex 12.746938051136247 -14.156908925344359 6.35
      vertex 13.470384181603729 -13.470384181603729 6.35
      vertex 12.81067685836056 -2.7229934256788417 6.35
    endloop
  endfacet
  facet normal 0.760405965600032 -0.6494480483301824 0
    outer loop
      vertex 14.156908925344359 -12.746938051136247 0
      vertex 14.804630565755293 -11.9885534494994 0
      vertex 14.156908925344359 -12.746938051136247 6.35
    endloop
  endfacet
  facet normal 0.7933533402912338 -0.6087614290087223 0
    outer loop
      vertex 14.804630565755293 -11.9885534494994 0
      vertex 15.411773742842747 -11.197309056171612 0
      vertex 14.804630565755293 -11.9885534494994 6.35
    endloop
  endfacet
  facet normal 0.8241261886220166 -0.5664062369248316 0
    outer loop
      vertex 15.411773742842747 -11.197309056171612 0
      vertex 15.976674319360326 -10.375373617036264 0
      vertex 15.411773742842747 -11.197309056171612 6.35
    endloop
  endfacet
  facet normal 0.8526401643540931 -0.5224985647159474 0
    outer loop
      vertex 15.976674319360326 -10.375373617036264 0
      vertex 16.49778394209355 -9.524999999999999 0
      vertex 15.976674319360326 -10.375373617036264 6.35
    endloop
  endfacet
  facet normal 0.760405965600032 -0.6494480483301824 -3.2201371289681985e-18
    outer loop
      vertex 14.156908925344359 -12.746938051136247 6.35
      vertex 14.804630565755293 -11.9885534494994 0
      vertex 14.804630565755293 -11.9885534494994 6.35
    endloop
  endfacet
  facet normal 0.7933533402912338 -0.6087614290087223 0
    outer loop
      vertex 15.411773742842747 -11.197309056171612 0
      vertex 15.411773742842747 -11.197309056171612 6.35
      vertex 14.804630565755293 -11.9885534494994 6.35
    endloop
  endfacet
  facet normal 0.8241261886220166 -0.5664062369248316 0
    outer loop
      vertex 15.976674319360326 -10.375373617036264 0
      vertex 15.976674319360326 -10.375373617036264 6.35
      vertex 15.411773742842747 -11.197309056171612 6.35
    endloop
  endfacet
  facet normal 0.8526401643540931 -0.5224985647159474 -2.4097838150264942e-18
    outer loop
      vertex 15.976674319360326 -10.375373617036264 6.35
      vertex 16.49778394209355 -9.524999999999999 0
      vertex 16.49778394209355 -9.524999999999999 6.35
    endloop
  endfacet
  facet normal 0 0 -1
    outer loop
      vertex 11.9885534494994 -14.804630565755293 0
      vertex 11.342226460189318 -6.5484374999999995 0
      vertex 11.66940107147953 -5.945856826276376 0
    endloop
  endfacet
  facet normal 0 0 -1
    outer loop
      vertex 11.9885534494994 -14.804630565755293 0
      vertex 11.66940107147953 -5.945856826276376 0
      vertex 11.964590665562937 -5.326978972283371 0
    endloop
  endfacet
  facet normal 0 0 -1
    outer loop
      vertex 11.9885534494994 -14.804630565755293 0
      vertex 11.964590665562937 -5.326978972283371 0
      vertex 12.226986148280538 -4.6935002392011045 0
    endloop
  endfacet
  facet normal 0 0 -1
    outer loop
      vertex 12.746938051136247 -14.156908925344359 0
      vertex 12.226986148280538 -4.6935002392011045 0
      vertex 12.455868311853088 -4.047156948204389 0
    endloop
  endfacet
  facet normal 0 0 -1
    outer loop
      vertex 12.746938051136247 -14.156908925344359 0
      vertex 12.455868311853088 -4.047156948204389 0
      vertex 12.65060980617964 -3.389720681327076 0
    endloop
  endfacet
  facet normal 0 0 -1
    outer loop
      vertex 12.746938051136247 -14.156908925344359 0
      vertex 12.65060980617964 -3.389720681327076 0
      vertex 12.81067685836056 -2.7229934256788417 0
    endloop
  endfacet
  facet normal 0 0 -1
    outer loop
      vertex 12.746938051136247 -14.156908925344359 0
      vertex 12.81067685836056 -2.7229934256788417 0
      vertex 12.935630735731944 -2.0488026343237733 0
    endloop
  endfacet
  facet normal 0 0 -1
    outer loop
      vertex 12.746938051136247 -14.156908925344359 0
      vertex 12.935630735731944 -2.0488026343237733 0
      vertex 13.025128948401353 -1.368996217358549 0
    endloop
  endfacet
  facet normal 0 0 -1
    outer loop
      vertex 12.746938051136247 -14.156908925344359 0
      vertex 13.025128948401353 -1.368996217358549 0
      vertex 13.078926187988808 -0.685437476919305 0
    endloop
  endfacet
  facet normal 0 0 1
    outer loop
      vertex 11.9885534494994 -14.804630565755293 6.35
      vertex 11.66940107147953 -5.945856826276376 6.35
      vertex 11.342226460189318 -6.5484374999999995 6.35
    endloop
  endfacet
  facet normal 0 0 1
    outer loop
      vertex 11.9885534494994 -14.804630565755293 6.35
      vertex 11.964590665562937 -5.326978972283371 6.35
      vertex 11.66940107147953 -5.945856826276376 6.35
    endloop
  endfacet
  facet normal 0 0 1
    outer loop
      vertex 11.9885534494994 -14.804630565755293 6.35
      vertex 12.226986148280538 -4.6935002392011045 6.35
      vertex 11.964590665562937 -5.326978972283371 6.35
    endloop
  endfacet
  facet normal 0 0 1
    outer loop
      vertex 12.746938051136247 -14.156908925344359 6.35
      vertex 12.455868311853088 -4.047156948204389 6.35
      vertex 12.226986148280538 -4.6935002392011045 6.35
    endloop
  endfacet
  facet normal 0 0 1
    outer loop
      vertex 12.746938051136247 -14.156908925344359 6.35
      vertex 12.65060980617964 -3.389720681327076 6.35
      vertex 12.455868311853088 -4.047156948204389 6.35
    endloop
  endfacet
  facet normal 0 0 1
    outer loop
      vertex 12.746938051136247 -14.156908925344359 6.35
      vertex 12.81067685836056 -2.7229934256788417 6.35
      vertex 12.65060980617964 -3.389720681327076 6.35
    endloop
  endfacet
  facet normal 0 0 1
    outer loop
      vertex 13.470384181603729 -13.470384181603729 6.35
      vertex 12.935630735731944 -2.0488026343237733 6.35
      vertex 12.81067685836056 -2.7229934256788417 6.35
    endloop
  endfacet
  facet normal 0 0 1
    outer loop
      vertex 13.470384181603729 -13.470384181603729 6.35
      vertex 13.025128948401353 -1.368996217358549 6.35
      vertex 12.935630735731944 -2.0488026343237733 6.35
    endloop
  endfacet
  facet normal 0 0 1
    outer loop
      vertex 13.470384181603729 -13.470384181603729 6.35
      vertex 13.078926187988808 -0.685437476919305 6.35
      vertex 13.025128948401353 -1.368996217358549 6.35
    endloop
  endfacet
  facet normal 0 0 -1
    outer loop
      vertex 12.746938051136247 -14.156908925344359 0
      vertex 13.470384181603729 13.470384181603729 0
      vertex 13.470384181603729 -13.470384181603729 0
    endloop
  endfacet
  facet normal 0 0 -1
    outer loop
      vertex 13.470384181603729 -13.470384181603729 0
      vertex 14.156908925344359 12.746938051136247 0
      vertex 14.156908925344359 -12.746938051136247 0
    endloop
  endfacet
  facet normal 0 0 -1
    outer loop
      vertex 12.746938051136247 -14.156908925344359 0
      vertex 13.078926187988808 -0.685437476919305 0
      vertex 13.470384181603729 13.470384181603729 0
    endloop
  endfacet
  facet normal 0 0 1
    outer loop
      vertex 13.470384181603729 -13.470384181603729 6.35
      vertex 13.096874999999999 0 6.35
      vertex 13.078926187988808 -0.685437476919305 6.35
    endloop
  endfacet
  facet normal 0 0 1
    outer loop
      vertex 13.470384181603729 -13.470384181603729 6.35
      vertex 13.078926187988808 0.685437476919305 6.35
      vertex 13.096874999999999 0 6.35
    endloop
  endfacet
  facet normal 0 0 1
    outer loop
      vertex 13.470384181603729 -13.470384181603729 6.35
      vertex 14.156908925344359 -12.746938051136247 6.35
      vertex 13.470384181603729 13.470384181603729 6.35
    endloop
  endfacet
  facet normal 0.8788171126619642 -0.47715876025961035 0
    outer loop
      vertex 16.49778394209355 -9.524999999999999 0
      vertex 16.973674285788405 -8.648519020038366 0
      vertex 16.49778394209355 -9.524999999999999 6.35
    endloop
  endfacet
  facet normal 0.9025852843498604 -0.43051109680829547 0
    outer loop
      vertex 16.973674285788405 -8.648519020038366 0
      vertex 17.403040968091545 -7.748333050593993 0
      vertex 16.973674285788405 -8.648519020038366 6.35
    endloop
  endfacet
  facet normal 0.9238795325112876 -0.38268343236508756 0
    outer loop
      vertex 17.403040968091545 -7.748333050593993 0
      vertex 17.78470712477169 -6.826909438837969 0
      vertex 17.403040968091545 -7.748333050593993 6.35
    endloop
  endfacet
  facet normal 0.9426414910921787 -0.3338068592337701 0
    outer loop
      vertex 17.78470712477169 -6.826909438837969 0
      vertex 18.11762663542267 -5.886773742842747 0
      vertex 17.78470712477169 -6.826909438837969 6.35
    endloop
  endfacet
  facet normal 0.9588197348681917 -0.28401534470392664 0
    outer loop
      vertex 18.11762663542267 -5.886773742842747 0
      vertex 18.40088699080675 -4.930502809203019 0
      vertex 18.11762663542267 -5.886773742842747 6.35
    endloop
  endfacet
  facet normal 0.8788171126619642 -0.47715876025961035 0
    outer loop
      vertex 16.973674285788405 -8.648519020038366 0
      vertex 16.973674285788405 -8.648519020038366 6.35
      vertex 16.49778394209355 -9.524999999999999 6.35
    endloop
  endfacet
  facet normal 0.9025852843498604 -0.43051109680829547 0
    outer loop
      vertex 17.403040968091545 -7.748333050593993 0
      vertex 17.403040968091545 -7.748333050593993 6.35
      vertex 16.973674285788405 -8.648519020038366 6.35
    endloop
  endfacet
  facet normal 0.9238795325112876 -0.38268343236508756 0
    outer loop
      vertex 17.78470712477169 -6.826909438837969 0
      vertex 17.78470712477169 -6.826909438837969 6.35
      vertex 17.403040968091545 -7.748333050593993 6.35
    endloop
  endfacet
  facet normal 0.9426414910921787 -0.3338068592337701 0
    outer loop
      vertex 18.11762663542267 -5.886773742842747 0
      vertex 18.11762663542267 -5.886773742842747 6.35
      vertex 17.78470712477169 -6.826909438837969 6.35
    endloop
  endfacet
  facet normal 0.9588197348681917 -0.28401534470392664 0
    outer loop
      vertex 18.40088699080675 -4.930502809203019 0
      vertex 18.40088699080675 -4.930502809203019 6.35
      vertex 18.11762663542267 -5.886773742842747 6.35
    endloop
  endfacet
  facet normal 0 0 -1
    outer loop
      vertex 14.156908925344359 -12.746938051136247 0
      vertex 14.804630565755293 11.9885534494994 0
      vertex 14.804630565755293 -11.9885534494994 0
    endloop
  endfacet
  facet normal 0 0 -1
    outer loop
      vertex 14.804630565755293 -11.9885534494994 0
      vertex 15.411773742842747 11.197309056171612 0
      vertex 15.411773742842747 -11.197309056171612 0
    endloop
  endfacet
  facet normal 0 0 -1
    outer loop
      vertex 15.411773742842747 -11.197309056171612 0
      vertex 15.976674319360326 10.375373617036264 0
      vertex 15.976674319360326 -10.375373617036264 0
    endloop
  endfacet
  facet normal 0 0 -1
    outer loop
      vertex 15.976674319360326 -10.375373617036264 0
      vertex 16.49778394209355 9.524999999999999 0
      vertex 16.49778394209355 -9.524999999999999 0
    endloop
  endfacet
  facet normal 0 0 -1
    outer loop
      vertex 16.49778394209355 -9.524999999999999 0
      vertex 16.973674285788405 8.648519020038366 0
      vertex 16.973674285788405 -8.648519020038366 0
    endloop
  endfacet
  facet normal 0 0 -1
    outer loop
      vertex 16.973674285788405 -8.648519020038366 0
      vertex 17.403040968091545 7.748333050593993 0
      vertex 17.403040968091545 -7.748333050593993 0
    endloop
  endfacet
  facet normal 0 0 -1
    outer loop
      vertex 17.403040968091545 -7.748333050593993 0
      vertex 17.78470712477169 6.826909438837969 0
      vertex 17.78470712477169 -6.826909438837969 0
    endloop
  endfacet
  facet normal 0.9723699203976768 -0.23344536385590514 0
    outer loop
      vertex 18.40088699080675 -4.930502809203019 0
      vertex 18.633711793978996 -3.960717710078315 0
      vertex 18.40088699080675 -4.930502809203019 6.35
    endloop
  endfacet
  facet normal 0.9832549075639547 -0.18223552549214672 0
    outer loop
      vertex 18.633711793978996 -3.960717710078315 0
      vertex 18.815462888337372 -2.9800765590163976 0
      vertex 18.633711793978996 -3.960717710078315 6.35
    endloop
  endfacet
  facet normal 0.9914448613738106 -0.13052619222005024 0
    outer loop
      vertex 18.815462888337372 -2.9800765590163976 0
      vertex 18.945642106765604 -1.9912672252487984 0
      vertex 18.815462888337372 -2.9800765590163976 6.35
    endloop
  endfacet
  facet normal 0 0 -1
    outer loop
      vertex 17.78470712477169 -6.826909438837969 0
      vertex 18.11762663542267 5.886773742842747 0
      vertex 18.11762663542267 -5.886773742842747 0
    endloop
  endfacet
  facet normal 0 0 -1
    outer loop
      vertex 18.11762663542267 -5.886773742842747 0
      vertex 18.40088699080675 4.930502809203019 0
      vertex 18.40088699080675 -4.930502809203019 0
    endloop
  endfacet
  facet normal 0 0 -1
    outer loop
      vertex 18.40088699080675 -4.930502809203019 0
      vertex 18.633711793978996 3.960717710078315 0
      vertex 18.633711793978996 -3.960717710078315 0
    endloop
  endfacet
  facet normal 0 0 -1
    outer loop
      vertex 18.633711793978996 -3.960717710078315 0
      vertex 18.815462888337372 2.9800765590163976 0
      vertex 18.815462888337372 -2.9800765590163976 0
    endloop
  endfacet
  facet normal 0 0 -1
    outer loop
      vertex 18.815462888337372 -2.9800765590163976 0
      vertex 18.945642106765604 1.9912672252487984 0
      vertex 18.945642106765604 -1.9912672252487984 0
    endloop
  endfacet
  facet normal 0 0 -1
    outer loop
      vertex 18.945642106765604 -1.9912672252487984 0
      vertex 19.023892637074628 0.9969999664280799 0
      vertex 19.023892637074628 -0.9969999664280799 0
    endloop
  endfacet
  facet normal 0.9969173337331281 -0.07845909572784368 0
    outer loop
      vertex 18.945642106765604 -1.9912672252487984 0
      vertex 19.023892637074628 -0.9969999664280799 0
      vertex 18.945642106765604 -1.9912672252487984 6.35
    endloop
  endfacet
  facet normal 0.9996573249755571 -0.02617694830787487 0
    outer loop
      vertex 19.023892637074628 -0.9969999664280799 0
      vertex 19.049999999999997 0 0
      vertex 19.023892637074628 -0.9969999664280799 6.35
    endloop
  endfacet
  facet normal 0 0 1
    outer loop
      vertex 14.156908925344359 -12.746938051136247 6.35
      vertex 14.804630565755293 -11.9885534494994 6.35
      vertex 14.156908925344359 12.746938051136247 6.35
    endloop
  endfacet
  facet normal 0 0 1
    outer loop
      vertex 14.804630565755293 -11.9885534494994 6.35
      vertex 15.411773742842747 -11.197309056171612 6.35
      vertex 14.804630565755293 11.9885534494994 6.35
    endloop
  endfacet
  facet normal 0 0 1
    outer loop
      vertex 15.411773742842747 -11.197309056171612 6.35
      vertex 15.976674319360326 -10.375373617036264 6.35
      vertex 15.411773742842747 11.197309056171612 6.35
    endloop
  endfacet
  facet normal 0 0 1
    outer loop
      vertex 15.976674319360326 -10.375373617036264 6.35
      vertex 16.49778394209355 -9.524999999999999 6.35
      vertex 15.976674319360326 10.375373617036264 6.35
    endloop
  endfacet
  facet normal 0 0 1
    outer loop
      vertex 16.49778394209355 -9.524999999999999 6.35
      vertex 16.973674285788405 -8.648519020038366 6.35
      vertex 16.49778394209355 9.524999999999999 6.35
    endloop
  endfacet
  facet normal 0.9723699203976768 -0.23344536385590514 1.7155253698563108e-18
    outer loop
      vertex 18.40088699080675 -4.930502809203019 6.35
      vertex 18.633711793978996 -3.960717710078315 0
      vertex 18.633711793978996 -3.960717710078315 6.35
    endloop
  endfacet
  facet normal 0.9832549075639547 -0.18223552549214672 0
    outer loop
      vertex 18.815462888337372 -2.9800765590163976 0
      vertex 18.815462888337372 -2.9800765590163976 6.35
      vertex 18.633711793978996 -3.960717710078315 6.35
    endloop
  endfacet
  facet normal 0 0 1
    outer loop
      vertex 16.973674285788405 -8.648519020038366 6.35
      vertex 17.403040968091545 -7.748333050593993 6.35
      vertex 16.973674285788405 8.648519020038366 6.35
    endloop
  endfacet
  facet normal 0.9914448613738106 -0.13052619222005024 0
    outer loop
      vertex 18.945642106765604 -1.9912672252487984 0
      vertex 18.945642106765604 -1.9912672252487984 6.35
      vertex 18.815462888337372 -2.9800765590163976 6.35
    endloop
  endfacet
  facet normal 0.9969173337331281 -0.07845909572784368 0
    outer loop
      vertex 19.023892637074628 -0.9969999664280799 0
      vertex 19.023892637074628 -0.9969999664280799 6.35
      vertex 18.945642106765604 -1.9912672252487984 6.35
    endloop
  endfacet
  facet normal 0.9996573249755571 -0.02617694830787487 2.721656287100821e-19
    outer loop
      vertex 19.023892637074628 -0.9969999664280799 6.35
      vertex 19.049999999999997 0 0
      vertex 19.049999999999997 0 6.35
    endloop
  endfacet
  facet normal 0 0 1
    outer loop
      vertex 17.403040968091545 -7.748333050593993 6.35
      vertex 17.78470712477169 -6.826909438837969 6.35
      vertex 17.403040968091545 7.748333050593993 6.35
    endloop
  endfacet
  facet normal 0 0 1
    outer loop
      vertex 17.78470712477169 -6.826909438837969 6.35
      vertex 18.11762663542267 -5.886773742842747 6.35
      vertex 17.78470712477169 6.826909438837969 6.35
    endloop
  endfacet
  facet normal 0 0 1
    outer loop
      vertex 18.11762663542267 -5.886773742842747 6.35
      vertex 18.40088699080675 -4.930502809203019 6.35
      vertex 18.11762663542267 5.886773742842747 6.35
    endloop
  endfacet
  facet normal 0 0 1
    outer loop
      vertex 18.40088699080675 -4.930502809203019 6.35
      vertex 18.633711793978996 -3.960717710078315 6.35
      vertex 18.40088699080675 4.930502809203019 6.35
    endloop
  endfacet
  facet normal 0 0 1
    outer loop
      vertex 18.633711793978996 -3.960717710078315 6.35
      vertex 18.815462888337372 -2.9800765590163976 6.35
      vertex 18.633711793978996 3.960717710078315 6.35
    endloop
  endfacet
  facet normal 0 0 1
    outer loop
      vertex 18.815462888337372 -2.9800765590163976 6.35
      vertex 18.945642106765604 -1.9912672252487984 6.35
      vertex 18.815462888337372 2.9800765590163976 6.35
    endloop
  endfacet
  facet normal 0 0 1
    outer loop
      vertex 18.945642106765604 -1.9912672252487984 6.35
      vertex 19.023892637074628 -0.9969999664280799 6.35
      vertex 18.945642106765604 1.9912672252487984 6.35
    endloop
  endfacet
  facet normal 0 0 -1
    outer loop
      vertex 0.685437476919305 13.078926187988808 0
      vertex 0 13.096874999999999 0
      vertex 0.9969999664280799 19.023892637074628 0
    endloop
  endfacet
  facet normal 0 0 -1
    outer loop
      vertex 0.685437476919305 13.078926187988808 0
      vertex 1.9912672252487984 18.945642106765604 0
      vertex 1.368996217358549 13.025128948401353 0
    endloop
  endfacet
  facet normal 0 0 -1
    outer loop
      vertex 1.368996217358549 13.025128948401353 0
      vertex 2.9800765590163976 18.815462888337372 0
      vertex 2.0488026343237733 12.935630735731944 0
    endloop
  endfacet
  facet normal 0 0 -1
    outer loop
      vertex 0 13.096874999999999 0
      vertex 0 19.049999999999997 0
      vertex 0.9969999664280799 19.023892637074628 0
    endloop
  endfacet
  facet normal 0 0 -1
    outer loop
      vertex 0.685437476919305 13.078926187988808 0
      vertex 0.9969999664280799 19.023892637074628 0
      vertex 1.9912672252487984 18.945642106765604 0
    endloop
  endfacet
  facet normal 0 0 -1
    outer loop
      vertex 1.368996217358549 13.025128948401353 0
      vertex 1.9912672252487984 18.945642106765604 0
      vertex 2.9800765590163976 18.815462888337372 0
    endloop
  endfacet
  facet normal 0.02617694830787487 0.9996573249755571 0
    outer loop
      vertex 0 19.049999999999997 0
      vertex 0 19.049999999999997 6.35
      vertex 0.9969999664280799 19.023892637074628 0
    endloop
  endfacet
  facet normal 0.07845909572784368 0.9969173337331281 0
    outer loop
      vertex 0.9969999664280799 19.023892637074628 0
      vertex 0.9969999664280799 19.023892637074628 6.35
      vertex 1.9912672252487984 18.945642106765604 0
    endloop
  endfacet
  facet normal 0.13052619222005024 0.9914448613738106 0
    outer loop
      vertex 1.9912672252487984 18.945642106765604 0
      vertex 1.9912672252487984 18.945642106765604 6.35
      vertex 2.9800765590163976 18.815462888337372 0
    endloop
  endfacet
  facet normal 0 0 -1
    outer loop
      vertex 2.0488026343237733 12.935630735731944 0
      vertex 2.9800765590163976 18.815462888337372 0
      vertex 2.7229934256788417 12.81067685836056 0
    endloop
  endfacet
  facet normal 0 0 -1
    outer loop
      vertex 2.7229934256788417 12.81067685836056 0
      vertex 3.960717710078315 18.633711793978996 0
      vertex 3.389720681327076 12.65060980617964 0
    endloop
  endfacet
  facet normal 0 0 -1
    outer loop
      vertex 3.389720681327076 12.65060980617964 0
      vertex 4.930502809203019 18.40088699080675 0
      vertex 4.047156948204389 12.455868311853088 0
    endloop
  endfacet
  facet normal 0 0 -1
    outer loop
      vertex 4.047156948204389 12.455868311853088 0
      vertex 4.930502809203019 18.40088699080675 0
      vertex 4.6935002392011045 12.226986148280538 0
    endloop
  endfacet
  facet normal 0 0 -1
    outer loop
      vertex 3.389720681327076 12.65060980617964 0
      vertex 3.960717710078315 18.633711793978996 0
      vertex 4.930502809203019 18.40088699080675 0
    endloop
  endfacet
  facet normal 0 0 -1
    outer loop
      vertex 2.7229934256788417 12.81067685836056 0
      vertex 2.9800765590163976 18.815462888337372 0
      vertex 3.960717710078315 18.633711793978996 0
    endloop
  endfacet
  facet normal 0.18223552549214672 0.9832549075639547 0
    outer loop
      vertex 2.9800765590163976 18.815462888337372 0
      vertex 2.9800765590163976 18.815462888337372 6.35
      vertex 3.960717710078315 18.633711793978996 0
    endloop
  endfacet
  facet normal 0.23344536385590514 0.9723699203976768 0
    outer loop
      vertex 3.960717710078315 18.633711793978996 0
      vertex 3.960717710078315 18.633711793978996 6.35
      vertex 4.930502809203019 18.40088699080675 0
    endloop
  endfacet
  facet normal 0 0 1
    outer loop
      vertex 0.685437476919305 13.078926187988808 6.35
      vertex 0.9969999664280799 19.023892637074628 6.35
      vertex 0 13.096874999999999 6.35
    endloop
  endfacet
  facet normal 0 0 1
    outer loop
      vertex 0.685437476919305 13.078926187988808 6.35
      vertex 1.368996217358549 13.025128948401353 6.35
      vertex 1.9912672252487984 18.945642106765604 6.35
    endloop
  endfacet
  facet normal 0 0 1
    outer loop
      vertex 1.368996217358549 13.025128948401353 6.35
      vertex 2.0488026343237733 12.935630735731944 6.35
      vertex 1.9912672252487984 18.945642106765604 6.35
    endloop
  endfacet
  facet normal 0.02617694830787487 0.9996573249755571 0
    outer loop
      vertex 0.9969999664280799 19.023892637074628 0
      vertex 0 19.049999999999997 6.35
      vertex 0.9969999664280799 19.023892637074628 6.35
    endloop
  endfacet
  facet normal 0.07845909572784368 0.9969173337331281 0
    outer loop
      vertex 1.9912672252487984 18.945642106765604 0
      vertex 0.9969999664280799 19.023892637074628 6.35
      vertex 1.9912672252487984 18.945642106765604 6.35
    endloop
  endfacet
  facet normal 0 0 1
    outer loop
      vertex 0 13.096874999999999 6.35
      vertex 0.9969999664280799 19.023892637074628 6.35
      vertex 0 19.049999999999997 6.35
    endloop
  endfacet
  facet normal 0 0 1
    outer loop
      vertex 0.685437476919305 13.078926187988808 6.35
      vertex 1.9912672252487984 18.945642106765604 6.35
      vertex 0.9969999664280799 19.023892637074628 6.35
    endloop
  endfacet
  facet normal 0 0 1
    outer loop
      vertex 2.0488026343237733 12.935630735731944 6.35
      vertex 2.9800765590163976 18.815462888337372 6.35
      vertex 1.9912672252487984 18.945642106765604 6.35
    endloop
  endfacet
  facet normal 0 0 1
    outer loop
      vertex 2.0488026343237733 12.935630735731944 6.35
      vertex 2.7229934256788417 12.81067685836056 6.35
      vertex 2.9800765590163976 18.815462888337372 6.35
    endloop
  endfacet
  facet normal 0 0 1
    outer loop
      vertex 2.7229934256788417 12.81067685836056 6.35
      vertex 3.389720681327076 12.65060980617964 6.35
      vertex 3.960717710078315 18.633711793978996 6.35
    endloop
  endfacet
  facet normal 0 0 1
    outer loop
      vertex 3.389720681327076 12.65060980617964 6.35
      vertex 4.047156948204389 12.455868311853088 6.35
      vertex 3.960717710078315 18.633711793978996 6.35
    endloop
  endfacet
  facet normal 0 0 1
    outer loop
      vertex 4.047156948204389 12.455868311853088 6.35
      vertex 4.6935002392011045 12.226986148280538 6.35
      vertex 4.930502809203019 18.40088699080675 6.35
    endloop
  endfacet
  facet normal 0 0 1
    outer loop
      vertex 4.047156948204389 12.455868311853088 6.35
      vertex 4.930502809203019 18.40088699080675 6.35
      vertex 3.960717710078315 18.633711793978996 6.35
    endloop
  endfacet
  facet normal 0.13052619222005024 0.9914448613738106 0
    outer loop
      vertex 2.9800765590163976 18.815462888337372 0
      vertex 1.9912672252487984 18.945642106765604 6.35
      vertex 2.9800765590163976 18.815462888337372 6.35
    endloop
  endfacet
  facet normal 0.18223552549214672 0.9832549075639547 0
    outer loop
      vertex 3.960717710078315 18.633711793978996 0
      vertex 2.9800765590163976 18.815462888337372 6.35
      vertex 3.960717710078315 18.633711793978996 6.35
    endloop
  endfacet
  facet normal 0.23344536385590514 0.9723699203976768 -1.7155253698563108e-18
    outer loop
      vertex 3.960717710078315 18.633711793978996 6.35
      vertex 4.930502809203019 18.40088699080675 6.35
      vertex 4.930502809203019 18.40088699080675 0
    endloop
  endfacet
  facet normal 0 0 1
    outer loop
      vertex 2.7229934256788417 12.81067685836056 6.35
      vertex 3.960717710078315 18.633711793978996 6.35
      vertex 2.9800765590163976 18.815462888337372 6.35
    endloop
  endfacet
  facet normal 0 0 -1
    outer loop
      vertex 4.6935002392011045 12.226986148280538 0
      vertex 5.886773742842747 18.11762663542267 0
      vertex 5.326978972283371 11.964590665562937 0
    endloop
  endfacet
  facet normal 0 0 -1
    outer loop
      vertex 5.945856826276376 11.66940107147953 0
      vertex 6.826909438837969 17.78470712477169 0
      vertex 6.5484374999999995 11.342226460189318 0
    endloop
  endfacet
  facet normal 0 0 -1
    outer loop
      vertex 5.945856826276376 11.66940107147953 0
      vertex 5.326978972283371 11.964590665562937 0
      vertex 6.826909438837969 17.78470712477169 0
    endloop
  endfacet
  facet normal 0 0 -1
    outer loop
      vertex 7.133069361712432 10.983963594560224 0
      vertex 6.5484374999999995 11.342226460189318 0
      vertex 7.748333050593993 17.403040968091545 0
    endloop
  endfacet
  facet normal 0 0 -1
    outer loop
      vertex 9.260889124852564 9.260889124852564 0
      vertex 8.763519910156171 9.732874886174248 0
      vertex 9.524999999999999 16.49778394209355 0
    endloop
  endfacet
  facet normal 0 0 -1
    outer loop
      vertex 7.133069361712432 10.983963594560224 0
      vertex 7.748333050593993 17.403040968091545 0
      vertex 7.698149976117984 10.59559444820439 0
    endloop
  endfacet
  facet normal 0 0 -1
    outer loop
      vertex 7.698149976117984 10.59559444820439 0
      vertex 7.748333050593993 17.403040968091545 0
      vertex 8.242130496530839 10.178183513956766 0
    endloop
  endfacet
  facet normal 0 0 -1
    outer loop
      vertex 8.242130496530839 10.178183513956766 0
      vertex 9.524999999999999 16.49778394209355 0
      vertex 8.763519910156171 9.732874886174248 0
    endloop
  endfacet
  facet normal 0 0 1
    outer loop
      vertex 4.6935002392011045 12.226986148280538 6.35
      vertex 5.326978972283371 11.964590665562937 6.35
      vertex 5.886773742842747 18.11762663542267 6.35
    endloop
  endfacet
  facet normal 0 0 1
    outer loop
      vertex 5.945856826276376 11.66940107147953 6.35
      vertex 5.886773742842747 18.11762663542267 6.35
      vertex 5.326978972283371 11.964590665562937 6.35
    endloop
  endfacet
  facet normal 0 0 1
    outer loop
      vertex 5.945856826276376 11.66940107147953 6.35
      vertex 6.5484374999999995 11.342226460189318 6.35
      vertex 6.826909438837969 17.78470712477169 6.35
    endloop
  endfacet
  facet normal 0 0 1
    outer loop
      vertex 7.133069361712432 10.983963594560224 6.35
      vertex 7.748333050593993 17.403040968091545 6.35
      vertex 6.5484374999999995 11.342226460189318 6.35
    endloop
  endfacet
  facet normal 0 0 1
    outer loop
      vertex 9.260889124852564 9.260889124852564 6.35
      vertex 9.524999999999999 16.49778394209355 6.35
      vertex 8.763519910156171 9.732874886174248 6.35
    endloop
  endfacet
  facet normal 0 0 1
    outer loop
      vertex 7.133069361712432 10.983963594560224 6.35
      vertex 7.698149976117984 10.59559444820439 6.35
      vertex 7.748333050593993 17.403040968091545 6.35
    endloop
  endfacet
  facet normal 0 0 1
    outer loop
      vertex 7.698149976117984 10.59559444820439 6.35
      vertex 8.242130496530839 10.178183513956766 6.35
      vertex 8.648519020038366 16.973674285788405 6.35
    endloop
  endfacet
  facet normal 0 0 1
    outer loop
      vertex 8.242130496530839 10.178183513956766 6.35
      vertex 8.763519910156171 9.732874886174248 6.35
      vertex 8.648519020038366 16.973674285788405 6.35
    endloop
  endfacet
  facet normal 0 0 -1
    outer loop
      vertex 4.6935002392011045 12.226986148280538 0
      vertex 4.930502809203019 18.40088699080675 0
      vertex 5.886773742842747 18.11762663542267 0
    endloop
  endfacet
  facet normal 0 0 -1
    outer loop
      vertex 5.326978972283371 11.964590665562937 0
      vertex 5.886773742842747 18.11762663542267 0
      vertex 6.826909438837969 17.78470712477169 0
    endloop
  endfacet
  facet normal 0 0 -1
    outer loop
      vertex 6.5484374999999995 11.342226460189318 0
      vertex 6.826909438837969 17.78470712477169 0
      vertex 7.748333050593993 17.403040968091545 0
    endloop
  endfacet
  facet normal 0.28401534470392664 0.9588197348681917 0
    outer loop
      vertex 4.930502809203019 18.40088699080675 0
      vertex 4.930502809203019 18.40088699080675 6.35
      vertex 5.886773742842747 18.11762663542267 0
    endloop
  endfacet
  facet normal 0.38268343236508756 0.9238795325112876 0
    outer loop
      vertex 6.826909438837969 17.78470712477169 0
      vertex 6.826909438837969 17.78470712477169 6.35
      vertex 7.748333050593993 17.403040968091545 0
    endloop
  endfacet
  facet normal 0.3338068592337701 0.9426414910921787 0
    outer loop
      vertex 5.886773742842747 18.11762663542267 0
      vertex 5.886773742842747 18.11762663542267 6.35
      vertex 6.826909438837969 17.78470712477169 0
    endloop
  endfacet
  facet normal 0 0 -1
    outer loop
      vertex 8.242130496530839 10.178183513956766 0
      vertex 7.748333050593993 17.403040968091545 0
      vertex 8.648519020038366 16.973674285788405 0
    endloop
  endfacet
  facet normal 0 0 -1
    outer loop
      vertex 8.242130496530839 10.178183513956766 0
      vertex 8.648519020038366 16.973674285788405 0
      vertex 9.524999999999999 16.49778394209355 0
    endloop
  endfacet
  facet normal 0.43051109680829547 0.9025852843498604 0
    outer loop
      vertex 7.748333050593993 17.403040968091545 0
      vertex 7.748333050593993 17.403040968091545 6.35
      vertex 8.648519020038366 16.973674285788405 0
    endloop
  endfacet
  facet normal 0.47715876025961035 0.8788171126619642 0
    outer loop
      vertex 8.648519020038366 16.973674285788405 0
      vertex 8.648519020038366 16.973674285788405 6.35
      vertex 9.524999999999999 16.49778394209355 0
    endloop
  endfacet
  facet normal 0 0 1
    outer loop
      vertex 4.6935002392011045 12.226986148280538 6.35
      vertex 5.886773742842747 18.11762663542267 6.35
      vertex 4.930502809203019 18.40088699080675 6.35
    endloop
  endfacet
  facet normal 0 0 1
    outer loop
      vertex 5.945856826276376 11.66940107147953 6.35
      vertex 6.826909438837969 17.78470712477169 6.35
      vertex 5.886773742842747 18.11762663542267 6.35
    endloop
  endfacet
  facet normal 0 0 1
    outer loop
      vertex 6.5484374999999995 11.342226460189318 6.35
      vertex 7.748333050593993 17.403040968091545 6.35
      vertex 6.826909438837969 17.78470712477169 6.35
    endloop
  endfacet
  facet normal 0.28401534470392664 0.9588197348681917 0
    outer loop
      vertex 5.886773742842747 18.11762663542267 0
      vertex 4.930502809203019 18.40088699080675 6.35
      vertex 5.886773742842747 18.11762663542267 6.35
    endloop
  endfacet
  facet normal 0.3338068592337701 0.9426414910921787 0
    outer loop
      vertex 6.826909438837969 17.78470712477169 0
      vertex 5.886773742842747 18.11762663542267 6.35
      vertex 6.826909438837969 17.78470712477169 6.35
    endloop
  endfacet
  facet normal 0.47715876025961035 0.8788171126619642 -7.826144879942807e-19
    outer loop
      vertex 8.648519020038366 16.973674285788405 6.35
      vertex 9.524999999999999 16.49778394209355 6.35
      vertex 9.524999999999999 16.49778394209355 0
    endloop
  endfacet
  facet normal 0 0 1
    outer loop
      vertex 7.698149976117984 10.59559444820439 6.35
      vertex 8.648519020038366 16.973674285788405 6.35
      vertex 7.748333050593993 17.403040968091545 6.35
    endloop
  endfacet
  facet normal 0 0 1
    outer loop
      vertex 8.763519910156171 9.732874886174248 6.35
      vertex 9.524999999999999 16.49778394209355 6.35
      vertex 8.648519020038366 16.973674285788405 6.35
    endloop
  endfacet
  facet normal 0.38268343236508756 0.9238795325112876 0
    outer loop
      vertex 7.748333050593993 17.403040968091545 0
      vertex 6.826909438837969 17.78470712477169 6.35
      vertex 7.748333050593993 17.403040968091545 6.35
    endloop
  endfacet
  facet normal 0.43051109680829547 0.9025852843498604 0
    outer loop
      vertex 8.648519020038366 16.973674285788405 0
      vertex 7.748333050593993 17.403040968091545 6.35
      vertex 8.648519020038366 16.973674285788405 6.35
    endloop
  endfacet
  facet normal 0 0 -1
    outer loop
      vertex 13.078926187988808 -0.685437476919305 0
      vertex 13.096874999999999 0 0
      vertex 13.470384181603729 13.470384181603729 0
    endloop
  endfacet
  facet normal 0 0 -1
    outer loop
      vertex 13.078926187988808 0.685437476919305 0
      vertex 13.470384181603729 13.470384181603729 0
      vertex 13.096874999999999 0 0
    endloop
  endfacet
  facet normal 0 0 -1
    outer loop
      vertex 13.470384181603729 -13.470384181603729 0
      vertex 13.470384181603729 13.470384181603729 0
      vertex 14.156908925344359 12.746938051136247 0
    endloop
  endfacet
  facet normal 0 0 1
    outer loop
      vertex 13.470384181603729 -13.470384181603729 6.35
      vertex 12.746938051136247 14.156908925344359 6.35
      vertex 13.078926187988808 0.685437476919305 6.35
    endloop
  endfacet
  facet normal 0 0 1
    outer loop
      vertex 13.470384181603729 -13.470384181603729 6.35
      vertex 13.470384181603729 13.470384181603729 6.35
      vertex 12.746938051136247 14.156908925344359 6.35
    endloop
  endfacet
  facet normal 0 0 1
    outer loop
      vertex 14.156908925344359 -12.746938051136247 6.35
      vertex 14.156908925344359 12.746938051136247 6.35
      vertex 13.470384181603729 13.470384181603729 6.35
    endloop
  endfacet
  facet normal 0 0 -1
    outer loop
      vertex 11.66940107147953 5.945856826276376 0
      vertex 11.9885534494994 14.804630565755293 0
      vertex 11.964590665562937 5.326978972283371 0
    endloop
  endfacet
  facet normal 0 0 -1
    outer loop
      vertex 11.66940107147953 5.945856826276376 0
      vertex 11.342226460189318 6.5484374999999995 0
      vertex 11.9885534494994 14.804630565755293 0
    endloop
  endfacet
  facet normal 0 0 -1
    outer loop
      vertex 12.935630735731944 2.0488026343237733 0
      vertex 12.81067685836056 2.7229934256788417 0
      vertex 13.470384181603729 13.470384181603729 0
    endloop
  endfacet
  facet normal 0 0 -1
    outer loop
      vertex 12.81067685836056 2.7229934256788417 0
      vertex 12.65060980617964 3.389720681327076 0
      vertex 12.746938051136247 14.156908925344359 0
    endloop
  endfacet
  facet normal 0 0 -1
    outer loop
      vertex 13.078926187988808 0.685437476919305 0
      vertex 13.025128948401353 1.368996217358549 0
      vertex 13.470384181603729 13.470384181603729 0
    endloop
  endfacet
  facet normal 0 0 -1
    outer loop
      vertex 13.025128948401353 1.368996217358549 0
      vertex 12.935630735731944 2.0488026343237733 0
      vertex 13.470384181603729 13.470384181603729 0
    endloop
  endfacet
  facet normal 0 0 -1
    outer loop
      vertex 12.455868311853088 4.047156948204389 0
      vertex 12.226986148280538 4.6935002392011045 0
      vertex 12.746938051136247 14.156908925344359 0
    endloop
  endfacet
  facet normal 0 0 -1
    outer loop
      vertex 12.226986148280538 4.6935002392011045 0
      vertex 11.964590665562937 5.326978972283371 0
      vertex 11.9885534494994 14.804630565755293 0
    endloop
  endfacet
  facet normal 0 0 -1
    outer loop
      vertex 12.65060980617964 3.389720681327076 0
      vertex 12.455868311853088 4.047156948204389 0
      vertex 12.746938051136247 14.156908925344359 0
    endloop
  endfacet
  facet normal 0 0 1
    outer loop
      vertex 11.66940107147953 5.945856826276376 6.35
      vertex 11.964590665562937 5.326978972283371 6.35
      vertex 11.9885534494994 14.804630565755293 6.35
    endloop
  endfacet
  facet normal 0 0 1
    outer loop
      vertex 11.66940107147953 5.945856826276376 6.35
      vertex 11.9885534494994 14.804630565755293 6.35
      vertex 11.342226460189318 6.5484374999999995 6.35
    endloop
  endfacet
  facet normal 0 0 1
    outer loop
      vertex 13.078926187988808 0.685437476919305 6.35
      vertex 12.746938051136247 14.156908925344359 6.35
      vertex 13.025128948401353 1.368996217358549 6.35
    endloop
  endfacet
  facet normal 0 0 1
    outer loop
      vertex 13.025128948401353 1.368996217358549 6.35
      vertex 12.746938051136247 14.156908925344359 6.35
      vertex 12.935630735731944 2.0488026343237733 6.35
    endloop
  endfacet
  facet normal 0 0 1
    outer loop
      vertex 12.935630735731944 2.0488026343237733 6.35
      vertex 12.746938051136247 14.156908925344359 6.35
      vertex 12.81067685836056 2.7229934256788417 6.35
    endloop
  endfacet
  facet normal 0 0 1
    outer loop
      vertex 12.81067685836056 2.7229934256788417 6.35
      vertex 12.746938051136247 14.156908925344359 6.35
      vertex 12.65060980617964 3.389720681327076 6.35
    endloop
  endfacet
  facet normal 0 0 1
    outer loop
      vertex 12.455868311853088 4.047156948204389 6.35
      vertex 12.746938051136247 14.156908925344359 6.35
      vertex 12.226986148280538 4.6935002392011045 6.35
    endloop
  endfacet
  facet normal 0 0 1
    outer loop
      vertex 12.226986148280538 4.6935002392011045 6.35
      vertex 11.9885534494994 14.804630565755293 6.35
      vertex 11.964590665562937 5.326978972283371 6.35
    endloop
  endfacet
  facet normal 0 0 1
    outer loop
      vertex 12.65060980617964 3.389720681327076 6.35
      vertex 12.746938051136247 14.156908925344359 6.35
      vertex 12.455868311853088 4.047156948204389 6.35
    endloop
  endfacet
  facet normal 0 0 -1
    outer loop
      vertex 14.156908925344359 -12.746938051136247 0
      vertex 14.156908925344359 12.746938051136247 0
      vertex 14.804630565755293 11.9885534494994 0
    endloop
  endfacet
  facet normal 0 0 -1
    outer loop
      vertex 14.804630565755293 -11.9885534494994 0
      vertex 14.804630565755293 11.9885534494994 0
      vertex 15.411773742842747 11.197309056171612 0
    endloop
  endfacet
  facet normal 0 0 -1
    outer loop
      vertex 15.411773742842747 -11.197309056171612 0
      vertex 15.411773742842747 11.197309056171612 0
      vertex 15.976674319360326 10.375373617036264 0
    endloop
  endfacet
  facet normal 0 0 -1
    outer loop
      vertex 16.49778394209355 -9.524999999999999 0
      vertex 16.49778394209355 9.524999999999999 0
      vertex 16.973674285788405 8.648519020038366 0
    endloop
  endfacet
  facet normal 0 0 -1
    outer loop
      vertex 15.976674319360326 -10.375373617036264 0
      vertex 15.976674319360326 10.375373617036264 0
      vertex 16.49778394209355 9.524999999999999 0
    endloop
  endfacet
  facet normal 0 0 -1
    outer loop
      vertex 17.403040968091545 -7.748333050593993 0
      vertex 17.403040968091545 7.748333050593993 0
      vertex 17.78470712477169 6.826909438837969 0
    endloop
  endfacet
  facet normal 0 0 -1
    outer loop
      vertex 19.023892637074628 -0.9969999664280799 0
      vertex 19.023892637074628 0.9969999664280799 0
      vertex 19.049999999999997 0 0
    endloop
  endfacet
  facet normal 0 0 -1
    outer loop
      vertex 18.945642106765604 -1.9912672252487984 0
      vertex 18.945642106765604 1.9912672252487984 0
      vertex 19.023892637074628 0.9969999664280799 0
    endloop
  endfacet
  facet normal 0 0 -1
    outer loop
      vertex 18.633711793978996 -3.960717710078315 0
      vertex 18.633711793978996 3.960717710078315 0
      vertex 18.815462888337372 2.9800765590163976 0
    endloop
  endfacet
  facet normal 0 0 -1
    outer loop
      vertex 18.815462888337372 -2.9800765590163976 0
      vertex 18.815462888337372 2.9800765590163976 0
      vertex 18.945642106765604 1.9912672252487984 0
    endloop
  endfacet
  facet normal 0 0 -1
    outer loop
      vertex 18.11762663542267 -5.886773742842747 0
      vertex 18.11762663542267 5.886773742842747 0
      vertex 18.40088699080675 4.930502809203019 0
    endloop
  endfacet
  facet normal 0 0 -1
    outer loop
      vertex 17.78470712477169 -6.826909438837969 0
      vertex 17.78470712477169 6.826909438837969 0
      vertex 18.11762663542267 5.886773742842747 0
    endloop
  endfacet
  facet normal 0 0 -1
    outer loop
      vertex 18.40088699080675 -4.930502809203019 0
      vertex 18.40088699080675 4.930502809203019 0
      vertex 18.633711793978996 3.960717710078315 0
    endloop
  endfacet
  facet normal 0.9996573249755571 0.02617694830787487 0
    outer loop
      vertex 19.049999999999997 0 0
      vertex 19.023892637074628 0.9969999664280799 0
      vertex 19.049999999999997 0 6.35
    endloop
  endfacet
  facet normal 0.9969173337331281 0.07845909572784368 0
    outer loop
      vertex 19.023892637074628 0.9969999664280799 0
      vertex 18.945642106765604 1.9912672252487984 0
      vertex 19.023892637074628 0.9969999664280799 6.35
    endloop
  endfacet
  facet normal 0.9914448613738106 0.13052619222005024 0
    outer loop
      vertex 18.945642106765604 1.9912672252487984 0
      vertex 18.815462888337372 2.9800765590163976 0
      vertex 18.945642106765604 1.9912672252487984 6.35
    endloop
  endfacet
  facet normal 0 0 -1
    outer loop
      vertex 16.973674285788405 -8.648519020038366 0
      vertex 16.973674285788405 8.648519020038366 0
      vertex 17.403040968091545 7.748333050593993 0
    endloop
  endfacet
  facet normal 0.9832549075639547 0.18223552549214672 0
    outer loop
      vertex 18.815462888337372 2.9800765590163976 0
      vertex 18.633711793978996 3.960717710078315 0
      vertex 18.815462888337372 2.9800765590163976 6.35
    endloop
  endfacet
  facet normal 0.9723699203976768 0.23344536385590514 0
    outer loop
      vertex 18.633711793978996 3.960717710078315 0
      vertex 18.40088699080675 4.930502809203019 0
      vertex 18.633711793978996 3.960717710078315 6.35
    endloop
  endfacet
  facet normal 0 0 1
    outer loop
      vertex 14.804630565755293 -11.9885534494994 6.35
      vertex 14.804630565755293 11.9885534494994 6.35
      vertex 14.156908925344359 12.746938051136247 6.35
    endloop
  endfacet
  facet normal 0 0 1
    outer loop
      vertex 15.411773742842747 -11.197309056171612 6.35
      vertex 15.411773742842747 11.197309056171612 6.35
      vertex 14.804630565755293 11.9885534494994 6.35
    endloop
  endfacet
  facet normal 0 0 1
    outer loop
      vertex 16.49778394209355 -9.524999999999999 6.35
      vertex 16.49778394209355 9.524999999999999 6.35
      vertex 15.976674319360326 10.375373617036264 6.35
    endloop
  endfacet
  facet normal 0 0 1
    outer loop
      vertex 15.976674319360326 -10.375373617036264 6.35
      vertex 15.976674319360326 10.375373617036264 6.35
      vertex 15.411773742842747 11.197309056171612 6.35
    endloop
  endfacet
  facet normal 0.9996573249755571 0.02617694830787487 0
    outer loop
      vertex 19.023892637074628 0.9969999664280799 0
      vertex 19.023892637074628 0.9969999664280799 6.35
      vertex 19.049999999999997 0 6.35
    endloop
  endfacet
  facet normal 0.9969173337331281 0.07845909572784368 0
    outer loop
      vertex 18.945642106765604 1.9912672252487984 0
      vertex 18.945642106765604 1.9912672252487984 6.35
      vertex 19.023892637074628 0.9969999664280799 6.35
    endloop
  endfacet
  facet normal 0 0 1
    outer loop
      vertex 19.023892637074628 -0.9969999664280799 6.35
      vertex 19.049999999999997 0 6.35
      vertex 19.023892637074628 0.9969999664280799 6.35
    endloop
  endfacet
  facet normal 0 0 1
    outer loop
      vertex 19.023892637074628 -0.9969999664280799 6.35
      vertex 19.023892637074628 0.9969999664280799 6.35
      vertex 18.945642106765604 1.9912672252487984 6.35
    endloop
  endfacet
  facet normal 0 0 1
    outer loop
      vertex 18.945642106765604 -1.9912672252487984 6.35
      vertex 18.945642106765604 1.9912672252487984 6.35
      vertex 18.815462888337372 2.9800765590163976 6.35
    endloop
  endfacet
  facet normal 0 0 1
    outer loop
      vertex 18.11762663542267 -5.886773742842747 6.35
      vertex 18.11762663542267 5.886773742842747 6.35
      vertex 17.78470712477169 6.826909438837969 6.35
    endloop
  endfacet
  facet normal 0 0 1
    outer loop
      vertex 18.40088699080675 -4.930502809203019 6.35
      vertex 18.40088699080675 4.930502809203019 6.35
      vertex 18.11762663542267 5.886773742842747 6.35
    endloop
  endfacet
  facet normal 0 0 1
    outer loop
      vertex 18.633711793978996 -3.960717710078315 6.35
      vertex 18.633711793978996 3.960717710078315 6.35
      vertex 18.40088699080675 4.930502809203019 6.35
    endloop
  endfacet
  facet normal 0 0 1
    outer loop
      vertex 18.815462888337372 -2.9800765590163976 6.35
      vertex 18.815462888337372 2.9800765590163976 6.35
      vertex 18.633711793978996 3.960717710078315 6.35
    endloop
  endfacet
  facet normal 0.9914448613738106 0.13052619222005024 0
    outer loop
      vertex 18.815462888337372 2.9800765590163976 0
      vertex 18.815462888337372 2.9800765590163976 6.35
      vertex 18.945642106765604 1.9912672252487984 6.35
    endloop
  endfacet
  facet normal 0.9832549075639547 0.18223552549214672 0
    outer loop
      vertex 18.633711793978996 3.960717710078315 0
      vertex 18.633711793978996 3.960717710078315 6.35
      vertex 18.815462888337372 2.9800765590163976 6.35
    endloop
  endfacet
  facet normal 0.9723699203976768 0.23344536385590514 -1.7155253698563108e-18
    outer loop
      vertex 18.633711793978996 3.960717710078315 6.35
      vertex 18.40088699080675 4.930502809203019 0
      vertex 18.40088699080675 4.930502809203019 6.35
    endloop
  endfacet
  facet normal 0 0 1
    outer loop
      vertex 17.403040968091545 -7.748333050593993 6.35
      vertex 17.403040968091545 7.748333050593993 6.35
      vertex 16.973674285788405 8.648519020038366 6.35
    endloop
  endfacet
  facet normal 0 0 1
    outer loop
      vertex 16.973674285788405 -8.648519020038366 6.35
      vertex 16.973674285788405 8.648519020038366 6.35
      vertex 16.49778394209355 9.524999999999999 6.35
    endloop
  endfacet
  facet normal 0 0 1
    outer loop
      vertex 17.78470712477169 -6.826909438837969 6.35
      vertex 17.78470712477169 6.826909438837969 6.35
      vertex 17.403040968091545 7.748333050593993 6.35
    endloop
  endfacet
  facet normal 0.9238795325112876 0.38268343236508756 0
    outer loop
      vertex 17.78470712477169 6.826909438837969 0
      vertex 17.403040968091545 7.748333050593993 0
      vertex 17.78470712477169 6.826909438837969 6.35
    endloop
  endfacet
  facet normal 0.9588197348681917 0.28401534470392664 0
    outer loop
      vertex 18.40088699080675 4.930502809203019 0
      vertex 18.11762663542267 5.886773742842747 0
      vertex 18.40088699080675 4.930502809203019 6.35
    endloop
  endfacet
  facet normal 0.9426414910921787 0.3338068592337701 -4.148070982023565e-18
    outer loop
      vertex 17.78470712477169 6.826909438837969 0
      vertex 18.11762663542267 5.886773742842747 6.35
      vertex 18.11762663542267 5.886773742842747 0
    endloop
  endfacet
  facet normal 0.9025852843498604 0.43051109680829547 0
    outer loop
      vertex 17.403040968091545 7.748333050593993 0
      vertex 16.973674285788405 8.648519020038366 0
      vertex 17.403040968091545 7.748333050593993 6.35
    endloop
  endfacet
  facet normal 0.8788171126619642 0.47715876025961035 0
    outer loop
      vertex 16.973674285788405 8.648519020038366 0
      vertex 16.49778394209355 9.524999999999999 0
      vertex 16.973674285788405 8.648519020038366 6.35
    endloop
  endfacet
  facet normal 0.8788171126619642 0.47715876025961035 -7.826144879942807e-19
    outer loop
      vertex 16.973674285788405 8.648519020038366 6.35
      vertex 16.49778394209355 9.524999999999999 0
      vertex 16.49778394209355 9.524999999999999 6.35
    endloop
  endfacet
  facet normal 0.9588197348681917 0.28401534470392664 0
    outer loop
      vertex 18.11762663542267 5.886773742842747 0
      vertex 18.11762663542267 5.886773742842747 6.35
      vertex 18.40088699080675 4.930502809203019 6.35
    endloop
  endfacet
  facet normal 0.9426414910921787 0.3338068592337701 0
    outer loop
      vertex 17.78470712477169 6.826909438837969 0
      vertex 17.78470712477169 6.826909438837969 6.35
      vertex 18.11762663542267 5.886773742842747 6.35
    endloop
  endfacet
  facet normal 0.9238795325112876 0.38268343236508756 0
    outer loop
      vertex 17.403040968091545 7.748333050593993 0
      vertex 17.403040968091545 7.748333050593993 6.35
      vertex 17.78470712477169 6.826909438837969 6.35
    endloop
  endfacet
  facet normal 0.9025852843498604 0.43051109680829547 0
    outer loop
      vertex 16.973674285788405 8.648519020038366 0
      vertex 16.973674285788405 8.648519020038366 6.35
      vertex 17.403040968091545 7.748333050593993 6.35
    endloop
  endfacet
  facet normal 0 0 -1
    outer loop
      vertex 10.59559444820439 7.698149976117984 0
      vertex 10.178183513956766 8.242130496530839 0
      vertex 10.375373617036264 15.976674319360326 0
    endloop
  endfacet
  facet normal 0 0 -1
    outer loop
      vertex 10.178183513956766 8.242130496530839 0
      vertex 9.732874886174248 8.763519910156171 0
      vertex 10.375373617036264 15.976674319360326 0
    endloop
  endfacet
  facet normal 0 0 -1
    outer loop
      vertex 9.260889124852564 9.260889124852564 0
      vertex 10.375373617036264 15.976674319360326 0
      vertex 9.732874886174248 8.763519910156171 0
    endloop
  endfacet
  facet normal 0 0 -1
    outer loop
      vertex 10.983963594560224 7.133069361712432 0
      vertex 10.59559444820439 7.698149976117984 0
      vertex 11.197309056171612 15.411773742842747 0
    endloop
  endfacet
  facet normal 0 0 -1
    outer loop
      vertex 10.983963594560224 7.133069361712432 0
      vertex 11.197309056171612 15.411773742842747 0
      vertex 11.342226460189318 6.5484374999999995 0
    endloop
  endfacet
  facet normal 0 0 -1
    outer loop
      vertex 9.260889124852564 9.260889124852564 0
      vertex 9.524999999999999 16.49778394209355 0
      vertex 10.375373617036264 15.976674319360326 0
    endloop
  endfacet
  facet normal 0 0 -1
    outer loop
      vertex 10.59559444820439 7.698149976117984 0
      vertex 10.375373617036264 15.976674319360326 0
      vertex 11.197309056171612 15.411773742842747 0
    endloop
  endfacet
  facet normal 0 0 -1
    outer loop
      vertex 11.342226460189318 6.5484374999999995 0
      vertex 11.197309056171612 15.411773742842747 0
      vertex 11.9885534494994 14.804630565755293 0
    endloop
  endfacet
  facet normal 0 0 -1
    outer loop
      vertex 12.81067685836056 2.7229934256788417 0
      vertex 12.746938051136247 14.156908925344359 0
      vertex 13.470384181603729 13.470384181603729 0
    endloop
  endfacet
  facet normal 0 0 -1
    outer loop
      vertex 12.226986148280538 4.6935002392011045 0
      vertex 11.9885534494994 14.804630565755293 0
      vertex 12.746938051136247 14.156908925344359 0
    endloop
  endfacet
  facet normal 0.6883545756937542 0.7253743710122874 0
    outer loop
      vertex 12.746938051136247 14.156908925344359 0
      vertex 12.746938051136247 14.156908925344359 6.35
      vertex 13.470384181603729 13.470384181603729 0
    endloop
  endfacet
  facet normal 0.7253743710122874 0.6883545756937542 0
    outer loop
      vertex 14.156908925344359 12.746938051136247 0
      vertex 13.470384181603729 13.470384181603729 0
      vertex 14.156908925344359 12.746938051136247 6.35
    endloop
  endfacet
  facet normal 0 0 1
    outer loop
      vertex 10.59559444820439 7.698149976117984 6.35
      vertex 11.197309056171612 15.411773742842747 6.35
      vertex 10.178183513956766 8.242130496530839 6.35
    endloop
  endfacet
  facet normal 0 0 1
    outer loop
      vertex 10.178183513956766 8.242130496530839 6.35
      vertex 10.375373617036264 15.976674319360326 6.35
      vertex 9.732874886174248 8.763519910156171 6.35
    endloop
  endfacet
  facet normal 0 0 1
    outer loop
      vertex 9.260889124852564 9.260889124852564 6.35
      vertex 9.732874886174248 8.763519910156171 6.35
      vertex 10.375373617036264 15.976674319360326 6.35
    endloop
  endfacet
  facet normal 0 0 1
    outer loop
      vertex 10.983963594560224 7.133069361712432 6.35
      vertex 11.197309056171612 15.411773742842747 6.35
      vertex 10.59559444820439 7.698149976117984 6.35
    endloop
  endfacet
  facet normal 0 0 1
    outer loop
      vertex 10.983963594560224 7.133069361712432 6.35
      vertex 11.342226460189318 6.5484374999999995 6.35
      vertex 11.197309056171612 15.411773742842747 6.35
    endloop
  endfacet
  facet normal 0 0 1
    outer loop
      vertex 9.260889124852564 9.260889124852564 6.35
      vertex 10.375373617036264 15.976674319360326 6.35
      vertex 9.524999999999999 16.49778394209355 6.35
    endloop
  endfacet
  facet normal 0 0 1
    outer loop
      vertex 10.178183513956766 8.242130496530839 6.35
      vertex 11.197309056171612 15.411773742842747 6.35
      vertex 10.375373617036264 15.976674319360326 6.35
    endloop
  endfacet
  facet normal 0 0 1
    outer loop
      vertex 11.342226460189318 6.5484374999999995 6.35
      vertex 11.9885534494994 14.804630565755293 6.35
      vertex 11.197309056171612 15.411773742842747 6.35
    endloop
  endfacet
  facet normal 0 0 1
    outer loop
      vertex 12.226986148280538 4.6935002392011045 6.35
      vertex 12.746938051136247 14.156908925344359 6.35
      vertex 11.9885534494994 14.804630565755293 6.35
    endloop
  endfacet
  facet normal 0.6883545756937542 0.7253743710122874 0
    outer loop
      vertex 13.470384181603729 13.470384181603729 0
      vertex 12.746938051136247 14.156908925344359 6.35
      vertex 13.470384181603729 13.470384181603729 6.35
    endloop
  endfacet
  facet normal 0.7253743710122874 0.6883545756937542 0
    outer loop
      vertex 13.470384181603729 13.470384181603729 0
      vertex 13.470384181603729 13.470384181603729 6.35
      vertex 14.156908925344359 12.746938051136247 6.35
    endloop
  endfacet
  facet normal 0.5224985647159474 0.8526401643540931 0
    outer loop
      vertex 9.524999999999999 16.49778394209355 0
      vertex 9.524999999999999 16.49778394209355 6.35
      vertex 10.375373617036264 15.976674319360326 0
    endloop
  endfacet
  facet normal 0.5664062369248316 0.8241261886220166 0
    outer loop
      vertex 10.375373617036264 15.976674319360326 0
      vertex 10.375373617036264 15.976674319360326 6.35
      vertex 11.197309056171612 15.411773742842747 0
    endloop
  endfacet
  facet normal 0.6087614290087223 0.7933533402912338 0
    outer loop
      vertex 11.197309056171612 15.411773742842747 0
      vertex 11.197309056171612 15.411773742842747 6.35
      vertex 11.9885534494994 14.804630565755293 0
    endloop
  endfacet
  facet normal 0.6494480483301824 0.760405965600032 3.2201371289681985e-18
    outer loop
      vertex 12.746938051136247 14.156908925344359 0
      vertex 11.9885534494994 14.804630565755293 0
      vertex 11.9885534494994 14.804630565755293 6.35
    endloop
  endfacet
  facet normal 0.5224985647159474 0.8526401643540931 0
    outer loop
      vertex 10.375373617036264 15.976674319360326 0
      vertex 9.524999999999999 16.49778394209355 6.35
      vertex 10.375373617036264 15.976674319360326 6.35
    endloop
  endfacet
  facet normal 0.6087614290087223 0.7933533402912338 0
    outer loop
      vertex 11.9885534494994 14.804630565755293 0
      vertex 11.197309056171612 15.411773742842747 6.35
      vertex 11.9885534494994 14.804630565755293 6.35
    endloop
  endfacet
  facet normal 0.5664062369248316 0.8241261886220166 0
    outer loop
      vertex 11.197309056171612 15.411773742842747 0
      vertex 10.375373617036264 15.976674319360326 6.35
      vertex 11.197309056171612 15.411773742842747 6.35
    endloop
  endfacet
  facet normal 0.6494480483301824 0.760405965600032 0
    outer loop
      vertex 12.746938051136247 14.156908925344359 0
      vertex 11.9885534494994 14.804630565755293 6.35
      vertex 12.746938051136247 14.156908925344359 6.35
    endloop
  endfacet
  facet normal 0.7933533402912338 0.6087614290087223 0
    outer loop
      vertex 15.411773742842747 11.197309056171612 0
      vertex 14.804630565755293 11.9885534494994 0
      vertex 15.411773742842747 11.197309056171612 6.35
    endloop
  endfacet
  facet normal 0.8241261886220166 0.5664062369248316 3.519488346745084e-18
    outer loop
      vertex 15.411773742842747 11.197309056171612 0
      vertex 15.976674319360326 10.375373617036264 6.35
      vertex 15.976674319360326 10.375373617036264 0
    endloop
  endfacet
  facet normal 0.8526401643540931 0.5224985647159474 2.4097838150264942e-18
    outer loop
      vertex 15.976674319360326 10.375373617036264 0
      vertex 16.49778394209355 9.524999999999999 6.35
      vertex 16.49778394209355 9.524999999999999 0
    endloop
  endfacet
  facet normal 0.760405965600032 0.6494480483301824 3.2201371289681985e-18
    outer loop
      vertex 14.156908925344359 12.746938051136247 0
      vertex 14.804630565755293 11.9885534494994 6.35
      vertex 14.804630565755293 11.9885534494994 0
    endloop
  endfacet
  facet normal 0.7933533402912338 0.6087614290087223 0
    outer loop
      vertex 14.804630565755293 11.9885534494994 0
      vertex 14.804630565755293 11.9885534494994 6.35
      vertex 15.411773742842747 11.197309056171612 6.35
    endloop
  endfacet
  facet normal 0.8526401643540931 0.5224985647159474 0
    outer loop
      vertex 15.976674319360326 10.375373617036264 0
      vertex 15.976674319360326 10.375373617036264 6.35
      vertex 16.49778394209355 9.524999999999999 6.35
    endloop
  endfacet
  facet normal 0.8241261886220166 0.5664062369248316 0
    outer loop
      vertex 15.411773742842747 11.197309056171612 0
      vertex 15.411773742842747 11.197309056171612 6.35
      vertex 15.976674319360326 10.375373617036264 6.35
    endloop
  endfacet
  facet normal 0.760405965600032 0.6494480483301824 0
    outer loop
      vertex 14.156908925344359 12.746938051136247 0
      vertex 14.156908925344359 12.746938051136247 6.35
      vertex 14.804630565755293 11.9885534494994 6.35
    endloop
  endfacet
  facet normal 0.8788171126619644 0.4771587602596099 6.979831536406636e-20
    outer loop
      vertex -4.811853649777286 -2.7781249999999997 0
      vertex -4.9506550000216185 -2.522484714177857 0
      vertex -4.9506550000216185 -2.522484714177857 31.75
    endloop
  endfacet
  facet normal 0.9723699203976768 0.23344536385590448 -1.4776886400521998e-19
    outer loop
      vertex -5.366925372318636 -1.4380633193508807 0
      vertex -5.434832606577207 -1.1552093321061752 0
      vertex -5.434832606577207 -1.1552093321061752 31.75
    endloop
  endfacet
  facet normal 0.9426414910921788 0.3338068592337702 0
    outer loop
      vertex -5.284307768664946 -1.7169756749958014 31.75
      vertex -5.187206244725076 -1.9911819196610745 0
      vertex -5.284307768664946 -1.7169756749958014 0
    endloop
  endfacet
  facet normal 0.9238795325112866 0.3826834323650899 0
    outer loop
      vertex -5.187206244725076 -1.9911819196610745 31.75
      vertex -5.0758869490267005 -2.2599304730899146 0
      vertex -5.187206244725076 -1.9911819196610745 0
    endloop
  endfacet
  facet normal 0.9025852843498613 0.4305110968082938 1.0107361299363949e-19
    outer loop
      vertex -4.9506550000216185 -2.522484714177857 0
      vertex -5.0758869490267005 -2.2599304730899146 0
      vertex -5.0758869490267005 -2.2599304730899146 31.75
    endloop
  endfacet
  facet normal 0.9588197348681922 0.28401534470392575 -8.571206919413797e-20
    outer loop
      vertex -5.284307768664946 -1.7169756749958014 0
      vertex -5.366925372318636 -1.4380633193508807 0
      vertex -5.366925372318636 -1.4380633193508807 31.75
    endloop
  endfacet
  facet normal 0.9832549075639547 0.18223552549214678 -3.4586353852334756e-20
    outer loop
      vertex -5.434832606577207 -1.1552093321061752 0
      vertex -5.487843342431733 -0.8691889963797826 0
      vertex -5.487843342431733 -0.8691889963797826 31.75
    endloop
  endfacet
  facet normal 0.9914448613738104 0.13052619222005227 7.541249711552516e-20
    outer loop
      vertex -5.487843342431733 -0.8691889963797826 0
      vertex -5.525812281139968 -0.5807862740308996 0
      vertex -5.525812281139968 -0.5807862740308996 31.75
    endloop
  endfacet
  facet normal 0.9969173337331282 0.07845909572784318 -1.3550706426438818e-20
    outer loop
      vertex -5.525812281139968 -0.5807862740308996 0
      vertex -5.5486353524801 -0.29079165687485664 0
      vertex -5.5486353524801 -0.29079165687485664 31.75
    endloop
  endfacet
  facet normal 0.9996573249755571 0.02617694830787436 1.3439928265638487e-20
    outer loop
      vertex -5.5486353524801 -0.29079165687485664 0
      vertex -5.5562499999999995 0 0
      vertex -5.5562499999999995 0 31.75
    endloop
  endfacet
  facet normal 0.4771587602596099 0.8788171126619644 6.979831536406636e-20
    outer loop
      vertex -2.522484714177857 -4.9506550000216185 0
      vertex -2.7781249999999997 -4.811853649777286 0
      vertex -2.7781249999999997 -4.811853649777286 31.75
    endloop
  endfacet
  facet normal 0.4305110968082938 0.9025852843498613 1.0107361299363949e-19
    outer loop
      vertex -2.2599304730899146 -5.0758869490267005 0
      vertex -2.522484714177857 -4.9506550000216185 0
      vertex -2.522484714177857 -4.9506550000216185 31.75
    endloop
  endfacet
  facet normal 0.3826834323650899 0.9238795325112866 -1.816980908113386e-19
    outer loop
      vertex -1.9911819196610745 -5.187206244725076 0
      vertex -2.2599304730899146 -5.0758869490267005 0
      vertex -2.2599304730899146 -5.0758869490267005 31.75
    endloop
  endfacet
  facet normal 0.3338068592337702 0.9426414910921788 1.0237688086528499e-19
    outer loop
      vertex -1.7169756749958014 -5.284307768664946 0
      vertex -1.9911819196610745 -5.187206244725076 0
      vertex -1.9911819196610745 -5.187206244725076 31.75
    endloop
  endfacet
  facet normal 0.23344536385590448 0.9723699203976768 -1.4776886400521998e-19
    outer loop
      vertex -1.1552093321061752 -5.434832606577207 0
      vertex -1.4380633193508807 -5.366925372318636 0
      vertex -1.4380633193508807 -5.366925372318636 31.75
    endloop
  endfacet
  facet normal 0.28401534470392575 0.9588197348681922 -8.571206919413797e-20
    outer loop
      vertex -1.4380633193508807 -5.366925372318636 0
      vertex -1.7169756749958014 -5.284307768664946 0
      vertex -1.7169756749958014 -5.284307768664946 31.75
    endloop
  endfacet
  facet normal 0.18223552549214678 0.9832549075639547 -3.4586353852334756e-20
    outer loop
      vertex -0.8691889963797826 -5.487843342431733 0
      vertex -1.1552093321061752 -5.434832606577207 0
      vertex -1.1552093321061752 -5.434832606577207 31.75
    endloop
  endfacet
  facet normal 0.13052619222005227 0.9914448613738104 7.541249711552516e-20
    outer loop
      vertex -0.5807862740308996 -5.525812281139968 0
      vertex -0.8691889963797826 -5.487843342431733 0
      vertex -0.8691889963797826 -5.487843342431733 31.75
    endloop
  endfacet
  facet normal 0.07845909572784318 0.9969173337331282 -1.3550706426438818e-20
    outer loop
      vertex -0.29079165687485664 -5.5486353524801 0
      vertex -0.5807862740308996 -5.525812281139968 0
      vertex -0.5807862740308996 -5.525812281139968 31.75
    endloop
  endfacet
  facet normal 0.02617694830787436 0.9996573249755571 1.3439928265638487e-20
    outer loop
      vertex 0 -5.5562499999999995 0
      vertex -0.29079165687485664 -5.5486353524801 0
      vertex -0.29079165687485664 -5.5486353524801 31.75
    endloop
  endfacet
  facet normal 0.6494480483301824 0.7604059656000318 1.3667549573774686e-19
    outer loop
      vertex -3.4966614227706585 -4.318017248345294 0
      vertex -3.7178569315814056 -4.129098436558771 0
      vertex -3.7178569315814056 -4.129098436558771 31.75
    endloop
  endfacet
  facet normal 0.725374371012289 0.6883545756937526 -1.6476068444571495e-19
    outer loop
      vertex -3.9288620529677547 -3.9288620529677547 0
      vertex -4.129098436558771 -3.7178569315814056 0
      vertex -4.129098436558771 -3.7178569315814056 31.75
    endloop
  endfacet
  facet normal 0.6883545756937526 0.725374371012289 -1.6476068444571495e-19
    outer loop
      vertex -3.7178569315814056 -4.129098436558771 0
      vertex -3.9288620529677547 -3.9288620529677547 0
      vertex -3.9288620529677547 -3.9288620529677547 31.75
    endloop
  endfacet
  facet normal 0.8241261886220151 0.5664062369248335 0
    outer loop
      vertex -4.659863343146762 -3.026150638302244 31.75
      vertex -4.495100674995801 -3.2658818080500533 0
      vertex -4.659863343146762 -3.026150638302244 0
    endloop
  endfacet
  facet normal 0.7933533402912343 0.6087614290087219 -3.5995814595465955e-19
    outer loop
      vertex -4.318017248345294 -3.4966614227706585 0
      vertex -4.495100674995801 -3.2658818080500533 0
      vertex -4.495100674995801 -3.2658818080500533 31.75
    endloop
  endfacet
  facet normal 0.7604059656000318 0.6494480483301824 1.3667549573774686e-19
    outer loop
      vertex -4.129098436558771 -3.7178569315814056 0
      vertex -4.318017248345294 -3.4966614227706585 0
      vertex -4.318017248345294 -3.4966614227706585 31.75
    endloop
  endfacet
  facet normal 0.8526401643540933 0.522498564715947 -9.915183292595185e-20
    outer loop
      vertex -4.659863343146762 -3.026150638302244 0
      vertex -4.811853649777286 -2.7781249999999997 0
      vertex -4.811853649777286 -2.7781249999999997 31.75
    endloop
  endfacet
  facet normal 0.6087614290087219 0.7933533402912343 -3.5995814595465955e-19
    outer loop
      vertex -3.2658818080500533 -4.495100674995801 0
      vertex -3.4966614227706585 -4.318017248345294 0
      vertex -3.4966614227706585 -4.318017248345294 31.75
    endloop
  endfacet
  facet normal 0.5664062369248335 0.8241261886220151 2.0980720274575065e-19
    outer loop
      vertex -3.026150638302244 -4.659863343146762 0
      vertex -3.2658818080500533 -4.495100674995801 0
      vertex -3.2658818080500533 -4.495100674995801 31.75
    endloop
  endfacet
  facet normal 0.522498564715947 0.8526401643540933 -9.915183292595185e-20
    outer loop
      vertex -2.7781249999999997 -4.811853649777286 0
      vertex -3.026150638302244 -4.659863343146762 0
      vertex -3.026150638302244 -4.659863343146762 31.75
    endloop
  endfacet
  facet normal 0.8788171126619644 0.4771587602596099 0
    outer loop
      vertex -4.811853649777286 -2.7781249999999997 0
      vertex -4.9506550000216185 -2.522484714177857 31.75
      vertex -4.811853649777286 -2.7781249999999997 31.75
    endloop
  endfacet
  facet normal 0.9025852843498613 0.4305110968082938 0
    outer loop
      vertex -4.9506550000216185 -2.522484714177857 0
      vertex -5.0758869490267005 -2.2599304730899146 31.75
      vertex -4.9506550000216185 -2.522484714177857 31.75
    endloop
  endfacet
  facet normal 0.9723699203976768 0.23344536385590448 0
    outer loop
      vertex -5.366925372318636 -1.4380633193508807 0
      vertex -5.434832606577207 -1.1552093321061752 31.75
      vertex -5.366925372318636 -1.4380633193508807 31.75
    endloop
  endfacet
  facet normal 0.9238795325112866 0.3826834323650899 -1.816980908113386e-19
    outer loop
      vertex -5.187206244725076 -1.9911819196610745 31.75
      vertex -5.0758869490267005 -2.2599304730899146 31.75
      vertex -5.0758869490267005 -2.2599304730899146 0
    endloop
  endfacet
  facet normal 0.9426414910921788 0.3338068592337702 1.0237688086528499e-19
    outer loop
      vertex -5.284307768664946 -1.7169756749958014 31.75
      vertex -5.187206244725076 -1.9911819196610745 31.75
      vertex -5.187206244725076 -1.9911819196610745 0
    endloop
  endfacet
  facet normal 0.9588197348681922 0.28401534470392575 0
    outer loop
      vertex -5.284307768664946 -1.7169756749958014 0
      vertex -5.366925372318636 -1.4380633193508807 31.75
      vertex -5.284307768664946 -1.7169756749958014 31.75
    endloop
  endfacet
  facet normal 0.9832549075639547 0.18223552549214678 0
    outer loop
      vertex -5.434832606577207 -1.1552093321061752 0
      vertex -5.487843342431733 -0.8691889963797826 31.75
      vertex -5.434832606577207 -1.1552093321061752 31.75
    endloop
  endfacet
  facet normal 0.9914448613738104 0.13052619222005227 0
    outer loop
      vertex -5.487843342431733 -0.8691889963797826 0
      vertex -5.525812281139968 -0.5807862740308996 31.75
      vertex -5.487843342431733 -0.8691889963797826 31.75
    endloop
  endfacet
  facet normal 0.9969173337331282 0.07845909572784318 0
    outer loop
      vertex -5.525812281139968 -0.5807862740308996 0
      vertex -5.5486353524801 -0.29079165687485664 31.75
      vertex -5.525812281139968 -0.5807862740308996 31.75
    endloop
  endfacet
  facet normal 0.9996573249755571 0.02617694830787436 0
    outer loop
      vertex -5.5486353524801 -0.29079165687485664 0
      vertex -5.5562499999999995 0 31.75
      vertex -5.5486353524801 -0.29079165687485664 31.75
    endloop
  endfacet
  facet normal 0.4771587602596099 0.8788171126619644 6.979831536406636e-20
    outer loop
      vertex -2.7781249999999997 -4.811853649777286 31.75
      vertex -2.522484714177857 -4.9506550000216185 31.75
      vertex -2.522484714177857 -4.9506550000216185 0
    endloop
  endfacet
  facet normal 0.4305110968082938 0.9025852843498613 0
    outer loop
      vertex -2.2599304730899146 -5.0758869490267005 0
      vertex -2.522484714177857 -4.9506550000216185 31.75
      vertex -2.2599304730899146 -5.0758869490267005 31.75
    endloop
  endfacet
  facet normal 0.3826834323650899 0.9238795325112866 -1.816980908113386e-19
    outer loop
      vertex -2.2599304730899146 -5.0758869490267005 31.75
      vertex -1.9911819196610745 -5.187206244725076 31.75
      vertex -1.9911819196610745 -5.187206244725076 0
    endloop
  endfacet
  facet normal 0.3338068592337702 0.9426414910921788 0
    outer loop
      vertex -1.7169756749958014 -5.284307768664946 0
      vertex -1.9911819196610745 -5.187206244725076 31.75
      vertex -1.7169756749958014 -5.284307768664946 31.75
    endloop
  endfacet
  facet normal 0.23344536385590448 0.9723699203976768 0
    outer loop
      vertex -1.1552093321061752 -5.434832606577207 0
      vertex -1.4380633193508807 -5.366925372318636 31.75
      vertex -1.1552093321061752 -5.434832606577207 31.75
    endloop
  endfacet
  facet normal 0.28401534470392575 0.9588197348681922 -8.571206919413797e-20
    outer loop
      vertex -1.7169756749958014 -5.284307768664946 31.75
      vertex -1.4380633193508807 -5.366925372318636 31.75
      vertex -1.4380633193508807 -5.366925372318636 0
    endloop
  endfacet
  facet normal 0.18223552549214678 0.9832549075639547 -3.4586353852334756e-20
    outer loop
      vertex -1.1552093321061752 -5.434832606577207 31.75
      vertex -0.8691889963797826 -5.487843342431733 31.75
      vertex -0.8691889963797826 -5.487843342431733 0
    endloop
  endfacet
  facet normal 0.13052619222005227 0.9914448613738104 0
    outer loop
      vertex -0.5807862740308996 -5.525812281139968 0
      vertex -0.8691889963797826 -5.487843342431733 31.75
      vertex -0.5807862740308996 -5.525812281139968 31.75
    endloop
  endfacet
  facet normal 0.07845909572784318 0.9969173337331282 0
    outer loop
      vertex -0.29079165687485664 -5.5486353524801 0
      vertex -0.5807862740308996 -5.525812281139968 31.75
      vertex -0.29079165687485664 -5.5486353524801 31.75
    endloop
  endfacet
  facet normal 0.02617694830787436 0.9996573249755571 1.3439928265638487e-20
    outer loop
      vertex -0.29079165687485664 -5.5486353524801 31.75
      vertex 0 -5.5562499999999995 31.75
      vertex 0 -5.5562499999999995 0
    endloop
  endfacet
  facet normal 0.7604059656000318 0.6494480483301824 1.3667549573774686e-19
    outer loop
      vertex -4.318017248345294 -3.4966614227706585 31.75
      vertex -4.129098436558771 -3.7178569315814056 31.75
      vertex -4.129098436558771 -3.7178569315814056 0
    endloop
  endfacet
  facet normal 0.725374371012289 0.6883545756937526 -1.6476068444571495e-19
    outer loop
      vertex -4.129098436558771 -3.7178569315814056 31.75
      vertex -3.9288620529677547 -3.9288620529677547 31.75
      vertex -3.9288620529677547 -3.9288620529677547 0
    endloop
  endfacet
  facet normal 0.6883545756937526 0.725374371012289 -1.6476068444571495e-19
    outer loop
      vertex -3.9288620529677547 -3.9288620529677547 31.75
      vertex -3.7178569315814056 -4.129098436558771 31.75
      vertex -3.7178569315814056 -4.129098436558771 0
    endloop
  endfacet
  facet normal 0.8241261886220151 0.5664062369248335 2.0980720274575065e-19
    outer loop
      vertex -4.659863343146762 -3.026150638302244 31.75
      vertex -4.495100674995801 -3.2658818080500533 31.75
      vertex -4.495100674995801 -3.2658818080500533 0
    endloop
  endfacet
  facet normal 0.7933533402912343 0.6087614290087219 -3.5995814595465955e-19
    outer loop
      vertex -4.495100674995801 -3.2658818080500533 31.75
      vertex -4.318017248345294 -3.4966614227706585 31.75
      vertex -4.318017248345294 -3.4966614227706585 0
    endloop
  endfacet
  facet normal 0.8526401643540933 0.522498564715947 -9.915183292595185e-20
    outer loop
      vertex -4.811853649777286 -2.7781249999999997 31.75
      vertex -4.659863343146762 -3.026150638302244 31.75
      vertex -4.659863343146762 -3.026150638302244 0
    endloop
  endfacet
  facet normal 0.6494480483301824 0.7604059656000318 1.3667549573774686e-19
    outer loop
      vertex -3.7178569315814056 -4.129098436558771 31.75
      vertex -3.4966614227706585 -4.318017248345294 31.75
      vertex -3.4966614227706585 -4.318017248345294 0
    endloop
  endfacet
  facet normal 0.6087614290087219 0.7933533402912343 0
    outer loop
      vertex -3.2658818080500533 -4.495100674995801 31.75
      vertex -3.2658818080500533 -4.495100674995801 0
      vertex -3.4966614227706585 -4.318017248345294 31.75
    endloop
  endfacet
  facet normal 0.5664062369248335 0.8241261886220151 2.0980720274575065e-19
    outer loop
      vertex -3.2658818080500533 -4.495100674995801 31.75
      vertex -3.026150638302244 -4.659863343146762 31.75
      vertex -3.026150638302244 -4.659863343146762 0
    endloop
  endfacet
  facet normal 0.522498564715947 0.8526401643540933 0
    outer loop
      vertex -2.7781249999999997 -4.811853649777286 0
      vertex -3.026150638302244 -4.659863343146762 31.75
      vertex -2.7781249999999997 -4.811853649777286 31.75
    endloop
  endfacet
  facet normal 0.9996573249755571 -0.02617694830787436 -1.3439928265638487e-20
    outer loop
      vertex -5.5562499999999995 0 0
      vertex -5.5486353524801 0.29079165687485664 0
      vertex -5.5486353524801 0.29079165687485664 31.75
    endloop
  endfacet
  facet normal 0.9969173337331282 -0.07845909572784318 1.3550706426438818e-20
    outer loop
      vertex -5.5486353524801 0.29079165687485664 0
      vertex -5.525812281139968 0.5807862740308996 0
      vertex -5.525812281139968 0.5807862740308996 31.75
    endloop
  endfacet
  facet normal 0.9914448613738104 -0.13052619222005227 -7.541249711552516e-20
    outer loop
      vertex -5.525812281139968 0.5807862740308996 0
      vertex -5.487843342431733 0.8691889963797826 0
      vertex -5.487843342431733 0.8691889963797826 31.75
    endloop
  endfacet
  facet normal 0.9832549075639547 -0.18223552549214678 3.4586353852334756e-20
    outer loop
      vertex -5.487843342431733 0.8691889963797826 0
      vertex -5.434832606577207 1.1552093321061752 0
      vertex -5.434832606577207 1.1552093321061752 31.75
    endloop
  endfacet
  facet normal 0.9723699203976768 -0.23344536385590448 1.4776886400521998e-19
    outer loop
      vertex -5.434832606577207 1.1552093321061752 0
      vertex -5.366925372318636 1.4380633193508807 0
      vertex -5.366925372318636 1.4380633193508807 31.75
    endloop
  endfacet
  facet normal 0.9588197348681922 -0.28401534470392575 8.571206919413797e-20
    outer loop
      vertex -5.366925372318636 1.4380633193508807 0
      vertex -5.284307768664946 1.7169756749958014 0
      vertex -5.284307768664946 1.7169756749958014 31.75
    endloop
  endfacet
  facet normal 0.9426414910921788 -0.3338068592337702 0
    outer loop
      vertex -5.187206244725076 1.9911819196610745 31.75
      vertex -5.284307768664946 1.7169756749958014 0
      vertex -5.187206244725076 1.9911819196610745 0
    endloop
  endfacet
  facet normal 0.9238795325112866 -0.3826834323650899 1.816980908113386e-19
    outer loop
      vertex -5.187206244725076 1.9911819196610745 0
      vertex -5.0758869490267005 2.2599304730899146 0
      vertex -5.0758869490267005 2.2599304730899146 31.75
    endloop
  endfacet
  facet normal 0.9025852843498613 -0.4305110968082938 -1.0107361299363949e-19
    outer loop
      vertex -5.0758869490267005 2.2599304730899146 0
      vertex -4.9506550000216185 2.522484714177857 0
      vertex -4.9506550000216185 2.522484714177857 31.75
    endloop
  endfacet
  facet normal 0.8788171126619644 -0.4771587602596099 -6.979831536406636e-20
    outer loop
      vertex -4.9506550000216185 2.522484714177857 0
      vertex -4.811853649777286 2.7781249999999997 0
      vertex -4.811853649777286 2.7781249999999997 31.75
    endloop
  endfacet
  facet normal 0.8526401643540933 -0.522498564715947 0
    outer loop
      vertex -4.659863343146762 3.026150638302244 31.75
      vertex -4.811853649777286 2.7781249999999997 0
      vertex -4.659863343146762 3.026150638302244 0
    endloop
  endfacet
  facet normal 0.8241261886220151 -0.5664062369248335 -2.0980720274575065e-19
    outer loop
      vertex -4.659863343146762 3.026150638302244 0
      vertex -4.495100674995801 3.2658818080500533 0
      vertex -4.495100674995801 3.2658818080500533 31.75
    endloop
  endfacet
  facet normal 0.7933533402912343 -0.6087614290087219 3.5995814595465955e-19
    outer loop
      vertex -4.495100674995801 3.2658818080500533 0
      vertex -4.318017248345294 3.4966614227706585 0
      vertex -4.318017248345294 3.4966614227706585 31.75
    endloop
  endfacet
  facet normal 0.7604059656000318 -0.6494480483301824 -1.3667549573774686e-19
    outer loop
      vertex -4.318017248345294 3.4966614227706585 0
      vertex -4.129098436558771 3.7178569315814056 0
      vertex -4.129098436558771 3.7178569315814056 31.75
    endloop
  endfacet
  facet normal 0.725374371012289 -0.6883545756937526 1.6476068444571495e-19
    outer loop
      vertex -4.129098436558771 3.7178569315814056 0
      vertex -3.9288620529677547 3.9288620529677547 0
      vertex -3.9288620529677547 3.9288620529677547 31.75
    endloop
  endfacet
  facet normal 0.6883545756937526 -0.725374371012289 1.6476068444571495e-19
    outer loop
      vertex -3.9288620529677547 3.9288620529677547 0
      vertex -3.7178569315814056 4.129098436558771 0
      vertex -3.7178569315814056 4.129098436558771 31.75
    endloop
  endfacet
  facet normal 0.6494480483301824 -0.7604059656000318 -1.3667549573774686e-19
    outer loop
      vertex -3.7178569315814056 4.129098436558771 0
      vertex -3.4966614227706585 4.318017248345294 0
      vertex -3.4966614227706585 4.318017248345294 31.75
    endloop
  endfacet
  facet normal 0.6087614290087219 -0.7933533402912343 3.5995814595465955e-19
    outer loop
      vertex -3.4966614227706585 4.318017248345294 0
      vertex -3.2658818080500533 4.495100674995801 0
      vertex -3.2658818080500533 4.495100674995801 31.75
    endloop
  endfacet
  facet normal 0.5664062369248335 -0.8241261886220151 -2.0980720274575065e-19
    outer loop
      vertex -3.2658818080500533 4.495100674995801 0
      vertex -3.026150638302244 4.659863343146762 0
      vertex -3.026150638302244 4.659863343146762 31.75
    endloop
  endfacet
  facet normal 0.522498564715947 -0.8526401643540933 9.915183292595185e-20
    outer loop
      vertex -3.026150638302244 4.659863343146762 0
      vertex -2.7781249999999997 4.811853649777286 0
      vertex -2.7781249999999997 4.811853649777286 31.75
    endloop
  endfacet
  facet normal 0.4771587602596099 -0.8788171126619644 -6.979831536406636e-20
    outer loop
      vertex -2.7781249999999997 4.811853649777286 0
      vertex -2.522484714177857 4.9506550000216185 0
      vertex -2.522484714177857 4.9506550000216185 31.75
    endloop
  endfacet
  facet normal 0.4305110968082938 -0.9025852843498613 -1.0107361299363949e-19
    outer loop
      vertex -2.522484714177857 4.9506550000216185 0
      vertex -2.2599304730899146 5.0758869490267005 0
      vertex -2.2599304730899146 5.0758869490267005 31.75
    endloop
  endfacet
  facet normal 0.3826834323650899 -0.9238795325112866 1.816980908113386e-19
    outer loop
      vertex -2.2599304730899146 5.0758869490267005 0
      vertex -1.9911819196610745 5.187206244725076 0
      vertex -1.9911819196610745 5.187206244725076 31.75
    endloop
  endfacet
  facet normal 0.3338068592337702 -0.9426414910921788 -1.0237688086528499e-19
    outer loop
      vertex -1.9911819196610745 5.187206244725076 0
      vertex -1.7169756749958014 5.284307768664946 0
      vertex -1.7169756749958014 5.284307768664946 31.75
    endloop
  endfacet
  facet normal 0.28401534470392575 -0.9588197348681922 8.571206919413797e-20
    outer loop
      vertex -1.7169756749958014 5.284307768664946 0
      vertex -1.4380633193508807 5.366925372318636 0
      vertex -1.4380633193508807 5.366925372318636 31.75
    endloop
  endfacet
  facet normal 0.23344536385590448 -0.9723699203976768 1.4776886400521998e-19
    outer loop
      vertex -1.4380633193508807 5.366925372318636 0
      vertex -1.1552093321061752 5.434832606577207 0
      vertex -1.1552093321061752 5.434832606577207 31.75
    endloop
  endfacet
  facet normal 0.18223552549214678 -0.9832549075639547 3.4586353852334756e-20
    outer loop
      vertex -1.1552093321061752 5.434832606577207 0
      vertex -0.8691889963797826 5.487843342431733 0
      vertex -0.8691889963797826 5.487843342431733 31.75
    endloop
  endfacet
  facet normal 0.13052619222005227 -0.9914448613738104 -7.541249711552516e-20
    outer loop
      vertex -0.8691889963797826 5.487843342431733 0
      vertex -0.5807862740308996 5.525812281139968 0
      vertex -0.5807862740308996 5.525812281139968 31.75
    endloop
  endfacet
  facet normal 0.07845909572784318 -0.9969173337331282 1.3550706426438818e-20
    outer loop
      vertex -0.5807862740308996 5.525812281139968 0
      vertex -0.29079165687485664 5.5486353524801 0
      vertex -0.29079165687485664 5.5486353524801 31.75
    endloop
  endfacet
  facet normal 0.02617694830787436 -0.9996573249755571 -1.3439928265638487e-20
    outer loop
      vertex -0.29079165687485664 5.5486353524801 0
      vertex 0 5.5562499999999995 0
      vertex 0 5.5562499999999995 31.75
    endloop
  endfacet
  facet normal 0.9996573249755571 -0.02617694830787436 -1.3439928265638487e-20
    outer loop
      vertex -5.5486353524801 0.29079165687485664 31.75
      vertex -5.5562499999999995 0 31.75
      vertex -5.5562499999999995 0 0
    endloop
  endfacet
  facet normal 0.9969173337331282 -0.07845909572784318 0
    outer loop
      vertex -5.5486353524801 0.29079165687485664 0
      vertex -5.525812281139968 0.5807862740308996 31.75
      vertex -5.5486353524801 0.29079165687485664 31.75
    endloop
  endfacet
  facet normal 0.9914448613738104 -0.13052619222005227 0
    outer loop
      vertex -5.525812281139968 0.5807862740308996 0
      vertex -5.487843342431733 0.8691889963797826 31.75
      vertex -5.525812281139968 0.5807862740308996 31.75
    endloop
  endfacet
  facet normal 0.9832549075639547 -0.18223552549214678 0
    outer loop
      vertex -5.487843342431733 0.8691889963797826 0
      vertex -5.434832606577207 1.1552093321061752 31.75
      vertex -5.487843342431733 0.8691889963797826 31.75
    endloop
  endfacet
  facet normal 0.9723699203976768 -0.23344536385590448 0
    outer loop
      vertex -5.434832606577207 1.1552093321061752 0
      vertex -5.366925372318636 1.4380633193508807 31.75
      vertex -5.434832606577207 1.1552093321061752 31.75
    endloop
  endfacet
  facet normal 0.9588197348681922 -0.28401534470392575 8.571206919413797e-20
    outer loop
      vertex -5.284307768664946 1.7169756749958014 31.75
      vertex -5.366925372318636 1.4380633193508807 31.75
      vertex -5.366925372318636 1.4380633193508807 0
    endloop
  endfacet
  facet normal 0.9426414910921788 -0.3338068592337702 -1.0237688086528499e-19
    outer loop
      vertex -5.187206244725076 1.9911819196610745 31.75
      vertex -5.284307768664946 1.7169756749958014 31.75
      vertex -5.284307768664946 1.7169756749958014 0
    endloop
  endfacet
  facet normal 0.9238795325112866 -0.3826834323650899 1.816980908113386e-19
    outer loop
      vertex -5.0758869490267005 2.2599304730899146 31.75
      vertex -5.187206244725076 1.9911819196610745 31.75
      vertex -5.187206244725076 1.9911819196610745 0
    endloop
  endfacet
  facet normal 0.9025852843498613 -0.4305110968082938 0
    outer loop
      vertex -5.0758869490267005 2.2599304730899146 0
      vertex -4.9506550000216185 2.522484714177857 31.75
      vertex -5.0758869490267005 2.2599304730899146 31.75
    endloop
  endfacet
  facet normal 0.8788171126619644 -0.4771587602596099 0
    outer loop
      vertex -4.9506550000216185 2.522484714177857 0
      vertex -4.811853649777286 2.7781249999999997 31.75
      vertex -4.9506550000216185 2.522484714177857 31.75
    endloop
  endfacet
  facet normal 0.8526401643540933 -0.522498564715947 0
    outer loop
      vertex -4.811853649777286 2.7781249999999997 0
      vertex -4.659863343146762 3.026150638302244 31.75
      vertex -4.811853649777286 2.7781249999999997 31.75
    endloop
  endfacet
  facet normal 0.8241261886220151 -0.5664062369248335 0
    outer loop
      vertex -4.659863343146762 3.026150638302244 0
      vertex -4.495100674995801 3.2658818080500533 31.75
      vertex -4.659863343146762 3.026150638302244 31.75
    endloop
  endfacet
  facet normal 0.7933533402912343 -0.6087614290087219 0
    outer loop
      vertex -4.495100674995801 3.2658818080500533 0
      vertex -4.318017248345294 3.4966614227706585 31.75
      vertex -4.495100674995801 3.2658818080500533 31.75
    endloop
  endfacet
  facet normal 0.7604059656000318 -0.6494480483301824 -1.3667549573774686e-19
    outer loop
      vertex -4.129098436558771 3.7178569315814056 31.75
      vertex -4.318017248345294 3.4966614227706585 31.75
      vertex -4.318017248345294 3.4966614227706585 0
    endloop
  endfacet
  facet normal 0.725374371012289 -0.6883545756937526 0
    outer loop
      vertex -4.129098436558771 3.7178569315814056 0
      vertex -3.9288620529677547 3.9288620529677547 31.75
      vertex -4.129098436558771 3.7178569315814056 31.75
    endloop
  endfacet
  facet normal 0.6883545756937526 -0.725374371012289 0
    outer loop
      vertex -3.9288620529677547 3.9288620529677547 0
      vertex -3.7178569315814056 4.129098436558771 31.75
      vertex -3.9288620529677547 3.9288620529677547 31.75
    endloop
  endfacet
  facet normal 0.6494480483301824 -0.7604059656000318 -1.3667549573774686e-19
    outer loop
      vertex -3.4966614227706585 4.318017248345294 31.75
      vertex -3.7178569315814056 4.129098436558771 31.75
      vertex -3.7178569315814056 4.129098436558771 0
    endloop
  endfacet
  facet normal 0.6087614290087219 -0.7933533402912343 0
    outer loop
      vertex -3.4966614227706585 4.318017248345294 0
      vertex -3.2658818080500533 4.495100674995801 31.75
      vertex -3.4966614227706585 4.318017248345294 31.75
    endloop
  endfacet
  facet normal 0.5664062369248335 -0.8241261886220151 0
    outer loop
      vertex -3.2658818080500533 4.495100674995801 31.75
      vertex -3.2658818080500533 4.495100674995801 0
      vertex -3.026150638302244 4.659863343146762 31.75
    endloop
  endfacet
  facet normal 0.522498564715947 -0.8526401643540933 0
    outer loop
      vertex -3.026150638302244 4.659863343146762 0
      vertex -2.7781249999999997 4.811853649777286 31.75
      vertex -3.026150638302244 4.659863343146762 31.75
    endloop
  endfacet
  facet normal 0.4771587602596099 -0.8788171126619644 0
    outer loop
      vertex -2.7781249999999997 4.811853649777286 0
      vertex -2.522484714177857 4.9506550000216185 31.75
      vertex -2.7781249999999997 4.811853649777286 31.75
    endloop
  endfacet
  facet normal 0.4305110968082938 -0.9025852843498613 0
    outer loop
      vertex -2.522484714177857 4.9506550000216185 0
      vertex -2.2599304730899146 5.0758869490267005 31.75
      vertex -2.522484714177857 4.9506550000216185 31.75
    endloop
  endfacet
  facet normal 0.3826834323650899 -0.9238795325112866 0
    outer loop
      vertex -2.2599304730899146 5.0758869490267005 0
      vertex -1.9911819196610745 5.187206244725076 31.75
      vertex -2.2599304730899146 5.0758869490267005 31.75
    endloop
  endfacet
  facet normal 0.3338068592337702 -0.9426414910921788 0
    outer loop
      vertex -1.9911819196610745 5.187206244725076 0
      vertex -1.7169756749958014 5.284307768664946 31.75
      vertex -1.9911819196610745 5.187206244725076 31.75
    endloop
  endfacet
  facet normal 0.28401534470392575 -0.9588197348681922 8.571206919413797e-20
    outer loop
      vertex -1.4380633193508807 5.366925372318636 31.75
      vertex -1.7169756749958014 5.284307768664946 31.75
      vertex -1.7169756749958014 5.284307768664946 0
    endloop
  endfacet
  facet normal 0.23344536385590448 -0.9723699203976768 0
    outer loop
      vertex -1.4380633193508807 5.366925372318636 0
      vertex -1.1552093321061752 5.434832606577207 31.75
      vertex -1.4380633193508807 5.366925372318636 31.75
    endloop
  endfacet
  facet normal 0.18223552549214678 -0.9832549075639547 3.4586353852334756e-20
    outer loop
      vertex -0.8691889963797826 5.487843342431733 31.75
      vertex -1.1552093321061752 5.434832606577207 31.75
      vertex -1.1552093321061752 5.434832606577207 0
    endloop
  endfacet
  facet normal 0.13052619222005227 -0.9914448613738104 -7.541249711552516e-20
    outer loop
      vertex -0.5807862740308996 5.525812281139968 31.75
      vertex -0.8691889963797826 5.487843342431733 31.75
      vertex -0.8691889963797826 5.487843342431733 0
    endloop
  endfacet
  facet normal 0.07845909572784318 -0.9969173337331282 0
    outer loop
      vertex -0.5807862740308996 5.525812281139968 0
      vertex -0.29079165687485664 5.5486353524801 31.75
      vertex -0.5807862740308996 5.525812281139968 31.75
    endloop
  endfacet
  facet normal 0.02617694830787436 -0.9996573249755571 0
    outer loop
      vertex -0.29079165687485664 5.5486353524801 0
      vertex 0 5.5562499999999995 31.75
      vertex -0.29079165687485664 5.5486353524801 31.75
    endloop
  endfacet
  facet normal -0.02617694830787436 0.9996573249755571 -1.3439928265638487e-20
    outer loop
      vertex 0.29079165687485664 -5.5486353524801 0
      vertex 0 -5.5562499999999995 0
      vertex 0 -5.5562499999999995 31.75
    endloop
  endfacet
  facet normal -0.07845909572784318 0.9969173337331282 1.3550706426438818e-20
    outer loop
      vertex 0.5807862740308996 -5.525812281139968 0
      vertex 0.29079165687485664 -5.5486353524801 0
      vertex 0.29079165687485664 -5.5486353524801 31.75
    endloop
  endfacet
  facet normal -0.13052619222005227 0.9914448613738104 -7.541249711552516e-20
    outer loop
      vertex 0.8691889963797826 -5.487843342431733 0
      vertex 0.5807862740308996 -5.525812281139968 0
      vertex 0.5807862740308996 -5.525812281139968 31.75
    endloop
  endfacet
  facet normal -0.18223552549214678 0.9832549075639547 3.4586353852334756e-20
    outer loop
      vertex 1.1552093321061752 -5.434832606577207 0
      vertex 0.8691889963797826 -5.487843342431733 0
      vertex 0.8691889963797826 -5.487843342431733 31.75
    endloop
  endfacet
  facet normal -0.23344536385590448 0.9723699203976768 1.4776886400521998e-19
    outer loop
      vertex 1.4380633193508807 -5.366925372318636 0
      vertex 1.1552093321061752 -5.434832606577207 0
      vertex 1.1552093321061752 -5.434832606577207 31.75
    endloop
  endfacet
  facet normal -0.28401534470392575 0.9588197348681922 8.571206919413797e-20
    outer loop
      vertex 1.7169756749958014 -5.284307768664946 0
      vertex 1.4380633193508807 -5.366925372318636 0
      vertex 1.4380633193508807 -5.366925372318636 31.75
    endloop
  endfacet
  facet normal -0.3338068592337702 0.9426414910921788 -1.0237688086528499e-19
    outer loop
      vertex 1.9911819196610745 -5.187206244725076 0
      vertex 1.7169756749958014 -5.284307768664946 0
      vertex 1.7169756749958014 -5.284307768664946 31.75
    endloop
  endfacet
  facet normal -0.3826834323650899 0.9238795325112866 1.816980908113386e-19
    outer loop
      vertex 2.2599304730899146 -5.0758869490267005 0
      vertex 1.9911819196610745 -5.187206244725076 0
      vertex 1.9911819196610745 -5.187206244725076 31.75
    endloop
  endfacet
  facet normal -0.4305110968082938 0.9025852843498613 -1.0107361299363949e-19
    outer loop
      vertex 2.522484714177857 -4.9506550000216185 0
      vertex 2.2599304730899146 -5.0758869490267005 0
      vertex 2.2599304730899146 -5.0758869490267005 31.75
    endloop
  endfacet
  facet normal -0.4771587602596099 0.8788171126619644 -6.979831536406636e-20
    outer loop
      vertex 2.7781249999999997 -4.811853649777286 0
      vertex 2.522484714177857 -4.9506550000216185 0
      vertex 2.522484714177857 -4.9506550000216185 31.75
    endloop
  endfacet
  facet normal -0.522498564715947 0.8526401643540933 9.915183292595185e-20
    outer loop
      vertex 3.026150638302244 -4.659863343146762 0
      vertex 2.7781249999999997 -4.811853649777286 0
      vertex 2.7781249999999997 -4.811853649777286 31.75
    endloop
  endfacet
  facet normal -0.5664062369248335 0.8241261886220151 -2.0980720274575065e-19
    outer loop
      vertex 3.2658818080500533 -4.495100674995801 0
      vertex 3.026150638302244 -4.659863343146762 0
      vertex 3.026150638302244 -4.659863343146762 31.75
    endloop
  endfacet
  facet normal -0.6087614290087219 0.7933533402912343 3.5995814595465955e-19
    outer loop
      vertex 3.4966614227706585 -4.318017248345294 0
      vertex 3.2658818080500533 -4.495100674995801 0
      vertex 3.2658818080500533 -4.495100674995801 31.75
    endloop
  endfacet
  facet normal -0.6494480483301824 0.7604059656000318 -1.3667549573774686e-19
    outer loop
      vertex 3.7178569315814056 -4.129098436558771 0
      vertex 3.4966614227706585 -4.318017248345294 0
      vertex 3.4966614227706585 -4.318017248345294 31.75
    endloop
  endfacet
  facet normal -0.6883545756937526 0.725374371012289 1.6476068444571495e-19
    outer loop
      vertex 3.9288620529677547 -3.9288620529677547 0
      vertex 3.7178569315814056 -4.129098436558771 0
      vertex 3.7178569315814056 -4.129098436558771 31.75
    endloop
  endfacet
  facet normal -0.725374371012289 0.6883545756937526 1.6476068444571495e-19
    outer loop
      vertex 4.129098436558771 -3.7178569315814056 0
      vertex 3.9288620529677547 -3.9288620529677547 0
      vertex 3.9288620529677547 -3.9288620529677547 31.75
    endloop
  endfacet
  facet normal -0.7604059656000318 0.6494480483301824 -1.3667549573774686e-19
    outer loop
      vertex 4.318017248345294 -3.4966614227706585 0
      vertex 4.129098436558771 -3.7178569315814056 0
      vertex 4.129098436558771 -3.7178569315814056 31.75
    endloop
  endfacet
  facet normal -0.7933533402912343 0.6087614290087219 3.5995814595465955e-19
    outer loop
      vertex 4.495100674995801 -3.2658818080500533 0
      vertex 4.318017248345294 -3.4966614227706585 0
      vertex 4.318017248345294 -3.4966614227706585 31.75
    endloop
  endfacet
  facet normal -0.8241261886220151 0.5664062369248335 -2.0980720274575065e-19
    outer loop
      vertex 4.659863343146762 -3.026150638302244 0
      vertex 4.495100674995801 -3.2658818080500533 0
      vertex 4.495100674995801 -3.2658818080500533 31.75
    endloop
  endfacet
  facet normal -0.8526401643540933 0.522498564715947 0
    outer loop
      vertex 4.659863343146762 -3.026150638302244 31.75
      vertex 4.811853649777286 -2.7781249999999997 0
      vertex 4.659863343146762 -3.026150638302244 0
    endloop
  endfacet
  facet normal -0.8788171126619644 0.4771587602596099 -6.979831536406636e-20
    outer loop
      vertex 4.9506550000216185 -2.522484714177857 0
      vertex 4.811853649777286 -2.7781249999999997 0
      vertex 4.811853649777286 -2.7781249999999997 31.75
    endloop
  endfacet
  facet normal -0.9025852843498613 0.4305110968082938 -1.0107361299363949e-19
    outer loop
      vertex 5.0758869490267005 -2.2599304730899146 0
      vertex 4.9506550000216185 -2.522484714177857 0
      vertex 4.9506550000216185 -2.522484714177857 31.75
    endloop
  endfacet
  facet normal -0.9238795325112866 0.3826834323650899 1.816980908113386e-19
    outer loop
      vertex 5.187206244725076 -1.9911819196610745 0
      vertex 5.0758869490267005 -2.2599304730899146 0
      vertex 5.0758869490267005 -2.2599304730899146 31.75
    endloop
  endfacet
  facet normal -0.9426414910921788 0.3338068592337702 -1.0237688086528499e-19
    outer loop
      vertex 5.284307768664946 -1.7169756749958014 0
      vertex 5.187206244725076 -1.9911819196610745 0
      vertex 5.187206244725076 -1.9911819196610745 31.75
    endloop
  endfacet
  facet normal -0.9588197348681922 0.28401534470392575 8.571206919413797e-20
    outer loop
      vertex 5.366925372318636 -1.4380633193508807 0
      vertex 5.284307768664946 -1.7169756749958014 0
      vertex 5.284307768664946 -1.7169756749958014 31.75
    endloop
  endfacet
  facet normal -0.9723699203976768 0.23344536385590448 0
    outer loop
      vertex 5.366925372318636 -1.4380633193508807 31.75
      vertex 5.434832606577207 -1.1552093321061752 0
      vertex 5.366925372318636 -1.4380633193508807 0
    endloop
  endfacet
  facet normal -0.9832549075639547 0.18223552549214678 0
    outer loop
      vertex 5.434832606577207 -1.1552093321061752 31.75
      vertex 5.487843342431733 -0.8691889963797826 0
      vertex 5.434832606577207 -1.1552093321061752 0
    endloop
  endfacet
  facet normal -0.9914448613738104 0.13052619222005227 0
    outer loop
      vertex 5.487843342431733 -0.8691889963797826 31.75
      vertex 5.525812281139968 -0.5807862740308996 0
      vertex 5.487843342431733 -0.8691889963797826 0
    endloop
  endfacet
  facet normal -0.9969173337331282 0.07845909572784318 0
    outer loop
      vertex 5.525812281139968 -0.5807862740308996 31.75
      vertex 5.5486353524801 -0.29079165687485664 0
      vertex 5.525812281139968 -0.5807862740308996 0
    endloop
  endfacet
  facet normal -0.9996573249755571 0.02617694830787436 0
    outer loop
      vertex 5.5486353524801 -0.29079165687485664 0
      vertex 5.5486353524801 -0.29079165687485664 31.75
      vertex 5.5562499999999995 0 0
    endloop
  endfacet
  facet normal -0.02617694830787436 0.9996573249755571 0
    outer loop
      vertex 0.29079165687485664 -5.5486353524801 0
      vertex 0 -5.5562499999999995 31.75
      vertex 0.29079165687485664 -5.5486353524801 31.75
    endloop
  endfacet
  facet normal -0.07845909572784318 0.9969173337331282 0
    outer loop
      vertex 0.5807862740308996 -5.525812281139968 0
      vertex 0.29079165687485664 -5.5486353524801 31.75
      vertex 0.5807862740308996 -5.525812281139968 31.75
    endloop
  endfacet
  facet normal -0.13052619222005227 0.9914448613738104 -7.541249711552516e-20
    outer loop
      vertex 0.5807862740308996 -5.525812281139968 31.75
      vertex 0.8691889963797826 -5.487843342431733 31.75
      vertex 0.8691889963797826 -5.487843342431733 0
    endloop
  endfacet
  facet normal -0.18223552549214678 0.9832549075639547 3.4586353852334756e-20
    outer loop
      vertex 0.8691889963797826 -5.487843342431733 31.75
      vertex 1.1552093321061752 -5.434832606577207 31.75
      vertex 1.1552093321061752 -5.434832606577207 0
    endloop
  endfacet
  facet normal -0.23344536385590448 0.9723699203976768 0
    outer loop
      vertex 1.4380633193508807 -5.366925372318636 0
      vertex 1.1552093321061752 -5.434832606577207 31.75
      vertex 1.4380633193508807 -5.366925372318636 31.75
    endloop
  endfacet
  facet normal -0.28401534470392575 0.9588197348681922 8.571206919413797e-20
    outer loop
      vertex 1.4380633193508807 -5.366925372318636 31.75
      vertex 1.7169756749958014 -5.284307768664946 31.75
      vertex 1.7169756749958014 -5.284307768664946 0
    endloop
  endfacet
  facet normal -0.3338068592337702 0.9426414910921788 0
    outer loop
      vertex 1.9911819196610745 -5.187206244725076 0
      vertex 1.7169756749958014 -5.284307768664946 31.75
      vertex 1.9911819196610745 -5.187206244725076 31.75
    endloop
  endfacet
  facet normal -0.3826834323650899 0.9238795325112866 0
    outer loop
      vertex 2.2599304730899146 -5.0758869490267005 0
      vertex 1.9911819196610745 -5.187206244725076 31.75
      vertex 2.2599304730899146 -5.0758869490267005 31.75
    endloop
  endfacet
  facet normal -0.4305110968082938 0.9025852843498613 0
    outer loop
      vertex 2.522484714177857 -4.9506550000216185 0
      vertex 2.2599304730899146 -5.0758869490267005 31.75
      vertex 2.522484714177857 -4.9506550000216185 31.75
    endloop
  endfacet
  facet normal -0.4771587602596099 0.8788171126619644 0
    outer loop
      vertex 2.7781249999999997 -4.811853649777286 0
      vertex 2.522484714177857 -4.9506550000216185 31.75
      vertex 2.7781249999999997 -4.811853649777286 31.75
    endloop
  endfacet
  facet normal -0.522498564715947 0.8526401643540933 0
    outer loop
      vertex 3.026150638302244 -4.659863343146762 0
      vertex 2.7781249999999997 -4.811853649777286 31.75
      vertex 3.026150638302244 -4.659863343146762 31.75
    endloop
  endfacet
  facet normal -0.5664062369248335 0.8241261886220151 0
    outer loop
      vertex 3.2658818080500533 -4.495100674995801 0
      vertex 3.026150638302244 -4.659863343146762 31.75
      vertex 3.2658818080500533 -4.495100674995801 31.75
    endloop
  endfacet
  facet normal -0.6087614290087219 0.7933533402912343 0
    outer loop
      vertex 3.4966614227706585 -4.318017248345294 0
      vertex 3.2658818080500533 -4.495100674995801 31.75
      vertex 3.4966614227706585 -4.318017248345294 31.75
    endloop
  endfacet
  facet normal -0.6494480483301824 0.7604059656000318 -1.3667549573774686e-19
    outer loop
      vertex 3.4966614227706585 -4.318017248345294 31.75
      vertex 3.7178569315814056 -4.129098436558771 31.75
      vertex 3.7178569315814056 -4.129098436558771 0
    endloop
  endfacet
  facet normal -0.6883545756937526 0.725374371012289 0
    outer loop
      vertex 3.9288620529677547 -3.9288620529677547 0
      vertex 3.7178569315814056 -4.129098436558771 31.75
      vertex 3.9288620529677547 -3.9288620529677547 31.75
    endloop
  endfacet
  facet normal -0.725374371012289 0.6883545756937526 1.6476068444571495e-19
    outer loop
      vertex 3.9288620529677547 -3.9288620529677547 31.75
      vertex 4.129098436558771 -3.7178569315814056 31.75
      vertex 4.129098436558771 -3.7178569315814056 0
    endloop
  endfacet
  facet normal -0.7604059656000318 0.6494480483301824 0
    outer loop
      vertex 4.318017248345294 -3.4966614227706585 0
      vertex 4.129098436558771 -3.7178569315814056 31.75
      vertex 4.318017248345294 -3.4966614227706585 31.75
    endloop
  endfacet
  facet normal -0.7933533402912343 0.6087614290087219 0
    outer loop
      vertex 4.495100674995801 -3.2658818080500533 0
      vertex 4.318017248345294 -3.4966614227706585 31.75
      vertex 4.495100674995801 -3.2658818080500533 31.75
    endloop
  endfacet
  facet normal -0.8241261886220151 0.5664062369248335 0
    outer loop
      vertex 4.659863343146762 -3.026150638302244 0
      vertex 4.495100674995801 -3.2658818080500533 31.75
      vertex 4.659863343146762 -3.026150638302244 31.75
    endloop
  endfacet
  facet normal -0.8526401643540933 0.522498564715947 0
    outer loop
      vertex 4.811853649777286 -2.7781249999999997 0
      vertex 4.659863343146762 -3.026150638302244 31.75
      vertex 4.811853649777286 -2.7781249999999997 31.75
    endloop
  endfacet
  facet normal -0.8788171126619644 0.4771587602596099 0
    outer loop
      vertex 4.9506550000216185 -2.522484714177857 0
      vertex 4.811853649777286 -2.7781249999999997 31.75
      vertex 4.9506550000216185 -2.522484714177857 31.75
    endloop
  endfacet
  facet normal -0.9025852843498613 0.4305110968082938 0
    outer loop
      vertex 5.0758869490267005 -2.2599304730899146 0
      vertex 4.9506550000216185 -2.522484714177857 31.75
      vertex 5.0758869490267005 -2.2599304730899146 31.75
    endloop
  endfacet
  facet normal -0.9238795325112866 0.3826834323650899 1.816980908113386e-19
    outer loop
      vertex 5.0758869490267005 -2.2599304730899146 31.75
      vertex 5.187206244725076 -1.9911819196610745 31.75
      vertex 5.187206244725076 -1.9911819196610745 0
    endloop
  endfacet
  facet normal -0.9426414910921788 0.3338068592337702 0
    outer loop
      vertex 5.284307768664946 -1.7169756749958014 0
      vertex 5.187206244725076 -1.9911819196610745 31.75
      vertex 5.284307768664946 -1.7169756749958014 31.75
    endloop
  endfacet
  facet normal -0.9588197348681922 0.28401534470392575 8.571206919413797e-20
    outer loop
      vertex 5.284307768664946 -1.7169756749958014 31.75
      vertex 5.366925372318636 -1.4380633193508807 31.75
      vertex 5.366925372318636 -1.4380633193508807 0
    endloop
  endfacet
  facet normal -0.9723699203976768 0.23344536385590448 1.4776886400521998e-19
    outer loop
      vertex 5.366925372318636 -1.4380633193508807 31.75
      vertex 5.434832606577207 -1.1552093321061752 31.75
      vertex 5.434832606577207 -1.1552093321061752 0
    endloop
  endfacet
  facet normal -0.9832549075639547 0.18223552549214678 3.4586353852334756e-20
    outer loop
      vertex 5.434832606577207 -1.1552093321061752 31.75
      vertex 5.487843342431733 -0.8691889963797826 31.75
      vertex 5.487843342431733 -0.8691889963797826 0
    endloop
  endfacet
  facet normal -0.9914448613738104 0.13052619222005227 -7.541249711552516e-20
    outer loop
      vertex 5.487843342431733 -0.8691889963797826 31.75
      vertex 5.525812281139968 -0.5807862740308996 31.75
      vertex 5.525812281139968 -0.5807862740308996 0
    endloop
  endfacet
  facet normal -0.9969173337331282 0.07845909572784318 1.3550706426438818e-20
    outer loop
      vertex 5.525812281139968 -0.5807862740308996 31.75
      vertex 5.5486353524801 -0.29079165687485664 31.75
      vertex 5.5486353524801 -0.29079165687485664 0
    endloop
  endfacet
  facet normal -0.9996573249755571 0.02617694830787436 -1.3439928265638487e-20
    outer loop
      vertex 5.5486353524801 -0.29079165687485664 31.75
      vertex 5.5562499999999995 0 31.75
      vertex 5.5562499999999995 0 0
    endloop
  endfacet
  facet normal -0.522498564715947 -0.8526401643540933 -9.915183292595185e-20
    outer loop
      vertex 2.7781249999999997 4.811853649777286 0
      vertex 3.026150638302244 4.659863343146762 0
      vertex 3.026150638302244 4.659863343146762 31.75
    endloop
  endfacet
  facet normal -0.5664062369248335 -0.8241261886220151 2.0980720274575065e-19
    outer loop
      vertex 3.026150638302244 4.659863343146762 0
      vertex 3.2658818080500533 4.495100674995801 0
      vertex 3.2658818080500533 4.495100674995801 31.75
    endloop
  endfacet
  facet normal -0.6087614290087219 -0.7933533402912343 -3.5995814595465955e-19
    outer loop
      vertex 3.2658818080500533 4.495100674995801 0
      vertex 3.4966614227706585 4.318017248345294 0
      vertex 3.4966614227706585 4.318017248345294 31.75
    endloop
  endfacet
  facet normal -0.8526401643540933 -0.522498564715947 -9.915183292595185e-20
    outer loop
      vertex 4.659863343146762 3.026150638302244 0
      vertex 4.811853649777286 2.7781249999999997 0
      vertex 4.811853649777286 2.7781249999999997 31.75
    endloop
  endfacet
  facet normal -0.7604059656000318 -0.6494480483301824 0
    outer loop
      vertex 4.318017248345294 3.4966614227706585 31.75
      vertex 4.129098436558771 3.7178569315814056 0
      vertex 4.318017248345294 3.4966614227706585 0
    endloop
  endfacet
  facet normal -0.7933533402912343 -0.6087614290087219 -3.5995814595465955e-19
    outer loop
      vertex 4.318017248345294 3.4966614227706585 0
      vertex 4.495100674995801 3.2658818080500533 0
      vertex 4.495100674995801 3.2658818080500533 31.75
    endloop
  endfacet
  facet normal -0.8241261886220151 -0.5664062369248335 2.0980720274575065e-19
    outer loop
      vertex 4.495100674995801 3.2658818080500533 0
      vertex 4.659863343146762 3.026150638302244 0
      vertex 4.659863343146762 3.026150638302244 31.75
    endloop
  endfacet
  facet normal -0.6883545756937526 -0.725374371012289 -1.6476068444571495e-19
    outer loop
      vertex 3.7178569315814056 4.129098436558771 0
      vertex 3.9288620529677547 3.9288620529677547 0
      vertex 3.9288620529677547 3.9288620529677547 31.75
    endloop
  endfacet
  facet normal -0.725374371012289 -0.6883545756937526 -1.6476068444571495e-19
    outer loop
      vertex 3.9288620529677547 3.9288620529677547 0
      vertex 4.129098436558771 3.7178569315814056 0
      vertex 4.129098436558771 3.7178569315814056 31.75
    endloop
  endfacet
  facet normal -0.6494480483301824 -0.7604059656000318 1.3667549573774686e-19
    outer loop
      vertex 3.4966614227706585 4.318017248345294 0
      vertex 3.7178569315814056 4.129098436558771 0
      vertex 3.7178569315814056 4.129098436558771 31.75
    endloop
  endfacet
  facet normal -0.02617694830787436 -0.9996573249755571 1.3439928265638487e-20
    outer loop
      vertex 0 5.5562499999999995 0
      vertex 0.29079165687485664 5.5486353524801 0
      vertex 0.29079165687485664 5.5486353524801 31.75
    endloop
  endfacet
  facet normal -0.07845909572784318 -0.9969173337331282 -1.3550706426438818e-20
    outer loop
      vertex 0.29079165687485664 5.5486353524801 0
      vertex 0.5807862740308996 5.525812281139968 0
      vertex 0.5807862740308996 5.525812281139968 31.75
    endloop
  endfacet
  facet normal -0.13052619222005227 -0.9914448613738104 7.541249711552516e-20
    outer loop
      vertex 0.5807862740308996 5.525812281139968 0
      vertex 0.8691889963797826 5.487843342431733 0
      vertex 0.8691889963797826 5.487843342431733 31.75
    endloop
  endfacet
  facet normal -0.18223552549214678 -0.9832549075639547 -3.4586353852334756e-20
    outer loop
      vertex 0.8691889963797826 5.487843342431733 0
      vertex 1.1552093321061752 5.434832606577207 0
      vertex 1.1552093321061752 5.434832606577207 31.75
    endloop
  endfacet
  facet normal -0.28401534470392575 -0.9588197348681922 -8.571206919413797e-20
    outer loop
      vertex 1.4380633193508807 5.366925372318636 0
      vertex 1.7169756749958014 5.284307768664946 0
      vertex 1.7169756749958014 5.284307768664946 31.75
    endloop
  endfacet
  facet normal -0.23344536385590448 -0.9723699203976768 -1.4776886400521998e-19
    outer loop
      vertex 1.1552093321061752 5.434832606577207 0
      vertex 1.4380633193508807 5.366925372318636 0
      vertex 1.4380633193508807 5.366925372318636 31.75
    endloop
  endfacet
  facet normal -0.3338068592337702 -0.9426414910921788 1.0237688086528499e-19
    outer loop
      vertex 1.7169756749958014 5.284307768664946 0
      vertex 1.9911819196610745 5.187206244725076 0
      vertex 1.9911819196610745 5.187206244725076 31.75
    endloop
  endfacet
  facet normal -0.3826834323650899 -0.9238795325112866 -1.816980908113386e-19
    outer loop
      vertex 1.9911819196610745 5.187206244725076 0
      vertex 2.2599304730899146 5.0758869490267005 0
      vertex 2.2599304730899146 5.0758869490267005 31.75
    endloop
  endfacet
  facet normal -0.4305110968082938 -0.9025852843498613 1.0107361299363949e-19
    outer loop
      vertex 2.2599304730899146 5.0758869490267005 0
      vertex 2.522484714177857 4.9506550000216185 0
      vertex 2.522484714177857 4.9506550000216185 31.75
    endloop
  endfacet
  facet normal -0.4771587602596099 -0.8788171126619644 6.979831536406636e-20
    outer loop
      vertex 2.522484714177857 4.9506550000216185 0
      vertex 2.7781249999999997 4.811853649777286 0
      vertex 2.7781249999999997 4.811853649777286 31.75
    endloop
  endfacet
  facet normal -0.9996573249755571 -0.02617694830787436 0
    outer loop
      vertex 5.5562499999999995 0 0
      vertex 5.5562499999999995 0 31.75
      vertex 5.5486353524801 0.29079165687485664 0
    endloop
  endfacet
  facet normal -0.9969173337331282 -0.07845909572784318 -1.3550706426438818e-20
    outer loop
      vertex 5.525812281139968 0.5807862740308996 0
      vertex 5.5486353524801 0.29079165687485664 0
      vertex 5.5486353524801 0.29079165687485664 31.75
    endloop
  endfacet
  facet normal -0.9914448613738104 -0.13052619222005227 0
    outer loop
      vertex 5.525812281139968 0.5807862740308996 31.75
      vertex 5.487843342431733 0.8691889963797826 0
      vertex 5.525812281139968 0.5807862740308996 0
    endloop
  endfacet
  facet normal -0.9832549075639547 -0.18223552549214678 0
    outer loop
      vertex 5.487843342431733 0.8691889963797826 31.75
      vertex 5.434832606577207 1.1552093321061752 0
      vertex 5.487843342431733 0.8691889963797826 0
    endloop
  endfacet
  facet normal -0.9588197348681922 -0.28401534470392575 -8.571206919413797e-20
    outer loop
      vertex 5.284307768664946 1.7169756749958014 0
      vertex 5.366925372318636 1.4380633193508807 0
      vertex 5.366925372318636 1.4380633193508807 31.75
    endloop
  endfacet
  facet normal -0.9025852843498613 -0.4305110968082938 1.0107361299363949e-19
    outer loop
      vertex 4.9506550000216185 2.522484714177857 0
      vertex 5.0758869490267005 2.2599304730899146 0
      vertex 5.0758869490267005 2.2599304730899146 31.75
    endloop
  endfacet
  facet normal -0.9238795325112866 -0.3826834323650899 -1.816980908113386e-19
    outer loop
      vertex 5.0758869490267005 2.2599304730899146 0
      vertex 5.187206244725076 1.9911819196610745 0
      vertex 5.187206244725076 1.9911819196610745 31.75
    endloop
  endfacet
  facet normal -0.9426414910921788 -0.3338068592337702 1.0237688086528499e-19
    outer loop
      vertex 5.187206244725076 1.9911819196610745 0
      vertex 5.284307768664946 1.7169756749958014 0
      vertex 5.284307768664946 1.7169756749958014 31.75
    endloop
  endfacet
  facet normal -0.9723699203976768 -0.23344536385590448 0
    outer loop
      vertex 5.434832606577207 1.1552093321061752 31.75
      vertex 5.366925372318636 1.4380633193508807 0
      vertex 5.434832606577207 1.1552093321061752 0
    endloop
  endfacet
  facet normal -0.8788171126619644 -0.4771587602596099 0
    outer loop
      vertex 4.9506550000216185 2.522484714177857 31.75
      vertex 4.811853649777286 2.7781249999999997 0
      vertex 4.9506550000216185 2.522484714177857 0
    endloop
  endfacet
  facet normal -0.522498564715947 -0.8526401643540933 0
    outer loop
      vertex 2.7781249999999997 4.811853649777286 0
      vertex 3.026150638302244 4.659863343146762 31.75
      vertex 2.7781249999999997 4.811853649777286 31.75
    endloop
  endfacet
  facet normal -0.5664062369248335 -0.8241261886220151 2.0980720274575065e-19
    outer loop
      vertex 3.2658818080500533 4.495100674995801 31.75
      vertex 3.026150638302244 4.659863343146762 31.75
      vertex 3.026150638302244 4.659863343146762 0
    endloop
  endfacet
  facet normal -0.6087614290087219 -0.7933533402912343 0
    outer loop
      vertex 3.2658818080500533 4.495100674995801 0
      vertex 3.4966614227706585 4.318017248345294 31.75
      vertex 3.2658818080500533 4.495100674995801 31.75
    endloop
  endfacet
  facet normal -0.6494480483301824 -0.7604059656000318 1.3667549573774686e-19
    outer loop
      vertex 3.7178569315814056 4.129098436558771 31.75
      vertex 3.4966614227706585 4.318017248345294 31.75
      vertex 3.4966614227706585 4.318017248345294 0
    endloop
  endfacet
  facet normal -0.8526401643540933 -0.522498564715947 -9.915183292595185e-20
    outer loop
      vertex 4.811853649777286 2.7781249999999997 31.75
      vertex 4.659863343146762 3.026150638302244 31.75
      vertex 4.659863343146762 3.026150638302244 0
    endloop
  endfacet
  facet normal -0.7933533402912343 -0.6087614290087219 -3.5995814595465955e-19
    outer loop
      vertex 4.495100674995801 3.2658818080500533 31.75
      vertex 4.318017248345294 3.4966614227706585 31.75
      vertex 4.318017248345294 3.4966614227706585 0
    endloop
  endfacet
  facet normal -0.8241261886220151 -0.5664062369248335 0
    outer loop
      vertex 4.495100674995801 3.2658818080500533 0
      vertex 4.659863343146762 3.026150638302244 31.75
      vertex 4.495100674995801 3.2658818080500533 31.75
    endloop
  endfacet
  facet normal -0.6883545756937526 -0.725374371012289 -1.6476068444571495e-19
    outer loop
      vertex 3.9288620529677547 3.9288620529677547 31.75
      vertex 3.7178569315814056 4.129098436558771 31.75
      vertex 3.7178569315814056 4.129098436558771 0
    endloop
  endfacet
  facet normal -0.725374371012289 -0.6883545756937526 0
    outer loop
      vertex 3.9288620529677547 3.9288620529677547 0
      vertex 4.129098436558771 3.7178569315814056 31.75
      vertex 3.9288620529677547 3.9288620529677547 31.75
    endloop
  endfacet
  facet normal -0.7604059656000318 -0.6494480483301824 1.3667549573774686e-19
    outer loop
      vertex 4.318017248345294 3.4966614227706585 31.75
      vertex 4.129098436558771 3.7178569315814056 31.75
      vertex 4.129098436558771 3.7178569315814056 0
    endloop
  endfacet
  facet normal -0.02617694830787436 -0.9996573249755571 1.3439928265638487e-20
    outer loop
      vertex 0.29079165687485664 5.5486353524801 31.75
      vertex 0 5.5562499999999995 31.75
      vertex 0 5.5562499999999995 0
    endloop
  endfacet
  facet normal -0.07845909572784318 -0.9969173337331282 0
    outer loop
      vertex 0.29079165687485664 5.5486353524801 0
      vertex 0.5807862740308996 5.525812281139968 31.75
      vertex 0.29079165687485664 5.5486353524801 31.75
    endloop
  endfacet
  facet normal -0.13052619222005227 -0.9914448613738104 0
    outer loop
      vertex 0.5807862740308996 5.525812281139968 0
      vertex 0.8691889963797826 5.487843342431733 31.75
      vertex 0.5807862740308996 5.525812281139968 31.75
    endloop
  endfacet
  facet normal -0.18223552549214678 -0.9832549075639547 -3.4586353852334756e-20
    outer loop
      vertex 1.1552093321061752 5.434832606577207 31.75
      vertex 0.8691889963797826 5.487843342431733 31.75
      vertex 0.8691889963797826 5.487843342431733 0
    endloop
  endfacet
  facet normal -0.28401534470392575 -0.9588197348681922 -8.571206919413797e-20
    outer loop
      vertex 1.7169756749958014 5.284307768664946 31.75
      vertex 1.4380633193508807 5.366925372318636 31.75
      vertex 1.4380633193508807 5.366925372318636 0
    endloop
  endfacet
  facet normal -0.23344536385590448 -0.9723699203976768 0
    outer loop
      vertex 1.1552093321061752 5.434832606577207 0
      vertex 1.4380633193508807 5.366925372318636 31.75
      vertex 1.1552093321061752 5.434832606577207 31.75
    endloop
  endfacet
  facet normal -0.3338068592337702 -0.9426414910921788 0
    outer loop
      vertex 1.7169756749958014 5.284307768664946 0
      vertex 1.9911819196610745 5.187206244725076 31.75
      vertex 1.7169756749958014 5.284307768664946 31.75
    endloop
  endfacet
  facet normal -0.3826834323650899 -0.9238795325112866 -1.816980908113386e-19
    outer loop
      vertex 2.2599304730899146 5.0758869490267005 31.75
      vertex 1.9911819196610745 5.187206244725076 31.75
      vertex 1.9911819196610745 5.187206244725076 0
    endloop
  endfacet
  facet normal -0.4305110968082938 -0.9025852843498613 0
    outer loop
      vertex 2.2599304730899146 5.0758869490267005 0
      vertex 2.522484714177857 4.9506550000216185 31.75
      vertex 2.2599304730899146 5.0758869490267005 31.75
    endloop
  endfacet
  facet normal -0.4771587602596099 -0.8788171126619644 6.979831536406636e-20
    outer loop
      vertex 2.7781249999999997 4.811853649777286 31.75
      vertex 2.522484714177857 4.9506550000216185 31.75
      vertex 2.522484714177857 4.9506550000216185 0
    endloop
  endfacet
  facet normal -0.9996573249755571 -0.02617694830787436 0
    outer loop
      vertex 5.5486353524801 0.29079165687485664 0
      vertex 5.5562499999999995 0 31.75
      vertex 5.5486353524801 0.29079165687485664 31.75
    endloop
  endfacet
  facet normal -0.9969173337331282 -0.07845909572784318 0
    outer loop
      vertex 5.525812281139968 0.5807862740308996 0
      vertex 5.5486353524801 0.29079165687485664 31.75
      vertex 5.525812281139968 0.5807862740308996 31.75
    endloop
  endfacet
  facet normal -0.9914448613738104 -0.13052619222005227 7.541249711552516e-20
    outer loop
      vertex 5.525812281139968 0.5807862740308996 31.75
      vertex 5.487843342431733 0.8691889963797826 31.75
      vertex 5.487843342431733 0.8691889963797826 0
    endloop
  endfacet
  facet normal -0.9832549075639547 -0.18223552549214678 -3.4586353852334756e-20
    outer loop
      vertex 5.487843342431733 0.8691889963797826 31.75
      vertex 5.434832606577207 1.1552093321061752 31.75
      vertex 5.434832606577207 1.1552093321061752 0
    endloop
  endfacet
  facet normal -0.9588197348681922 -0.28401534470392575 0
    outer loop
      vertex 5.284307768664946 1.7169756749958014 0
      vertex 5.366925372318636 1.4380633193508807 31.75
      vertex 5.284307768664946 1.7169756749958014 31.75
    endloop
  endfacet
  facet normal -0.9426414910921788 -0.3338068592337702 0
    outer loop
      vertex 5.187206244725076 1.9911819196610745 0
      vertex 5.284307768664946 1.7169756749958014 31.75
      vertex 5.187206244725076 1.9911819196610745 31.75
    endloop
  endfacet
  facet normal -0.9238795325112866 -0.3826834323650899 0
    outer loop
      vertex 5.0758869490267005 2.2599304730899146 0
      vertex 5.187206244725076 1.9911819196610745 31.75
      vertex 5.0758869490267005 2.2599304730899146 31.75
    endloop
  endfacet
  facet normal -0.9723699203976768 -0.23344536385590448 -1.4776886400521998e-19
    outer loop
      vertex 5.434832606577207 1.1552093321061752 31.75
      vertex 5.366925372318636 1.4380633193508807 31.75
      vertex 5.366925372318636 1.4380633193508807 0
    endloop
  endfacet
  facet normal -0.9025852843498613 -0.4305110968082938 0
    outer loop
      vertex 4.9506550000216185 2.522484714177857 0
      vertex 5.0758869490267005 2.2599304730899146 31.75
      vertex 4.9506550000216185 2.522484714177857 31.75
    endloop
  endfacet
  facet normal -0.8788171126619644 -0.4771587602596099 6.979831536406636e-20
    outer loop
      vertex 4.9506550000216185 2.522484714177857 31.75
      vertex 4.811853649777286 2.7781249999999997 31.75
      vertex 4.811853649777286 2.7781249999999997 0
    endloop
  endfacet
endsolid OpenSCAD_Model
