solid OpenSCAD_Model
  facet normal 0.6293203910498381 0.7771459614569703 -1.2498294503536136e-18
    outer loop
      vertex -9.33109088014301 -12.843144785702291 52.775
      vertex -10.622448375946874 -11.797424104453633 52.775
      vertex -10.622448375946874 -11.797424104453633 75
    endloop
  endfacet
  facet normal 0.7771459614569703 0.6293203910498381 -1.2498294503536136e-18
    outer loop
      vertex -11.797424104453633 -10.622448375946874 52.775
      vertex -12.843144785702291 -9.33109088014301 52.775
      vertex -12.843144785702291 -9.33109088014301 75
    endloop
  endfacet
  facet normal 0.7071067811865476 0.7071067811865476 0
    outer loop
      vertex -11.797424104453633 -10.622448375946874 52.775
      vertex -11.797424104453633 -10.622448375946874 75
      vertex -10.622448375946874 -11.797424104453633 52.775
    endloop
  endfacet
  facet normal 0.5446390350150268 0.8386705679454244 2.0228126069542675e-18
    outer loop
      vertex -7.9375 -13.748153285077963 52.775
      vertex -9.33109088014301 -12.843144785702291 52.775
      vertex -9.33109088014301 -12.843144785702291 75
    endloop
  endfacet
  facet normal 0.4539904997395467 0.8910065241883679 0
    outer loop
      vertex -7.9375 -13.748153285077963 52.775
      vertex -7.9375 -13.748153285077963 75
      vertex -6.456944208828328 -14.502534140076289 52.775
    endloop
  endfacet
  facet normal 0.7771459614569703 0.6293203910498381 0
    outer loop
      vertex -11.797424104453633 -10.622448375946874 52.775
      vertex -12.843144785702291 -9.33109088014301 75
      vertex -11.797424104453633 -10.622448375946874 75
    endloop
  endfacet
  facet normal 0.7071067811865476 0.7071067811865476 0
    outer loop
      vertex -10.622448375946874 -11.797424104453633 52.775
      vertex -11.797424104453633 -10.622448375946874 75
      vertex -10.622448375946874 -11.797424104453633 75
    endloop
  endfacet
  facet normal 0.6293203910498381 0.7771459614569703 0
    outer loop
      vertex -9.33109088014301 -12.843144785702291 52.775
      vertex -10.622448375946874 -11.797424104453633 75
      vertex -9.33109088014301 -12.843144785702291 75
    endloop
  endfacet
  facet normal 0.5446390350150268 0.8386705679454244 0
    outer loop
      vertex -7.9375 -13.748153285077963 52.775
      vertex -9.33109088014301 -12.843144785702291 75
      vertex -7.9375 -13.748153285077963 75
    endloop
  endfacet
  facet normal 0.8386705679454244 0.5446390350150268 2.0228126069542675e-18
    outer loop
      vertex -12.843144785702291 -9.33109088014301 52.775
      vertex -13.748153285077963 -7.9375 52.775
      vertex -13.748153285077963 -7.9375 75
    endloop
  endfacet
  facet normal 0.933580426497202 0.35836794954529994 -4.882501923045483e-19
    outer loop
      vertex -14.502534140076289 -6.456944208828328 52.775
      vertex -15.098022196185562 -4.90564478570229 52.775
      vertex -15.098022196185562 -4.90564478570229 75
    endloop
  endfacet
  facet normal 0.8910065241883679 0.4539904997395467 0
    outer loop
      vertex -14.502534140076289 -6.456944208828328 52.775
      vertex -14.502534140076289 -6.456944208828328 75
      vertex -13.748153285077963 -7.9375 52.775
    endloop
  endfacet
  facet normal 0.8386705679454244 0.5446390350150268 0
    outer loop
      vertex -12.843144785702291 -9.33109088014301 52.775
      vertex -13.748153285077963 -7.9375 75
      vertex -12.843144785702291 -9.33109088014301 75
    endloop
  endfacet
  facet normal 0.8910065241883679 0.4539904997395467 0
    outer loop
      vertex -13.748153285077963 -7.9375 52.775
      vertex -14.502534140076289 -6.456944208828328 75
      vertex -13.748153285077963 -7.9375 75
    endloop
  endfacet
  facet normal 0.933580426497202 0.35836794954529994 0
    outer loop
      vertex -14.502534140076289 -6.456944208828328 52.775
      vertex -15.098022196185562 -4.90564478570229 75
      vertex -14.502534140076289 -6.456944208828328 75
    endloop
  endfacet
  facet normal 0.965925826289068 0.2588190451025217 -1.6500060464679406e-19
    outer loop
      vertex -15.098022196185562 -4.90564478570229 52.775
      vertex -15.528093161649165 -3.3005980917319295 52.775
      vertex -15.528093161649165 -3.3005980917319295 75
    endloop
  endfacet
  facet normal 0.987688340595138 0.15643446504022948 5.798863076501988e-19
    outer loop
      vertex -15.528093161649165 -3.3005980917319295 52.775
      vertex -15.788035088971338 -1.6593893543739988 52.775
      vertex -15.788035088971338 -1.6593893543739988 75
    endloop
  endfacet
  facet normal 0.9986295347545737 0.05233595624294476 -3.3150541462086435e-19
    outer loop
      vertex -15.788035088971338 -1.6593893543739988 52.775
      vertex -15.875 0 52.775
      vertex -15.875 0 75
    endloop
  endfacet
  facet normal 0.965925826289068 0.2588190451025217 0
    outer loop
      vertex -15.098022196185562 -4.90564478570229 52.775
      vertex -15.528093161649165 -3.3005980917319295 75
      vertex -15.098022196185562 -4.90564478570229 75
    endloop
  endfacet
  facet normal 0.987688340595138 0.15643446504022948 0
    outer loop
      vertex -15.528093161649165 -3.3005980917319295 52.775
      vertex -15.788035088971338 -1.6593893543739988 75
      vertex -15.528093161649165 -3.3005980917319295 75
    endloop
  endfacet
  facet normal 0.9986295347545737 0.05233595624294476 0
    outer loop
      vertex -15.788035088971338 -1.6593893543739988 52.775
      vertex -15.875 0 75
      vertex -15.788035088971338 -1.6593893543739988 75
    endloop
  endfacet
  facet normal 0.35836794954529994 0.933580426497202 0
    outer loop
      vertex -6.456944208828328 -14.502534140076289 52.775
      vertex -6.456944208828328 -14.502534140076289 75
      vertex -4.90564478570229 -15.098022196185562 52.775
    endloop
  endfacet
  facet normal 0.2588190451025217 0.965925826289068 0
    outer loop
      vertex -4.90564478570229 -15.098022196185562 52.775
      vertex -4.90564478570229 -15.098022196185562 75
      vertex -3.3005980917319295 -15.528093161649165 52.775
    endloop
  endfacet
  facet normal 0.15643446504022948 0.987688340595138 0
    outer loop
      vertex -3.3005980917319295 -15.528093161649165 52.775
      vertex -3.3005980917319295 -15.528093161649165 75
      vertex -1.6593893543739988 -15.788035088971338 52.775
    endloop
  endfacet
  facet normal 0.4539904997395467 0.8910065241883679 0
    outer loop
      vertex -6.456944208828328 -14.502534140076289 52.775
      vertex -7.9375 -13.748153285077963 75
      vertex -6.456944208828328 -14.502534140076289 75
    endloop
  endfacet
  facet normal 0.35836794954529994 0.933580426497202 0
    outer loop
      vertex -4.90564478570229 -15.098022196185562 52.775
      vertex -6.456944208828328 -14.502534140076289 75
      vertex -4.90564478570229 -15.098022196185562 75
    endloop
  endfacet
  facet normal 0.2588190451025217 0.965925826289068 0
    outer loop
      vertex -3.3005980917319295 -15.528093161649165 52.775
      vertex -4.90564478570229 -15.098022196185562 75
      vertex -3.3005980917319295 -15.528093161649165 75
    endloop
  endfacet
  facet normal 0.15643446504022948 0.987688340595138 0
    outer loop
      vertex -1.6593893543739988 -15.788035088971338 52.775
      vertex -3.3005980917319295 -15.528093161649165 75
      vertex -1.6593893543739988 -15.788035088971338 75
    endloop
  endfacet
  facet normal 0.05233595624294476 0.9986295347545737 0
    outer loop
      vertex -1.6593893543739988 -15.788035088971338 52.775
      vertex -1.6593893543739988 -15.788035088971338 75
      vertex 0 -15.875 52.775
    endloop
  endfacet
  facet normal -0.05233595624294476 0.9986295347545737 0
    outer loop
      vertex 0 -15.875 52.775
      vertex 0 -15.875 75
      vertex 1.6593893543739988 -15.788035088971338 52.775
    endloop
  endfacet
  facet normal -0.15643446504022948 0.987688340595138 0
    outer loop
      vertex 1.6593893543739988 -15.788035088971338 52.775
      vertex 1.6593893543739988 -15.788035088971338 75
      vertex 3.3005980917319295 -15.528093161649165 52.775
    endloop
  endfacet
  facet normal -0.2588190451025217 0.965925826289068 0
    outer loop
      vertex 3.3005980917319295 -15.528093161649165 52.775
      vertex 3.3005980917319295 -15.528093161649165 75
      vertex 4.90564478570229 -15.098022196185562 52.775
    endloop
  endfacet
  facet normal 0.05233595624294476 0.9986295347545737 0
    outer loop
      vertex 0 -15.875 52.775
      vertex -1.6593893543739988 -15.788035088971338 75
      vertex 0 -15.875 75
    endloop
  endfacet
  facet normal -0.05233595624294476 0.9986295347545737 0
    outer loop
      vertex 1.6593893543739988 -15.788035088971338 52.775
      vertex 0 -15.875 75
      vertex 1.6593893543739988 -15.788035088971338 75
    endloop
  endfacet
  facet normal -0.15643446504022948 0.987688340595138 0
    outer loop
      vertex 3.3005980917319295 -15.528093161649165 52.775
      vertex 1.6593893543739988 -15.788035088971338 75
      vertex 3.3005980917319295 -15.528093161649165 75
    endloop
  endfacet
  facet normal 0.9986295347545737 -0.05233595624294476 3.3150541462086435e-19
    outer loop
      vertex -15.875 0 52.775
      vertex -15.788035088971338 1.6593893543739988 52.775
      vertex -15.788035088971338 1.6593893543739988 75
    endloop
  endfacet
  facet normal 0.987688340595138 -0.15643446504022948 -5.798863076501988e-19
    outer loop
      vertex -15.788035088971338 1.6593893543739988 52.775
      vertex -15.528093161649165 3.3005980917319295 52.775
      vertex -15.528093161649165 3.3005980917319295 75
    endloop
  endfacet
  facet normal 0.965925826289068 -0.2588190451025217 1.6500060464679406e-19
    outer loop
      vertex -15.528093161649165 3.3005980917319295 52.775
      vertex -15.098022196185562 4.90564478570229 52.775
      vertex -15.098022196185562 4.90564478570229 75
    endloop
  endfacet
  facet normal 0.9986295347545737 -0.05233595624294476 0
    outer loop
      vertex -15.875 0 52.775
      vertex -15.788035088971338 1.6593893543739988 75
      vertex -15.875 0 75
    endloop
  endfacet
  facet normal 0.987688340595138 -0.15643446504022948 0
    outer loop
      vertex -15.788035088971338 1.6593893543739988 52.775
      vertex -15.528093161649165 3.3005980917319295 75
      vertex -15.788035088971338 1.6593893543739988 75
    endloop
  endfacet
  facet normal 0.965925826289068 -0.2588190451025217 0
    outer loop
      vertex -15.528093161649165 3.3005980917319295 52.775
      vertex -15.098022196185562 4.90564478570229 75
      vertex -15.528093161649165 3.3005980917319295 75
    endloop
  endfacet
  facet normal 0.933580426497202 -0.35836794954529994 4.882501923045483e-19
    outer loop
      vertex -15.098022196185562 4.90564478570229 52.775
      vertex -14.502534140076289 6.456944208828328 52.775
      vertex -14.502534140076289 6.456944208828328 75
    endloop
  endfacet
  facet normal 0.8910065241883679 -0.4539904997395467 8.687314727270666e-19
    outer loop
      vertex -14.502534140076289 6.456944208828328 52.775
      vertex -13.748153285077963 7.9375 52.775
      vertex -13.748153285077963 7.9375 75
    endloop
  endfacet
  facet normal 0.8386705679454244 -0.5446390350150268 -2.0228126069542675e-18
    outer loop
      vertex -13.748153285077963 7.9375 52.775
      vertex -12.843144785702291 9.33109088014301 52.775
      vertex -12.843144785702291 9.33109088014301 75
    endloop
  endfacet
  facet normal 0.933580426497202 -0.35836794954529994 0
    outer loop
      vertex -15.098022196185562 4.90564478570229 52.775
      vertex -14.502534140076289 6.456944208828328 75
      vertex -15.098022196185562 4.90564478570229 75
    endloop
  endfacet
  facet normal 0.8910065241883679 -0.4539904997395467 0
    outer loop
      vertex -14.502534140076289 6.456944208828328 52.775
      vertex -13.748153285077963 7.9375 75
      vertex -14.502534140076289 6.456944208828328 75
    endloop
  endfacet
  facet normal 0.8386705679454244 -0.5446390350150268 0
    outer loop
      vertex -13.748153285077963 7.9375 52.775
      vertex -12.843144785702291 9.33109088014301 75
      vertex -13.748153285077963 7.9375 75
    endloop
  endfacet
  facet normal 0.7771459614569703 -0.6293203910498381 1.2498294503536136e-18
    outer loop
      vertex -12.843144785702291 9.33109088014301 52.775
      vertex -11.797424104453633 10.622448375946874 52.775
      vertex -11.797424104453633 10.622448375946874 75
    endloop
  endfacet
  facet normal 0.7071067811865476 -0.7071067811865476 2.0958016236785034e-18
    outer loop
      vertex -11.797424104453633 10.622448375946874 52.775
      vertex -10.622448375946874 11.797424104453633 52.775
      vertex -10.622448375946874 11.797424104453633 75
    endloop
  endfacet
  facet normal 0.6293203910498381 -0.7771459614569703 1.2498294503536136e-18
    outer loop
      vertex -10.622448375946874 11.797424104453633 52.775
      vertex -9.33109088014301 12.843144785702291 52.775
      vertex -9.33109088014301 12.843144785702291 75
    endloop
  endfacet
  facet normal 0.5446390350150268 -0.8386705679454244 -2.0228126069542675e-18
    outer loop
      vertex -9.33109088014301 12.843144785702291 52.775
      vertex -7.9375 13.748153285077963 52.775
      vertex -7.9375 13.748153285077963 75
    endloop
  endfacet
  facet normal 0.7771459614569703 -0.6293203910498381 0
    outer loop
      vertex -12.843144785702291 9.33109088014301 52.775
      vertex -11.797424104453633 10.622448375946874 75
      vertex -12.843144785702291 9.33109088014301 75
    endloop
  endfacet
  facet normal 0.7071067811865476 -0.7071067811865476 0
    outer loop
      vertex -11.797424104453633 10.622448375946874 52.775
      vertex -10.622448375946874 11.797424104453633 75
      vertex -11.797424104453633 10.622448375946874 75
    endloop
  endfacet
  facet normal 0.6293203910498381 -0.7771459614569703 0
    outer loop
      vertex -10.622448375946874 11.797424104453633 52.775
      vertex -9.33109088014301 12.843144785702291 75
      vertex -10.622448375946874 11.797424104453633 75
    endloop
  endfacet
  facet normal 0.5446390350150268 -0.8386705679454244 0
    outer loop
      vertex -9.33109088014301 12.843144785702291 52.775
      vertex -7.9375 13.748153285077963 75
      vertex -9.33109088014301 12.843144785702291 75
    endloop
  endfacet
  facet normal 0.4539904997395467 -0.8910065241883679 0
    outer loop
      vertex -7.9375 13.748153285077963 52.775
      vertex -6.456944208828328 14.502534140076289 75
      vertex -7.9375 13.748153285077963 75
    endloop
  endfacet
  facet normal 0.4539904997395467 -0.8910065241883679 8.687314727270666e-19
    outer loop
      vertex -7.9375 13.748153285077963 52.775
      vertex -6.456944208828328 14.502534140076289 52.775
      vertex -6.456944208828328 14.502534140076289 75
    endloop
  endfacet
  facet normal 0.35836794954529994 -0.933580426497202 4.882501923045483e-19
    outer loop
      vertex -6.456944208828328 14.502534140076289 52.775
      vertex -4.90564478570229 15.098022196185562 52.775
      vertex -4.90564478570229 15.098022196185562 75
    endloop
  endfacet
  facet normal 0.2588190451025217 -0.965925826289068 1.6500060464679406e-19
    outer loop
      vertex -4.90564478570229 15.098022196185562 52.775
      vertex -3.3005980917319295 15.528093161649165 52.775
      vertex -3.3005980917319295 15.528093161649165 75
    endloop
  endfacet
  facet normal 0.15643446504022948 -0.987688340595138 -5.798863076501988e-19
    outer loop
      vertex -3.3005980917319295 15.528093161649165 52.775
      vertex -1.6593893543739988 15.788035088971338 52.775
      vertex -1.6593893543739988 15.788035088971338 75
    endloop
  endfacet
  facet normal 0.35836794954529994 -0.933580426497202 0
    outer loop
      vertex -6.456944208828328 14.502534140076289 52.775
      vertex -4.90564478570229 15.098022196185562 75
      vertex -6.456944208828328 14.502534140076289 75
    endloop
  endfacet
  facet normal 0.2588190451025217 -0.965925826289068 0
    outer loop
      vertex -4.90564478570229 15.098022196185562 52.775
      vertex -3.3005980917319295 15.528093161649165 75
      vertex -4.90564478570229 15.098022196185562 75
    endloop
  endfacet
  facet normal 0.15643446504022948 -0.987688340595138 0
    outer loop
      vertex -3.3005980917319295 15.528093161649165 52.775
      vertex -1.6593893543739988 15.788035088971338 75
      vertex -3.3005980917319295 15.528093161649165 75
    endloop
  endfacet
  facet normal 0.05233595624294476 -0.9986295347545737 3.3150541462086435e-19
    outer loop
      vertex -1.6593893543739988 15.788035088971338 52.775
      vertex 0 15.875 52.775
      vertex 0 15.875 75
    endloop
  endfacet
  facet normal -0.05233595624294476 -0.9986295347545737 -3.3150541462086435e-19
    outer loop
      vertex 0 15.875 52.775
      vertex 1.6593893543739988 15.788035088971338 52.775
      vertex 1.6593893543739988 15.788035088971338 75
    endloop
  endfacet
  facet normal -0.15643446504022948 -0.987688340595138 5.798863076501988e-19
    outer loop
      vertex 1.6593893543739988 15.788035088971338 52.775
      vertex 3.3005980917319295 15.528093161649165 52.775
      vertex 3.3005980917319295 15.528093161649165 75
    endloop
  endfacet
  facet normal 0.05233595624294476 -0.9986295347545737 0
    outer loop
      vertex -1.6593893543739988 15.788035088971338 52.775
      vertex 0 15.875 75
      vertex -1.6593893543739988 15.788035088971338 75
    endloop
  endfacet
  facet normal -0.05233595624294476 -0.9986295347545737 0
    outer loop
      vertex 0 15.875 52.775
      vertex 1.6593893543739988 15.788035088971338 75
      vertex 0 15.875 75
    endloop
  endfacet
  facet normal -0.15643446504022948 -0.987688340595138 0
    outer loop
      vertex 1.6593893543739988 15.788035088971338 52.775
      vertex 3.3005980917319295 15.528093161649165 75
      vertex 1.6593893543739988 15.788035088971338 75
    endloop
  endfacet
  facet normal -0.2588190451025217 -0.965925826289068 0
    outer loop
      vertex 3.3005980917319295 15.528093161649165 52.775
      vertex 4.90564478570229 15.098022196185562 75
      vertex 3.3005980917319295 15.528093161649165 75
    endloop
  endfacet
  facet normal -0.35836794954529994 0.933580426497202 0
    outer loop
      vertex 4.90564478570229 -15.098022196185562 52.775
      vertex 4.90564478570229 -15.098022196185562 75
      vertex 6.456944208828328 -14.502534140076289 52.775
    endloop
  endfacet
  facet normal -0.4539904997395467 0.8910065241883679 0
    outer loop
      vertex 6.456944208828328 -14.502534140076289 52.775
      vertex 6.456944208828328 -14.502534140076289 75
      vertex 7.9375 -13.748153285077963 52.775
    endloop
  endfacet
  facet normal -0.2588190451025217 0.965925826289068 0
    outer loop
      vertex 4.90564478570229 -15.098022196185562 52.775
      vertex 3.3005980917319295 -15.528093161649165 75
      vertex 4.90564478570229 -15.098022196185562 75
    endloop
  endfacet
  facet normal -0.35836794954529994 0.933580426497202 0
    outer loop
      vertex 6.456944208828328 -14.502534140076289 52.775
      vertex 4.90564478570229 -15.098022196185562 75
      vertex 6.456944208828328 -14.502534140076289 75
    endloop
  endfacet
  facet normal -0.5446390350150268 0.8386705679454244 0
    outer loop
      vertex 7.9375 -13.748153285077963 52.775
      vertex 7.9375 -13.748153285077963 75
      vertex 9.33109088014301 -12.843144785702291 52.775
    endloop
  endfacet
  facet normal -0.4539904997395467 0.8910065241883679 0
    outer loop
      vertex 7.9375 -13.748153285077963 52.775
      vertex 6.456944208828328 -14.502534140076289 75
      vertex 7.9375 -13.748153285077963 75
    endloop
  endfacet
  facet normal -0.5446390350150268 0.8386705679454244 0
    outer loop
      vertex 9.33109088014301 -12.843144785702291 52.775
      vertex 7.9375 -13.748153285077963 75
      vertex 9.33109088014301 -12.843144785702291 75
    endloop
  endfacet
  facet normal -0.6293203910498381 0.7771459614569703 0
    outer loop
      vertex 9.33109088014301 -12.843144785702291 52.775
      vertex 9.33109088014301 -12.843144785702291 75
      vertex 10.622448375946874 -11.797424104453633 52.775
    endloop
  endfacet
  facet normal -0.7071067811865476 0.7071067811865476 0
    outer loop
      vertex 10.622448375946874 -11.797424104453633 52.775
      vertex 10.622448375946874 -11.797424104453633 75
      vertex 11.797424104453633 -10.622448375946874 52.775
    endloop
  endfacet
  facet normal -0.7771459614569703 0.6293203910498381 0
    outer loop
      vertex 11.797424104453633 -10.622448375946874 52.775
      vertex 11.797424104453633 -10.622448375946874 75
      vertex 12.843144785702291 -9.33109088014301 52.775
    endloop
  endfacet
  facet normal -0.6293203910498381 0.7771459614569703 0
    outer loop
      vertex 10.622448375946874 -11.797424104453633 52.775
      vertex 9.33109088014301 -12.843144785702291 75
      vertex 10.622448375946874 -11.797424104453633 75
    endloop
  endfacet
  facet normal -0.7071067811865476 0.7071067811865476 0
    outer loop
      vertex 11.797424104453633 -10.622448375946874 52.775
      vertex 10.622448375946874 -11.797424104453633 75
      vertex 11.797424104453633 -10.622448375946874 75
    endloop
  endfacet
  facet normal -0.7771459614569703 0.6293203910498381 0
    outer loop
      vertex 12.843144785702291 -9.33109088014301 52.775
      vertex 11.797424104453633 -10.622448375946874 75
      vertex 12.843144785702291 -9.33109088014301 75
    endloop
  endfacet
  facet normal -0.8386705679454244 0.5446390350150268 0
    outer loop
      vertex 12.843144785702291 -9.33109088014301 52.775
      vertex 12.843144785702291 -9.33109088014301 75
      vertex 13.748153285077963 -7.9375 52.775
    endloop
  endfacet
  facet normal -0.8910065241883679 0.4539904997395467 0
    outer loop
      vertex 13.748153285077963 -7.9375 52.775
      vertex 13.748153285077963 -7.9375 75
      vertex 14.502534140076289 -6.456944208828328 52.775
    endloop
  endfacet
  facet normal -0.933580426497202 0.35836794954529994 0
    outer loop
      vertex 14.502534140076289 -6.456944208828328 52.775
      vertex 14.502534140076289 -6.456944208828328 75
      vertex 15.098022196185562 -4.90564478570229 52.775
    endloop
  endfacet
  facet normal -0.8386705679454244 0.5446390350150268 0
    outer loop
      vertex 13.748153285077963 -7.9375 52.775
      vertex 12.843144785702291 -9.33109088014301 75
      vertex 13.748153285077963 -7.9375 75
    endloop
  endfacet
  facet normal -0.8910065241883679 0.4539904997395467 0
    outer loop
      vertex 14.502534140076289 -6.456944208828328 52.775
      vertex 13.748153285077963 -7.9375 75
      vertex 14.502534140076289 -6.456944208828328 75
    endloop
  endfacet
  facet normal -0.933580426497202 0.35836794954529994 0
    outer loop
      vertex 15.098022196185562 -4.90564478570229 52.775
      vertex 14.502534140076289 -6.456944208828328 75
      vertex 15.098022196185562 -4.90564478570229 75
    endloop
  endfacet
  facet normal -0.965925826289068 0.2588190451025217 0
    outer loop
      vertex 15.098022196185562 -4.90564478570229 52.775
      vertex 15.098022196185562 -4.90564478570229 75
      vertex 15.528093161649165 -3.3005980917319295 52.775
    endloop
  endfacet
  facet normal -0.987688340595138 0.15643446504022948 0
    outer loop
      vertex 15.528093161649165 -3.3005980917319295 52.775
      vertex 15.528093161649165 -3.3005980917319295 75
      vertex 15.788035088971338 -1.6593893543739988 52.775
    endloop
  endfacet
  facet normal -0.9986295347545738 0.05233595624294504 2.1965609539847063e-20
    outer loop
      vertex 15.788035088971338 -1.6593893543739988 52.775
      vertex 15.854036888286783 -0.4 75
      vertex 15.854036888286783 -0.4 52.775
    endloop
  endfacet
  facet normal -0.965925826289068 0.2588190451025217 0
    outer loop
      vertex 15.528093161649165 -3.3005980917319295 52.775
      vertex 15.098022196185562 -4.90564478570229 75
      vertex 15.528093161649165 -3.3005980917319295 75
    endloop
  endfacet
  facet normal -0.987688340595138 0.15643446504022948 0
    outer loop
      vertex 15.788035088971338 -1.6593893543739988 52.775
      vertex 15.528093161649165 -3.3005980917319295 75
      vertex 15.788035088971338 -1.6593893543739988 75
    endloop
  endfacet
  facet normal -0.9986295347545738 0.05233595624294504 0
    outer loop
      vertex 15.788035088971338 -1.6593893543739988 52.775
      vertex 15.788035088971338 -1.6593893543739988 75
      vertex 15.854036888286783 -0.4 75
    endloop
  endfacet
  facet normal -0.965925826289068 -0.2588190451025217 0
    outer loop
      vertex 15.098022196185562 4.90564478570229 52.775
      vertex 15.528093161649165 3.3005980917319295 75
      vertex 15.098022196185562 4.90564478570229 75
    endloop
  endfacet
  facet normal -0.933580426497202 -0.35836794954529994 0
    outer loop
      vertex 15.098022196185562 4.90564478570229 52.775
      vertex 15.098022196185562 4.90564478570229 75
      vertex 14.502534140076289 6.456944208828328 52.775
    endloop
  endfacet
  facet normal -0.8910065241883679 -0.4539904997395467 0
    outer loop
      vertex 14.502534140076289 6.456944208828328 52.775
      vertex 14.502534140076289 6.456944208828328 75
      vertex 13.748153285077963 7.9375 52.775
    endloop
  endfacet
  facet normal -0.8386705679454244 -0.5446390350150268 2.0228126069542675e-18
    outer loop
      vertex 12.843144785702291 9.33109088014301 52.775
      vertex 13.748153285077963 7.9375 52.775
      vertex 13.748153285077963 7.9375 75
    endloop
  endfacet
  facet normal -0.933580426497202 -0.35836794954529994 0
    outer loop
      vertex 14.502534140076289 6.456944208828328 52.775
      vertex 15.098022196185562 4.90564478570229 75
      vertex 14.502534140076289 6.456944208828328 75
    endloop
  endfacet
  facet normal -0.8386705679454244 -0.5446390350150268 0
    outer loop
      vertex 12.843144785702291 9.33109088014301 52.775
      vertex 13.748153285077963 7.9375 75
      vertex 12.843144785702291 9.33109088014301 75
    endloop
  endfacet
  facet normal -0.8910065241883679 -0.4539904997395467 0
    outer loop
      vertex 13.748153285077963 7.9375 52.775
      vertex 14.502534140076289 6.456944208828328 75
      vertex 13.748153285077963 7.9375 75
    endloop
  endfacet
  facet normal -0.4539904997395467 -0.8910065241883679 0
    outer loop
      vertex 7.9375 13.748153285077963 52.775
      vertex 7.9375 13.748153285077963 75
      vertex 6.456944208828328 14.502534140076289 52.775
    endloop
  endfacet
  facet normal -0.5446390350150268 -0.8386705679454244 2.0228126069542675e-18
    outer loop
      vertex 7.9375 13.748153285077963 52.775
      vertex 9.33109088014301 12.843144785702291 52.775
      vertex 9.33109088014301 12.843144785702291 75
    endloop
  endfacet
  facet normal -0.5446390350150268 -0.8386705679454244 0
    outer loop
      vertex 7.9375 13.748153285077963 52.775
      vertex 9.33109088014301 12.843144785702291 75
      vertex 7.9375 13.748153285077963 75
    endloop
  endfacet
  facet normal -0.2588190451025217 -0.965925826289068 -1.6500060464679406e-19
    outer loop
      vertex 3.3005980917319295 15.528093161649165 52.775
      vertex 4.90564478570229 15.098022196185562 52.775
      vertex 4.90564478570229 15.098022196185562 75
    endloop
  endfacet
  facet normal -0.35836794954529994 -0.933580426497202 -4.882501923045483e-19
    outer loop
      vertex 4.90564478570229 15.098022196185562 52.775
      vertex 6.456944208828328 14.502534140076289 52.775
      vertex 6.456944208828328 14.502534140076289 75
    endloop
  endfacet
  facet normal -0.35836794954529994 -0.933580426497202 0
    outer loop
      vertex 4.90564478570229 15.098022196185562 52.775
      vertex 6.456944208828328 14.502534140076289 75
      vertex 4.90564478570229 15.098022196185562 75
    endloop
  endfacet
  facet normal -0.4539904997395467 -0.8910065241883679 0
    outer loop
      vertex 6.456944208828328 14.502534140076289 52.775
      vertex 7.9375 13.748153285077963 75
      vertex 6.456944208828328 14.502534140076289 75
    endloop
  endfacet
  facet normal -0.7771459614569703 -0.6293203910498381 0
    outer loop
      vertex 12.843144785702291 9.33109088014301 52.775
      vertex 12.843144785702291 9.33109088014301 75
      vertex 11.797424104453633 10.622448375946874 52.775
    endloop
  endfacet
  facet normal -0.7071067811865476 -0.7071067811865476 -2.0958016236785034e-18
    outer loop
      vertex 10.622448375946874 11.797424104453633 52.775
      vertex 11.797424104453633 10.622448375946874 52.775
      vertex 11.797424104453633 10.622448375946874 75
    endloop
  endfacet
  facet normal -0.6293203910498381 -0.7771459614569703 0
    outer loop
      vertex 10.622448375946874 11.797424104453633 52.775
      vertex 10.622448375946874 11.797424104453633 75
      vertex 9.33109088014301 12.843144785702291 52.775
    endloop
  endfacet
  facet normal -0.7071067811865476 -0.7071067811865476 0
    outer loop
      vertex 10.622448375946874 11.797424104453633 52.775
      vertex 11.797424104453633 10.622448375946874 75
      vertex 10.622448375946874 11.797424104453633 75
    endloop
  endfacet
  facet normal -0.7771459614569703 -0.6293203910498381 0
    outer loop
      vertex 11.797424104453633 10.622448375946874 52.775
      vertex 12.843144785702291 9.33109088014301 75
      vertex 11.797424104453633 10.622448375946874 75
    endloop
  endfacet
  facet normal -0.6293203910498381 -0.7771459614569703 0
    outer loop
      vertex 9.33109088014301 12.843144785702291 52.775
      vertex 10.622448375946874 11.797424104453633 75
      vertex 9.33109088014301 12.843144785702291 75
    endloop
  endfacet
  facet normal -0.9986295347545738 -0.05233595624294504 0
    outer loop
      vertex 15.854036888286783 0.4 52.775
      vertex 15.854036888286783 0.4 75
      vertex 15.788035088971338 1.6593893543739988 52.775
    endloop
  endfacet
  facet normal -0.987688340595138 -0.15643446504022948 0
    outer loop
      vertex 15.788035088971338 1.6593893543739988 52.775
      vertex 15.788035088971338 1.6593893543739988 75
      vertex 15.528093161649165 3.3005980917319295 52.775
    endloop
  endfacet
  facet normal -0.965925826289068 -0.2588190451025217 0
    outer loop
      vertex 15.528093161649165 3.3005980917319295 52.775
      vertex 15.528093161649165 3.3005980917319295 75
      vertex 15.098022196185562 4.90564478570229 52.775
    endloop
  endfacet
  facet normal -0.9986295347545738 -0.05233595624294504 0
    outer loop
      vertex 15.788035088971338 1.6593893543739988 52.775
      vertex 15.854036888286783 0.4 75
      vertex 15.788035088971338 1.6593893543739988 75
    endloop
  endfacet
  facet normal -0.987688340595138 -0.15643446504022948 0
    outer loop
      vertex 15.528093161649165 3.3005980917319295 52.775
      vertex 15.788035088971338 1.6593893543739988 75
      vertex 15.528093161649165 3.3005980917319295 75
    endloop
  endfacet
  facet normal 0.5003427336166771 0.5003427336166771 0.7066217501846244
    outer loop
      vertex -11.797424104453633 -10.622448375946874 52.775
      vertex -10.622448375946874 -11.797424104453633 52.775
      vertex -9.437939283562907 -8.497958700757499 49.6
    endloop
  endfacet
  facet normal 0.3853819406971229 0.5934361481663695 0.7066217501846246
    outer loop
      vertex -7.9375 -13.748153285077963 52.775
      vertex -7.464872704114408 -10.274515828561832 49.6
      vertex -9.33109088014301 -12.843144785702291 52.775
    endloop
  endfacet
  facet normal 0.5003427336166771 0.5003427336166771 0.7066217501846244
    outer loop
      vertex -10.622448375946874 -11.797424104453633 52.775
      vertex -8.497958700757499 -9.437939283562907 49.6
      vertex -9.437939283562907 -8.497958700757499 49.6
    endloop
  endfacet
  facet normal 0.4453017467181125 0.549901860822289 0.7066217501846245
    outer loop
      vertex -9.33109088014301 -12.843144785702291 52.775
      vertex -7.464872704114408 -10.274515828561832 49.6
      vertex -8.497958700757499 -9.437939283562907 49.6
    endloop
  endfacet
  facet normal 0.4453017467181131 0.5499018608222886 0.7066217501846244
    outer loop
      vertex -9.33109088014301 -12.843144785702291 52.775
      vertex -8.497958700757499 -9.437939283562907 49.6
      vertex -10.622448375946874 -11.797424104453633 52.775
    endloop
  endfacet
  facet normal 0.6304686248866416 0.32123980948750036 0.7066217501846244
    outer loop
      vertex -14.502534140076289 -6.456944208828328 52.775
      vertex -13.748153285077963 -7.9375 52.775
      vertex -11.60202731206103 -5.165555367062662 49.6
    endloop
  endfacet
  facet normal 0.6605935554186139 0.2535781077013804 0.7066217501846245
    outer loop
      vertex -14.502534140076289 -6.456944208828328 52.775
      vertex -12.078417756948449 -3.9245158285618316 49.6
      vertex -15.098022196185562 -4.90564478570229 52.775
    endloop
  endfacet
  facet normal 0.683480884719331 0.1831381511026545 0.7066217501846245
    outer loop
      vertex -15.098022196185562 -4.90564478570229 52.775
      vertex -12.078417756948449 -3.9245158285618316 49.6
      vertex -12.42247452931933 -2.6404784733855435 49.6
    endloop
  endfacet
  facet normal 0.6988798544194932 0.11069169459632446 0.7066217501846245
    outer loop
      vertex -15.528093161649165 -3.3005980917319295 52.775
      vertex -12.42247452931933 -2.6404784733855435 49.6
      vertex -12.63042807117707 -1.327511483499199 49.6
    endloop
  endfacet
  facet normal 0.683480884719331 0.18313815110265472 0.7066217501846245
    outer loop
      vertex -15.098022196185562 -4.90564478570229 52.775
      vertex -12.42247452931933 -2.6404784733855435 49.6
      vertex -15.528093161649165 -3.3005980917319295 52.775
    endloop
  endfacet
  facet normal 0.7066217501846236 0.03703247672027251 0.7066217501846244
    outer loop
      vertex -12.63042807117707 -1.327511483499199 49.6
      vertex -12.7 0 49.6
      vertex -15.875 0 52.775
    endloop
  endfacet
  facet normal 0.6988798544194935 0.11069169459632387 0.7066217501846245
    outer loop
      vertex -15.528093161649165 -3.3005980917319295 52.775
      vertex -12.63042807117707 -1.327511483499199 49.6
      vertex -15.788035088971338 -1.6593893543739988 52.775
    endloop
  endfacet
  facet normal 0.7066217501846237 0.0370324767202727 0.7066217501846245
    outer loop
      vertex -15.788035088971338 -1.6593893543739988 52.775
      vertex -12.63042807117707 -1.327511483499199 49.6
      vertex -15.875 0 52.775
    endloop
  endfacet
  facet normal 0.5499018608222891 0.4453017467181127 0.7066217501846245
    outer loop
      vertex -11.797424104453633 -10.622448375946874 52.775
      vertex -9.437939283562907 -8.497958700757499 49.6
      vertex -10.274515828561832 -7.464872704114408 49.6
    endloop
  endfacet
  facet normal 0.5934361481663694 0.3853819406971231 0.7066217501846245
    outer loop
      vertex -12.843144785702291 -9.33109088014301 52.775
      vertex -10.274515828561832 -7.464872704114408 49.6
      vertex -10.99852262806237 -6.35 49.6
    endloop
  endfacet
  facet normal 0.5499018608222885 0.445301746718113 0.7066217501846246
    outer loop
      vertex -11.797424104453633 -10.622448375946874 52.775
      vertex -10.274515828561832 -7.464872704114408 49.6
      vertex -12.843144785702291 -9.33109088014301 52.775
    endloop
  endfacet
  facet normal 0.5934361481663696 0.3853819406971229 0.7066217501846245
    outer loop
      vertex -12.843144785702291 -9.33109088014301 52.775
      vertex -10.99852262806237 -6.35 49.6
      vertex -13.748153285077963 -7.9375 52.775
    endloop
  endfacet
  facet normal 0.6304686248866412 0.3212398094875007 0.7066217501846246
    outer loop
      vertex -13.748153285077963 -7.9375 52.775
      vertex -10.99852262806237 -6.35 49.6
      vertex -11.60202731206103 -5.165555367062662 49.6
    endloop
  endfacet
  facet normal 0.6605935554186141 0.25357810770138 0.7066217501846244
    outer loop
      vertex -14.502534140076289 -6.456944208828328 52.775
      vertex -11.60202731206103 -5.165555367062662 49.6
      vertex -12.078417756948449 -3.9245158285618316 49.6
    endloop
  endfacet
  facet normal 0.18313815110265472 0.683480884719331 0.7066217501846245
    outer loop
      vertex -4.90564478570229 -15.098022196185562 52.775
      vertex -3.3005980917319295 -15.528093161649165 52.775
      vertex -3.9245158285618316 -12.078417756948449 49.6
    endloop
  endfacet
  facet normal 0.11069169459632384 0.6988798544194933 0.7066217501846246
    outer loop
      vertex -3.3005980917319295 -15.528093161649165 52.775
      vertex -1.6593893543739988 -15.788035088971338 52.775
      vertex -2.6404784733855435 -12.42247452931933 49.6
    endloop
  endfacet
  facet normal 0.3212398094875007 0.6304686248866413 0.7066217501846244
    outer loop
      vertex -6.456944208828328 -14.502534140076289 52.775
      vertex -5.165555367062662 -11.60202731206103 49.6
      vertex -6.35 -10.99852262806237 49.6
    endloop
  endfacet
  facet normal 0.25357810770138 0.6605935554186141 0.7066217501846245
    outer loop
      vertex -4.90564478570229 -15.098022196185562 52.775
      vertex -3.9245158285618316 -12.078417756948449 49.6
      vertex -5.165555367062662 -11.60202731206103 49.6
    endloop
  endfacet
  facet normal 0.32123980948750036 0.6304686248866416 0.7066217501846245
    outer loop
      vertex -7.9375 -13.748153285077963 52.775
      vertex -6.456944208828328 -14.502534140076289 52.775
      vertex -6.35 -10.99852262806237 49.6
    endloop
  endfacet
  facet normal 0.25357810770138045 0.660593555418614 0.7066217501846245
    outer loop
      vertex -6.456944208828328 -14.502534140076289 52.775
      vertex -4.90564478570229 -15.098022196185562 52.775
      vertex -5.165555367062662 -11.60202731206103 49.6
    endloop
  endfacet
  facet normal 0.3853819406971231 0.5934361481663694 0.7066217501846245
    outer loop
      vertex -7.9375 -13.748153285077963 52.775
      vertex -6.35 -10.99852262806237 49.6
      vertex -7.464872704114408 -10.274515828561832 49.6
    endloop
  endfacet
  facet normal 0.18313815110265455 0.6834808847193309 0.7066217501846246
    outer loop
      vertex -3.9245158285618316 -12.078417756948449 49.6
      vertex -3.3005980917319295 -15.528093161649165 52.775
      vertex -2.6404784733855435 -12.42247452931933 49.6
    endloop
  endfacet
  facet normal 0.1106916945963243 0.6988798544194934 0.7066217501846245
    outer loop
      vertex -1.6593893543739988 -15.788035088971338 52.775
      vertex -1.327511483499199 -12.63042807117707 49.6
      vertex -2.6404784733855435 -12.42247452931933 49.6
    endloop
  endfacet
  facet normal 0.0370324767202727 0.7066217501846237 0.7066217501846245
    outer loop
      vertex -1.6593893543739988 -15.788035088971338 52.775
      vertex 0 -15.875 52.775
      vertex -1.327511483499199 -12.63042807117707 49.6
    endloop
  endfacet
  facet normal -0.0370324767202727 0.7066217501846237 0.7066217501846245
    outer loop
      vertex 0 -15.875 52.775
      vertex 1.6593893543739988 -15.788035088971338 52.775
      vertex 1.327511483499199 -12.63042807117707 49.6
    endloop
  endfacet
  facet normal -0.11069169459632384 0.6988798544194933 0.7066217501846246
    outer loop
      vertex 1.6593893543739988 -15.788035088971338 52.775
      vertex 3.3005980917319295 -15.528093161649165 52.775
      vertex 2.6404784733855435 -12.42247452931933 49.6
    endloop
  endfacet
  facet normal 0.0370324767202726 0.7066217501846236 0.7066217501846244
    outer loop
      vertex 0 -15.875 52.775
      vertex 0 -12.7 49.6
      vertex -1.327511483499199 -12.63042807117707 49.6
    endloop
  endfacet
  facet normal -0.03703247672027265 0.7066217501846236 0.7066217501846244
    outer loop
      vertex 0 -15.875 52.775
      vertex 1.327511483499199 -12.63042807117707 49.6
      vertex 0 -12.7 49.6
    endloop
  endfacet
  facet normal -0.11069169459632439 0.6988798544194934 0.7066217501846245
    outer loop
      vertex 1.6593893543739988 -15.788035088971338 52.775
      vertex 2.6404784733855435 -12.42247452931933 49.6
      vertex 1.327511483499199 -12.63042807117707 49.6
    endloop
  endfacet
  facet normal -0.1831381511026545 0.6834808847193309 0.7066217501846246
    outer loop
      vertex 3.3005980917319295 -15.528093161649165 52.775
      vertex 3.9245158285618316 -12.078417756948449 49.6
      vertex 2.6404784733855435 -12.42247452931933 49.6
    endloop
  endfacet
  facet normal 0.7066217501846236 -0.03703247672027265 0.7066217501846244
    outer loop
      vertex -15.875 0 52.775
      vertex -12.7 0 49.6
      vertex -12.63042807117707 1.327511483499199 49.6
    endloop
  endfacet
  facet normal 0.7066217501846237 -0.0370324767202727 0.7066217501846245
    outer loop
      vertex -15.875 0 52.775
      vertex -12.63042807117707 1.327511483499199 49.6
      vertex -15.788035088971338 1.6593893543739988 52.775
    endloop
  endfacet
  facet normal 0.6988798544194935 -0.11069169459632387 0.7066217501846245
    outer loop
      vertex -15.788035088971338 1.6593893543739988 52.775
      vertex -12.63042807117707 1.327511483499199 49.6
      vertex -15.528093161649165 3.3005980917319295 52.775
    endloop
  endfacet
  facet normal 0.6988798544194932 -0.1106916945963244 0.7066217501846245
    outer loop
      vertex -12.63042807117707 1.327511483499199 49.6
      vertex -12.42247452931933 2.6404784733855435 49.6
      vertex -15.528093161649165 3.3005980917319295 52.775
    endloop
  endfacet
  facet normal 0.6834808847193309 -0.18313815110265455 0.7066217501846246
    outer loop
      vertex -12.42247452931933 2.6404784733855435 49.6
      vertex -12.078417756948449 3.9245158285618316 49.6
      vertex -15.098022196185562 4.90564478570229 52.775
    endloop
  endfacet
  facet normal 0.683480884719331 -0.18313815110265472 0.7066217501846245
    outer loop
      vertex -15.528093161649165 3.3005980917319295 52.775
      vertex -12.42247452931933 2.6404784733855435 49.6
      vertex -15.098022196185562 4.90564478570229 52.775
    endloop
  endfacet
  facet normal 0.6605935554186139 -0.2535781077013804 0.7066217501846245
    outer loop
      vertex -12.078417756948449 3.9245158285618316 49.6
      vertex -14.502534140076289 6.456944208828328 52.775
      vertex -15.098022196185562 4.90564478570229 52.775
    endloop
  endfacet
  facet normal 0.6304686248866416 -0.32123980948750036 0.7066217501846244
    outer loop
      vertex -14.502534140076289 6.456944208828328 52.775
      vertex -11.60202731206103 5.165555367062662 49.6
      vertex -13.748153285077963 7.9375 52.775
    endloop
  endfacet
  facet normal 0.6605935554186141 -0.25357810770138006 0.7066217501846244
    outer loop
      vertex -12.078417756948449 3.9245158285618316 49.6
      vertex -11.60202731206103 5.165555367062662 49.6
      vertex -14.502534140076289 6.456944208828328 52.775
    endloop
  endfacet
  facet normal 0.6304686248866411 -0.3212398094875007 0.7066217501846245
    outer loop
      vertex -11.60202731206103 5.165555367062662 49.6
      vertex -10.99852262806237 6.35 49.6
      vertex -13.748153285077963 7.9375 52.775
    endloop
  endfacet
  facet normal 0.5934361481663695 -0.38538194069712295 0.7066217501846245
    outer loop
      vertex -10.99852262806237 6.35 49.6
      vertex -10.274515828561832 7.464872704114408 49.6
      vertex -12.843144785702291 9.33109088014301 52.775
    endloop
  endfacet
  facet normal 0.5499018608222891 -0.44530174671811257 0.7066217501846243
    outer loop
      vertex -10.274515828561832 7.464872704114408 49.6
      vertex -9.437939283562907 8.497958700757499 49.6
      vertex -11.797424104453633 10.622448375946874 52.775
    endloop
  endfacet
  facet normal 0.5934361481663696 -0.3853819406971229 0.7066217501846245
    outer loop
      vertex -10.99852262806237 6.35 49.6
      vertex -12.843144785702291 9.33109088014301 52.775
      vertex -13.748153285077963 7.9375 52.775
    endloop
  endfacet
  facet normal 0.5499018608222885 -0.445301746718113 0.7066217501846246
    outer loop
      vertex -10.274515828561832 7.464872704114408 49.6
      vertex -11.797424104453633 10.622448375946874 52.775
      vertex -12.843144785702291 9.33109088014301 52.775
    endloop
  endfacet
  facet normal 0.5003427336166771 -0.5003427336166771 0.7066217501846244
    outer loop
      vertex -11.797424104453633 10.622448375946874 52.775
      vertex -9.437939283562907 8.497958700757499 49.6
      vertex -10.622448375946874 11.797424104453633 52.775
    endloop
  endfacet
  facet normal 0.5003427336166771 -0.5003427336166771 0.7066217501846244
    outer loop
      vertex -9.437939283562907 8.497958700757499 49.6
      vertex -8.497958700757499 9.437939283562907 49.6
      vertex -10.622448375946874 11.797424104453633 52.775
    endloop
  endfacet
  facet normal 0.4453017467181125 -0.549901860822289 0.7066217501846245
    outer loop
      vertex -8.497958700757499 9.437939283562907 49.6
      vertex -7.464872704114408 10.274515828561832 49.6
      vertex -9.33109088014301 12.843144785702291 52.775
    endloop
  endfacet
  facet normal 0.4453017467181131 -0.5499018608222886 0.7066217501846245
    outer loop
      vertex -8.497958700757499 9.437939283562907 49.6
      vertex -9.33109088014301 12.843144785702291 52.775
      vertex -10.622448375946874 11.797424104453633 52.775
    endloop
  endfacet
  facet normal 0.3853819406971229 -0.5934361481663696 0.7066217501846245
    outer loop
      vertex -9.33109088014301 12.843144785702291 52.775
      vertex -7.464872704114408 10.274515828561832 49.6
      vertex -7.9375 13.748153285077963 52.775
    endloop
  endfacet
  facet normal 0.38538194069712295 -0.5934361481663695 0.7066217501846245
    outer loop
      vertex -7.9375 13.748153285077963 52.775
      vertex -7.464872704114408 10.274515828561832 49.6
      vertex -6.35 10.99852262806237 49.6
    endloop
  endfacet
  facet normal 0.3212398094875008 -0.6304686248866413 0.7066217501846244
    outer loop
      vertex -6.35 10.99852262806237 49.6
      vertex -5.165555367062662 11.60202731206103 49.6
      vertex -6.456944208828328 14.502534140076289 52.775
    endloop
  endfacet
  facet normal 0.25357810770138006 -0.6605935554186141 0.7066217501846245
    outer loop
      vertex -5.165555367062662 11.60202731206103 49.6
      vertex -3.9245158285618316 12.078417756948449 49.6
      vertex -4.90564478570229 15.098022196185562 52.775
    endloop
  endfacet
  facet normal 0.32123980948750036 -0.6304686248866416 0.7066217501846245
    outer loop
      vertex -7.9375 13.748153285077963 52.775
      vertex -6.35 10.99852262806237 49.6
      vertex -6.456944208828328 14.502534140076289 52.775
    endloop
  endfacet
  facet normal 0.25357810770138045 -0.660593555418614 0.7066217501846245
    outer loop
      vertex -5.165555367062662 11.60202731206103 49.6
      vertex -4.90564478570229 15.098022196185562 52.775
      vertex -6.456944208828328 14.502534140076289 52.775
    endloop
  endfacet
  facet normal 0.18313815110265455 -0.6834808847193309 0.7066217501846246
    outer loop
      vertex -3.9245158285618316 12.078417756948449 49.6
      vertex -2.6404784733855435 12.42247452931933 49.6
      vertex -3.3005980917319295 15.528093161649165 52.775
    endloop
  endfacet
  facet normal 0.11069169459632443 -0.6988798544194934 0.7066217501846245
    outer loop
      vertex -2.6404784733855435 12.42247452931933 49.6
      vertex -1.327511483499199 12.63042807117707 49.6
      vertex -1.6593893543739988 15.788035088971338 52.775
    endloop
  endfacet
  facet normal 0.18313815110265477 -0.683480884719331 0.7066217501846245
    outer loop
      vertex -3.9245158285618316 12.078417756948449 49.6
      vertex -3.3005980917319295 15.528093161649165 52.775
      vertex -4.90564478570229 15.098022196185562 52.775
    endloop
  endfacet
  facet normal 0.1106916945963238 -0.6988798544194933 0.7066217501846246
    outer loop
      vertex -2.6404784733855435 12.42247452931933 49.6
      vertex -1.6593893543739988 15.788035088971338 52.775
      vertex -3.3005980917319295 15.528093161649165 52.775
    endloop
  endfacet
  facet normal 0.03703247672027251 -0.7066217501846236 0.7066217501846244
    outer loop
      vertex -1.327511483499199 12.63042807117707 49.6
      vertex 0 12.7 49.6
      vertex 0 15.875 52.775
    endloop
  endfacet
  facet normal -0.03703247672027251 -0.7066217501846236 0.7066217501846244
    outer loop
      vertex 0 12.7 49.6
      vertex 1.327511483499199 12.63042807117707 49.6
      vertex 0 15.875 52.775
    endloop
  endfacet
  facet normal -0.11069169459632443 -0.6988798544194934 0.7066217501846245
    outer loop
      vertex 1.327511483499199 12.63042807117707 49.6
      vertex 2.6404784733855435 12.42247452931933 49.6
      vertex 1.6593893543739988 15.788035088971338 52.775
    endloop
  endfacet
  facet normal -0.18313815110265455 -0.6834808847193309 0.7066217501846246
    outer loop
      vertex 2.6404784733855435 12.42247452931933 49.6
      vertex 3.9245158285618316 12.078417756948449 49.6
      vertex 3.3005980917319295 15.528093161649165 52.775
    endloop
  endfacet
  facet normal 0.03703247672027267 -0.7066217501846237 0.7066217501846245
    outer loop
      vertex -1.327511483499199 12.63042807117707 49.6
      vertex 0 15.875 52.775
      vertex -1.6593893543739988 15.788035088971338 52.775
    endloop
  endfacet
  facet normal -0.0370324767202727 -0.7066217501846237 0.7066217501846243
    outer loop
      vertex 0 15.875 52.775
      vertex 1.327511483499199 12.63042807117707 49.6
      vertex 1.6593893543739988 15.788035088971338 52.775
    endloop
  endfacet
  facet normal -0.11069169459632373 -0.6988798544194933 0.7066217501846246
    outer loop
      vertex 2.6404784733855435 12.42247452931933 49.6
      vertex 3.3005980917319295 15.528093161649165 52.775
      vertex 1.6593893543739988 15.788035088971338 52.775
    endloop
  endfacet
  facet normal -0.18313815110265472 0.683480884719331 0.7066217501846245
    outer loop
      vertex 3.3005980917319295 -15.528093161649165 52.775
      vertex 4.90564478570229 -15.098022196185562 52.775
      vertex 3.9245158285618316 -12.078417756948449 49.6
    endloop
  endfacet
  facet normal -0.2535781077013801 0.6605935554186141 0.7066217501846245
    outer loop
      vertex 4.90564478570229 -15.098022196185562 52.775
      vertex 5.165555367062662 -11.60202731206103 49.6
      vertex 3.9245158285618316 -12.078417756948449 49.6
    endloop
  endfacet
  facet normal -0.3212398094875008 0.6304686248866413 0.7066217501846245
    outer loop
      vertex 6.456944208828328 -14.502534140076289 52.775
      vertex 6.35 -10.99852262806237 49.6
      vertex 5.165555367062662 -11.60202731206103 49.6
    endloop
  endfacet
  facet normal -0.25357810770138045 0.660593555418614 0.7066217501846245
    outer loop
      vertex 4.90564478570229 -15.098022196185562 52.775
      vertex 6.456944208828328 -14.502534140076289 52.775
      vertex 5.165555367062662 -11.60202731206103 49.6
    endloop
  endfacet
  facet normal -0.32123980948750036 0.6304686248866416 0.7066217501846245
    outer loop
      vertex 6.456944208828328 -14.502534140076289 52.775
      vertex 7.9375 -13.748153285077963 52.775
      vertex 6.35 -10.99852262806237 49.6
    endloop
  endfacet
  facet normal -0.3853819406971229 0.5934361481663696 0.7066217501846245
    outer loop
      vertex 7.9375 -13.748153285077963 52.775
      vertex 9.33109088014301 -12.843144785702291 52.775
      vertex 7.464872704114408 -10.274515828561832 49.6
    endloop
  endfacet
  facet normal -0.38538194069712295 0.5934361481663695 0.7066217501846245
    outer loop
      vertex 7.9375 -13.748153285077963 52.775
      vertex 7.464872704114408 -10.274515828561832 49.6
      vertex 6.35 -10.99852262806237 49.6
    endloop
  endfacet
  facet normal -0.4453017467181125 0.549901860822289 0.7066217501846245
    outer loop
      vertex 7.464872704114408 -10.274515828561832 49.6
      vertex 9.33109088014301 -12.843144785702291 52.775
      vertex 8.497958700757499 -9.437939283562907 49.6
    endloop
  endfacet
  facet normal -0.5003427336166771 0.5003427336166771 0.7066217501846244
    outer loop
      vertex 8.497958700757499 -9.437939283562907 49.6
      vertex 10.622448375946874 -11.797424104453633 52.775
      vertex 9.437939283562907 -8.497958700757499 49.6
    endloop
  endfacet
  facet normal -0.4453017467181131 0.5499018608222886 0.7066217501846245
    outer loop
      vertex 8.497958700757499 -9.437939283562907 49.6
      vertex 9.33109088014301 -12.843144785702291 52.775
      vertex 10.622448375946874 -11.797424104453633 52.775
    endloop
  endfacet
  facet normal -0.5003427336166771 0.5003427336166771 0.7066217501846244
    outer loop
      vertex 10.622448375946874 -11.797424104453633 52.775
      vertex 11.797424104453633 -10.622448375946874 52.775
      vertex 9.437939283562907 -8.497958700757499 49.6
    endloop
  endfacet
  facet normal -0.5499018608222891 0.44530174671811257 0.7066217501846243
    outer loop
      vertex 11.797424104453633 -10.622448375946874 52.775
      vertex 10.274515828561832 -7.464872704114408 49.6
      vertex 9.437939283562907 -8.497958700757499 49.6
    endloop
  endfacet
  facet normal -0.5934361481663695 0.385381940697123 0.7066217501846246
    outer loop
      vertex 12.843144785702291 -9.33109088014301 52.775
      vertex 10.99852262806237 -6.35 49.6
      vertex 10.274515828561832 -7.464872704114408 49.6
    endloop
  endfacet
  facet normal -0.5499018608222885 0.445301746718113 0.7066217501846246
    outer loop
      vertex 11.797424104453633 -10.622448375946874 52.775
      vertex 12.843144785702291 -9.33109088014301 52.775
      vertex 10.274515828561832 -7.464872704114408 49.6
    endloop
  endfacet
  facet normal -0.6304686248866411 0.3212398094875007 0.7066217501846245
    outer loop
      vertex 10.99852262806237 -6.35 49.6
      vertex 13.748153285077963 -7.9375 52.775
      vertex 11.60202731206103 -5.165555367062662 49.6
    endloop
  endfacet
  facet normal -0.5934361481663696 0.3853819406971229 0.7066217501846245
    outer loop
      vertex 12.843144785702291 -9.33109088014301 52.775
      vertex 13.748153285077963 -7.9375 52.775
      vertex 10.99852262806237 -6.35 49.6
    endloop
  endfacet
  facet normal -0.6605935554186141 0.25357810770138006 0.7066217501846244
    outer loop
      vertex 11.60202731206103 -5.165555367062662 49.6
      vertex 14.502534140076289 -6.456944208828328 52.775
      vertex 12.078417756948449 -3.9245158285618316 49.6
    endloop
  endfacet
  facet normal -0.6304686248866416 0.3212398094875003 0.7066217501846245
    outer loop
      vertex 11.60202731206103 -5.165555367062662 49.6
      vertex 13.748153285077963 -7.9375 52.775
      vertex 14.502534140076289 -6.456944208828328 52.775
    endloop
  endfacet
  facet normal -0.6605935554186139 0.2535781077013804 0.7066217501846245
    outer loop
      vertex 14.502534140076289 -6.456944208828328 52.775
      vertex 15.098022196185562 -4.90564478570229 52.775
      vertex 12.078417756948449 -3.9245158285618316 49.6
    endloop
  endfacet
  facet normal -0.6834808847193309 0.1831381511026544 0.7066217501846246
    outer loop
      vertex 15.098022196185562 -4.90564478570229 52.775
      vertex 12.42247452931933 -2.6404784733855435 49.6
      vertex 12.078417756948449 -3.9245158285618316 49.6
    endloop
  endfacet
  facet normal -0.6988798544194932 0.1106916945963244 0.7066217501846245
    outer loop
      vertex 12.42247452931933 -2.6404784733855435 49.6
      vertex 15.528093161649165 -3.3005980917319295 52.775
      vertex 12.63042807117707 -1.327511483499199 49.6
    endloop
  endfacet
  facet normal -0.683480884719331 0.18313815110265472 0.7066217501846245
    outer loop
      vertex 15.098022196185562 -4.90564478570229 52.775
      vertex 15.528093161649165 -3.3005980917319295 52.775
      vertex 12.42247452931933 -2.6404784733855435 49.6
    endloop
  endfacet
  facet normal -0.7066217501846238 0.0370324767202727 0.7066217501846245
    outer loop
      vertex 12.63042807117707 -1.327511483499199 49.6
      vertex 15.854036888286783 -0.4 52.775
      vertex 12.679036888286783 -0.4 49.6
    endloop
  endfacet
  facet normal -0.6988798544194935 0.11069169459632394 0.7066217501846244
    outer loop
      vertex 12.63042807117707 -1.327511483499199 49.6
      vertex 15.528093161649165 -3.3005980917319295 52.775
      vertex 15.788035088971338 -1.6593893543739988 52.775
    endloop
  endfacet
  facet normal -0.7066217501846236 0.03703247672027285 0.7066217501846244
    outer loop
      vertex 12.63042807117707 -1.327511483499199 49.6
      vertex 15.788035088971338 -1.6593893543739988 52.775
      vertex 15.854036888286783 -0.4 52.775
    endloop
  endfacet
  facet normal -0.7066217501846238 -0.0370324767202727 0.7066217501846245
    outer loop
      vertex 12.679036888286783 0.4 49.6
      vertex 15.788035088971338 1.6593893543739988 52.775
      vertex 12.63042807117707 1.327511483499199 49.6
    endloop
  endfacet
  facet normal -0.7066217501846237 -0.037032476720272746 0.7066217501846245
    outer loop
      vertex 12.679036888286783 0.4 49.6
      vertex 15.854036888286783 0.4 52.775
      vertex 15.788035088971338 1.6593893543739988 52.775
    endloop
  endfacet
  facet normal -0.6988798544194935 -0.11069169459632391 0.7066217501846245
    outer loop
      vertex 12.63042807117707 1.327511483499199 49.6
      vertex 15.788035088971338 1.6593893543739988 52.775
      vertex 15.528093161649165 3.3005980917319295 52.775
    endloop
  endfacet
  facet normal -0.6988798544194932 -0.1106916945963244 0.7066217501846245
    outer loop
      vertex 12.63042807117707 1.327511483499199 49.6
      vertex 15.528093161649165 3.3005980917319295 52.775
      vertex 12.42247452931933 2.6404784733855435 49.6
    endloop
  endfacet
  facet normal -0.6834808847193309 -0.18313815110265455 0.7066217501846245
    outer loop
      vertex 12.42247452931933 2.6404784733855435 49.6
      vertex 15.098022196185562 4.90564478570229 52.775
      vertex 12.078417756948449 3.9245158285618316 49.6
    endloop
  endfacet
  facet normal -0.6834808847193309 -0.18313815110265477 0.7066217501846246
    outer loop
      vertex 12.42247452931933 2.6404784733855435 49.6
      vertex 15.528093161649165 3.3005980917319295 52.775
      vertex 15.098022196185562 4.90564478570229 52.775
    endloop
  endfacet
  facet normal -0.6304686248866411 -0.3212398094875007 0.7066217501846245
    outer loop
      vertex 11.60202731206103 5.165555367062662 49.6
      vertex 13.748153285077963 7.9375 52.775
      vertex 10.99852262806237 6.35 49.6
    endloop
  endfacet
  facet normal -0.5499018608222891 -0.44530174671811257 0.7066217501846243
    outer loop
      vertex 10.274515828561832 7.464872704114408 49.6
      vertex 11.797424104453633 10.622448375946874 52.775
      vertex 9.437939283562907 8.497958700757499 49.6
    endloop
  endfacet
  facet normal -0.5934361481663695 -0.38538194069712295 0.7066217501846245
    outer loop
      vertex 10.99852262806237 6.35 49.6
      vertex 12.843144785702291 9.33109088014301 52.775
      vertex 10.274515828561832 7.464872704114408 49.6
    endloop
  endfacet
  facet normal -0.5499018608222884 -0.4453017467181131 0.7066217501846246
    outer loop
      vertex 10.274515828561832 7.464872704114408 49.6
      vertex 12.843144785702291 9.33109088014301 52.775
      vertex 11.797424104453633 10.622448375946874 52.775
    endloop
  endfacet
  facet normal -0.6605935554186141 -0.25357810770138006 0.7066217501846244
    outer loop
      vertex 12.078417756948449 3.9245158285618316 49.6
      vertex 14.502534140076289 6.456944208828328 52.775
      vertex 11.60202731206103 5.165555367062662 49.6
    endloop
  endfacet
  facet normal -0.6605935554186139 -0.25357810770138034 0.7066217501846245
    outer loop
      vertex 12.078417756948449 3.9245158285618316 49.6
      vertex 15.098022196185562 4.90564478570229 52.775
      vertex 14.502534140076289 6.456944208828328 52.775
    endloop
  endfacet
  facet normal -0.6304686248866415 -0.3212398094875004 0.7066217501846245
    outer loop
      vertex 11.60202731206103 5.165555367062662 49.6
      vertex 14.502534140076289 6.456944208828328 52.775
      vertex 13.748153285077963 7.9375 52.775
    endloop
  endfacet
  facet normal -0.5934361481663696 -0.3853819406971229 0.7066217501846245
    outer loop
      vertex 10.99852262806237 6.35 49.6
      vertex 13.748153285077963 7.9375 52.775
      vertex 12.843144785702291 9.33109088014301 52.775
    endloop
  endfacet
  facet normal -0.25357810770138006 -0.6605935554186141 0.7066217501846245
    outer loop
      vertex 5.165555367062662 11.60202731206103 49.6
      vertex 4.90564478570229 15.098022196185562 52.775
      vertex 3.9245158285618316 12.078417756948449 49.6
    endloop
  endfacet
  facet normal -0.3212398094875008 -0.6304686248866413 0.7066217501846244
    outer loop
      vertex 5.165555367062662 11.60202731206103 49.6
      vertex 6.35 10.99852262806237 49.6
      vertex 6.456944208828328 14.502534140076289 52.775
    endloop
  endfacet
  facet normal -0.2535781077013804 -0.660593555418614 0.7066217501846245
    outer loop
      vertex 5.165555367062662 11.60202731206103 49.6
      vertex 6.456944208828328 14.502534140076289 52.775
      vertex 4.90564478570229 15.098022196185562 52.775
    endloop
  endfacet
  facet normal -0.38538194069712295 -0.5934361481663695 0.7066217501846245
    outer loop
      vertex 6.35 10.99852262806237 49.6
      vertex 7.464872704114408 10.274515828561832 49.6
      vertex 7.9375 13.748153285077963 52.775
    endloop
  endfacet
  facet normal -0.5003427336166771 -0.5003427336166771 0.7066217501846244
    outer loop
      vertex 8.497958700757499 9.437939283562907 49.6
      vertex 9.437939283562907 8.497958700757499 49.6
      vertex 10.622448375946874 11.797424104453633 52.775
    endloop
  endfacet
  facet normal -0.4453017467181125 -0.549901860822289 0.7066217501846245
    outer loop
      vertex 8.497958700757499 9.437939283562907 49.6
      vertex 9.33109088014301 12.843144785702291 52.775
      vertex 7.464872704114408 10.274515828561832 49.6
    endloop
  endfacet
  facet normal -0.4453017467181131 -0.5499018608222886 0.7066217501846244
    outer loop
      vertex 8.497958700757499 9.437939283562907 49.6
      vertex 10.622448375946874 11.797424104453633 52.775
      vertex 9.33109088014301 12.843144785702291 52.775
    endloop
  endfacet
  facet normal -0.385381940697123 -0.5934361481663695 0.7066217501846245
    outer loop
      vertex 7.464872704114408 10.274515828561832 49.6
      vertex 9.33109088014301 12.843144785702291 52.775
      vertex 7.9375 13.748153285077963 52.775
    endloop
  endfacet
  facet normal -0.3212398094875003 -0.6304686248866415 0.7066217501846245
    outer loop
      vertex 6.35 10.99852262806237 49.6
      vertex 7.9375 13.748153285077963 52.775
      vertex 6.456944208828328 14.502534140076289 52.775
    endloop
  endfacet
  facet normal -0.18313815110265463 -0.683480884719331 0.7066217501846245
    outer loop
      vertex 3.9245158285618316 12.078417756948449 49.6
      vertex 4.90564478570229 15.098022196185562 52.775
      vertex 3.3005980917319295 15.528093161649165 52.775
    endloop
  endfacet
  facet normal -0.5003427336166771 -0.5003427336166771 0.7066217501846244
    outer loop
      vertex 9.437939283562907 8.497958700757499 49.6
      vertex 11.797424104453633 10.622448375946874 52.775
      vertex 10.622448375946874 11.797424104453633 52.775
    endloop
  endfacet
  facet normal 0 0 -1
    outer loop
      vertex -13.929766908288002 -12.47204177081585 0
      vertex -12.078417756948449 -3.9245158285618316 0
      vertex -13.859775751829147 -12.549774825572968 0
    endloop
  endfacet
  facet normal 0 0 -1
    outer loop
      vertex -9.303336344659328 -16.218451373279095 0
      vertex -9.393922723829746 -16.16615130007267 0
      vertex -7.464872704114408 -10.274515828561832 0
    endloop
  endfacet
  facet normal 0 0 -1
    outer loop
      vertex -7.652638882398605 -17.05952373892069 0
      vertex -9.303336344659328 -16.218451373279095 0
      vertex -6.35 -10.99852262806237 0
    endloop
  endfacet
  facet normal 0 0 -1
    outer loop
      vertex -10.991584219038486 -15.12861779332161 0
      vertex -12.47204177081585 -13.929766908288002 0
      vertex -10.274515828561832 -7.464872704114408 0
    endloop
  endfacet
  facet normal 0 0 -1
    outer loop
      vertex -13.859775751829147 -12.549774825572968 0
      vertex -11.60202731206103 -5.165555367062662 0
      vertex -12.549774825572968 -13.859775751829147 0
    endloop
  endfacet
  facet normal 0 0 -1
    outer loop
      vertex -12.549774825572968 -13.859775751829147 0
      vertex -10.99852262806237 -6.35 0
      vertex -12.47204177081585 -13.929766908288002 0
    endloop
  endfacet
  facet normal 0 0 -1
    outer loop
      vertex -10.991584219038486 -15.12861779332161 0
      vertex -10.274515828561832 -7.464872704114408 0
      vertex -9.437939283562907 -8.497958700757499 0
    endloop
  endfacet
  facet normal 0 0 -1
    outer loop
      vertex -10.991584219038486 -15.12861779332161 0
      vertex -8.497958700757499 -9.437939283562907 0
      vertex -9.393922723829746 -16.16615130007267 0
    endloop
  endfacet
  facet normal 0 0 -1
    outer loop
      vertex -9.393922723829746 -16.16615130007267 0
      vertex -8.497958700757499 -9.437939283562907 0
      vertex -7.464872704114408 -10.274515828561832 0
    endloop
  endfacet
  facet normal 0 0 -1
    outer loop
      vertex -9.303336344659328 -16.218451373279095 0
      vertex -7.464872704114408 -10.274515828561832 0
      vertex -6.35 -10.99852262806237 0
    endloop
  endfacet
  facet normal 0 0 -1
    outer loop
      vertex -10.991584219038486 -15.12861779332161 0
      vertex -9.437939283562907 -8.497958700757499 0
      vertex -8.497958700757499 -9.437939283562907 0
    endloop
  endfacet
  facet normal -0.7071067811865475 -0.7071067811865475 0
    outer loop
      vertex -13.859775751829147 -12.549774825572968 0
      vertex -12.549774825572968 -13.859775751829147 0
      vertex -13.859775751829147 -12.549774825572968 75
    endloop
  endfacet
  facet normal -0.743144827474422 -0.6691306041409342 0
    outer loop
      vertex -13.929766908288002 -12.47204177081585 0
      vertex -13.859775751829147 -12.549774825572968 0
      vertex -13.929766908288002 -12.47204177081585 75
    endloop
  endfacet
  facet normal -0.7771459616490201 -0.6293203908126767 0
    outer loop
      vertex -13.929766908288002 -12.47204177081585 0
      vertex -15.095659129321575 -11.032284781336784 75
      vertex -15.095659129321575 -11.032284781336784 0
    endloop
  endfacet
  facet normal -0.8090169968558929 -0.5877852488777445 0
    outer loop
      vertex -15.157141543924809 -10.947661496698856 0
      vertex -15.095659129321575 -11.032284781336784 0
      vertex -15.157141543924809 -10.947661496698856 75
    endloop
  endfacet
  facet normal -0.8386705681423526 -0.5446390347117838 0
    outer loop
      vertex -16.16615130007267 -9.393922723829746 0
      vertex -15.157141543924809 -10.947661496698856 0
      vertex -16.16615130007267 -9.393922723829746 75
    endloop
  endfacet
  facet normal -0.6293203903464335 -0.7771459620265762 -7.770618747792143e-19
    outer loop
      vertex -10.991584219038486 -15.12861779332161 0
      vertex -12.47204177081585 -13.929766908288002 75
      vertex -12.47204177081585 -13.929766908288002 0
    endloop
  endfacet
  facet normal -0.5446390351639041 -0.838670567848742 0
    outer loop
      vertex -10.991584219038486 -15.12861779332161 0
      vertex -9.393922723829746 -16.16615130007267 0
      vertex -10.991584219038486 -15.12861779332161 75
    endloop
  endfacet
  facet normal -0.4539904993983928 -0.8910065243621944 -7.990286781228073e-19
    outer loop
      vertex -7.652638882398605 -17.05952373892069 0
      vertex -9.303336344659328 -16.218451373279095 75
      vertex -9.303336344659328 -16.218451373279095 0
    endloop
  endfacet
  facet normal -0.406736629110164 -0.9135454638605027 0
    outer loop
      vertex -7.557081900537014 -17.102068446576595 0
      vertex -7.652638882398605 -17.05952373892069 75
      vertex -7.652638882398605 -17.05952373892069 0
    endloop
  endfacet
  facet normal -0.5000000201300191 -0.8660253921623664 0
    outer loop
      vertex -9.303336344659328 -16.218451373279095 0
      vertex -9.393922723829746 -16.16615130007267 75
      vertex -9.393922723829746 -16.16615130007267 0
    endloop
  endfacet
  facet normal -0.6691306041409342 -0.743144827474422 0
    outer loop
      vertex -12.549774825572968 -13.859775751829147 0
      vertex -12.47204177081585 -13.929766908288002 0
      vertex -12.549774825572968 -13.859775751829147 75
    endloop
  endfacet
  facet normal 0 0 -1
    outer loop
      vertex -13.929766908288002 -12.47204177081585 0
      vertex -15.095659129321575 -11.032284781336784 0
      vertex -12.078417756948449 -3.9245158285618316 0
    endloop
  endfacet
  facet normal 0 0 -1
    outer loop
      vertex -15.157141543924809 -10.947661496698856 0
      vertex -12.7 0 0
      vertex -15.095659129321575 -11.032284781336784 0
    endloop
  endfacet
  facet normal 0 0 -1
    outer loop
      vertex -16.16615130007267 -9.393922723829746 0
      vertex -12.7 0 0
      vertex -15.157141543924809 -10.947661496698856 0
    endloop
  endfacet
  facet normal 0 0 -1
    outer loop
      vertex -15.095659129321575 -11.032284781336784 0
      vertex -12.42247452931933 -2.6404784733855435 0
      vertex -12.078417756948449 -3.9245158285618316 0
    endloop
  endfacet
  facet normal 0 0 -1
    outer loop
      vertex -15.095659129321575 -11.032284781336784 0
      vertex -12.63042807117707 -1.327511483499199 0
      vertex -12.42247452931933 -2.6404784733855435 0
    endloop
  endfacet
  facet normal 0 0 -1
    outer loop
      vertex -15.095659129321575 -11.032284781336784 0
      vertex -12.7 0 0
      vertex -12.63042807117707 -1.327511483499199 0
    endloop
  endfacet
  facet normal 0 0 -1
    outer loop
      vertex -16.16615130007267 -9.393922723829746 0
      vertex -12.63042807117707 1.327511483499199 0
      vertex -12.7 0 0
    endloop
  endfacet
  facet normal 0 0 -1
    outer loop
      vertex -16.16615130007267 -9.393922723829746 0
      vertex -12.42247452931933 2.6404784733855435 0
      vertex -12.63042807117707 1.327511483499199 0
    endloop
  endfacet
  facet normal 0 0 -1
    outer loop
      vertex -16.16615130007267 -9.393922723829746 0
      vertex -16.218451373279095 -9.303336344659328 0
      vertex -9.393922723829746 16.16615130007267 0
    endloop
  endfacet
  facet normal 0 0 -1
    outer loop
      vertex -16.218451373279095 -9.303336344659328 0
      vertex -17.05952373892069 -7.652638882398605 0
      vertex -9.393922723829746 16.16615130007267 0
    endloop
  endfacet
  facet normal 0 0 -1
    outer loop
      vertex -12.549774825572968 -13.859775751829147 0
      vertex -11.60202731206103 -5.165555367062662 0
      vertex -10.99852262806237 -6.35 0
    endloop
  endfacet
  facet normal 0 0 -1
    outer loop
      vertex -13.859775751829147 -12.549774825572968 0
      vertex -12.078417756948449 -3.9245158285618316 0
      vertex -11.60202731206103 -5.165555367062662 0
    endloop
  endfacet
  facet normal 0 0 -1
    outer loop
      vertex -12.47204177081585 -13.929766908288002 0
      vertex -10.99852262806237 -6.35 0
      vertex -10.274515828561832 -7.464872704114408 0
    endloop
  endfacet
  facet normal -0.8910065243621944 -0.4539904993983928 -7.990286781228073e-19
    outer loop
      vertex -16.218451373279095 -9.303336344659328 0
      vertex -17.05952373892069 -7.652638882398605 75
      vertex -17.05952373892069 -7.652638882398605 0
    endloop
  endfacet
  facet normal -0.8660253921623664 -0.5000000201300191 0
    outer loop
      vertex -16.16615130007267 -9.393922723829746 0
      vertex -16.218451373279095 -9.303336344659328 75
      vertex -16.218451373279095 -9.303336344659328 0
    endloop
  endfacet
  facet normal -0.9135454638605027 -0.406736629110164 0
    outer loop
      vertex -17.05952373892069 -7.652638882398605 0
      vertex -17.102068446576595 -7.557081900537014 75
      vertex -17.102068446576595 -7.557081900537014 0
    endloop
  endfacet
  facet normal -0.9335804268482816 -0.358367948630706 0
    outer loop
      vertex -17.102068446576595 -7.557081900537014 0
      vertex -17.76598846167326 -5.827511124312878 75
      vertex -17.76598846167326 -5.827511124312878 0
    endloop
  endfacet
  facet normal -0.9510565001510987 -0.3090170440612351 0
    outer loop
      vertex -17.76598846167326 -5.827511124312878 0
      vertex -17.798311688005924 -5.728030480444431 75
      vertex -17.798311688005924 -5.728030480444431 0
    endloop
  endfacet
  facet normal -0.9659258269237062 -0.25881904273401973 0
    outer loop
      vertex -17.798311688005924 -5.728030480444431 0
      vertex -18.29136013239622 -3.887948617339134 75
      vertex -18.29136013239622 -3.887948617339134 0
    endloop
  endfacet
  facet normal -0.9876883404600788 -0.15643446589295895 0
    outer loop
      vertex -18.29136013239622 -3.887948617339134 0
      vertex -18.5893666818738 -2.0064093247056007 75
      vertex -18.5893666818738 -2.0064093247056007 0
    endloop
  endfacet
  facet normal -0.9945218974970205 -0.10452844301397586 0
    outer loop
      vertex -18.5893666818738 -2.0064093247056007 0
      vertex -18.60030037164688 -1.9023821949958801 75
      vertex -18.60030037164688 -1.9023821949958801 0
    endloop
  endfacet
  facet normal -0.9986295347275623 -0.05233595675835429 0
    outer loop
      vertex -18.60030037164688 -1.9023821949958801 0
      vertex -18.697259068489075 -0.052300065755844116 75
      vertex -18.697259068489075 -0.052300065755844116 0
    endloop
  endfacet
  facet normal 0 0 -1
    outer loop
      vertex -7.557081900537014 -17.102068446576595 0
      vertex -7.652638882398605 -17.05952373892069 0
      vertex -5.165555367062662 -11.60202731206103 0
    endloop
  endfacet
  facet normal 0 0 -1
    outer loop
      vertex -7.557081900537014 -17.102068446576595 0
      vertex -3.9245158285618316 -12.078417756948449 0
      vertex -5.827511124312878 -17.76598846167326 0
    endloop
  endfacet
  facet normal 0 0 -1
    outer loop
      vertex -5.827511124312878 -17.76598846167326 0
      vertex -3.9245158285618316 -12.078417756948449 0
      vertex -5.728030480444431 -17.798311688005924 0
    endloop
  endfacet
  facet normal 0 0 -1
    outer loop
      vertex -3.938535936176777 -18.2778053060174 0
      vertex -1.327511483499199 -12.63042807117707 0
      vertex -3.8362215608358383 -18.299552895128727 0
    endloop
  endfacet
  facet normal 0 0 -1
    outer loop
      vertex -3.8362215608358383 -18.299552895128727 0
      vertex -1.327511483499199 -12.63042807117707 0
      vertex -2.0064093247056007 -18.5893666818738 0
    endloop
  endfacet
  facet normal 0 0 -1
    outer loop
      vertex -5.728030480444431 -17.798311688005924 0
      vertex -2.6404784733855435 -12.42247452931933 0
      vertex -3.938535936176777 -18.2778053060174 0
    endloop
  endfacet
  facet normal 0 0 -1
    outer loop
      vertex -5.728030480444431 -17.798311688005924 0
      vertex -3.9245158285618316 -12.078417756948449 0
      vertex -2.6404784733855435 -12.42247452931933 0
    endloop
  endfacet
  facet normal 0 0 -1
    outer loop
      vertex -3.938535936176777 -18.2778053060174 0
      vertex -2.6404784733855435 -12.42247452931933 0
      vertex -1.327511483499199 -12.63042807117707 0
    endloop
  endfacet
  facet normal 0 0 -1
    outer loop
      vertex -7.652638882398605 -17.05952373892069 0
      vertex -6.35 -10.99852262806237 0
      vertex -5.165555367062662 -11.60202731206103 0
    endloop
  endfacet
  facet normal 0 0 -1
    outer loop
      vertex -7.557081900537014 -17.102068446576595 0
      vertex -5.165555367062662 -11.60202731206103 0
      vertex -3.9245158285618316 -12.078417756948449 0
    endloop
  endfacet
  facet normal 0 0 -1
    outer loop
      vertex -2.0064093247056007 -18.5893666818738 0
      vertex 0 -12.7 0
      vertex -1.9023821949958801 -18.60030037164688 0
    endloop
  endfacet
  facet normal 0 0 -1
    outer loop
      vertex -1.9023821949958801 -18.60030037164688 0
      vertex 0 -12.7 0
      vertex -0.052300065755844116 -18.697259068489075 0
    endloop
  endfacet
  facet normal 0 0 -1
    outer loop
      vertex -0.052300065755844116 -18.697259068489075 0
      vertex 1.327511483499199 -12.63042807117707 0
      vertex 0.052300065755844116 -18.697259068489075 0
    endloop
  endfacet
  facet normal 0 0 -1
    outer loop
      vertex 0.052300065755844116 -18.697259068489075 0
      vertex 1.327511483499199 -12.63042807117707 0
      vertex 1.9023821949958801 -18.60030037164688 0
    endloop
  endfacet
  facet normal 0 0 -1
    outer loop
      vertex -2.0064093247056007 -18.5893666818738 0
      vertex -1.327511483499199 -12.63042807117707 0
      vertex 0 -12.7 0
    endloop
  endfacet
  facet normal 0 0 -1
    outer loop
      vertex -0.052300065755844116 -18.697259068489075 0
      vertex 0 -12.7 0
      vertex 1.327511483499199 -12.63042807117707 0
    endloop
  endfacet
  facet normal 0 0 -1
    outer loop
      vertex 1.9023821949958801 -18.60030037164688 0
      vertex 2.6404784733855435 -12.42247452931933 0
      vertex 2.0064093247056007 -18.5893666818738 0
    endloop
  endfacet
  facet normal 0 0 -1
    outer loop
      vertex 1.9023821949958801 -18.60030037164688 0
      vertex 1.327511483499199 -12.63042807117707 0
      vertex 2.6404784733855435 -12.42247452931933 0
    endloop
  endfacet
  facet normal 0 0 -1
    outer loop
      vertex 2.0064093247056007 -18.5893666818738 0
      vertex 3.9245158285618316 -12.078417756948449 0
      vertex 3.8362215608358383 -18.299552895128727 0
    endloop
  endfacet
  facet normal 0 0 -1
    outer loop
      vertex 2.0064093247056007 -18.5893666818738 0
      vertex 2.6404784733855435 -12.42247452931933 0
      vertex 3.9245158285618316 -12.078417756948449 0
    endloop
  endfacet
  facet normal -0.358367948630706 -0.9335804268482816 0
    outer loop
      vertex -7.557081900537014 -17.102068446576595 0
      vertex -5.827511124312878 -17.76598846167326 0
      vertex -7.557081900537014 -17.102068446576595 75
    endloop
  endfacet
  facet normal -0.3090170440612351 -0.9510565001510987 0
    outer loop
      vertex -5.827511124312878 -17.76598846167326 0
      vertex -5.728030480444431 -17.798311688005924 0
      vertex -5.827511124312878 -17.76598846167326 75
    endloop
  endfacet
  facet normal -0.25881904511010356 -0.9659258262870366 0
    outer loop
      vertex -5.728030480444431 -17.798311688005924 0
      vertex -3.938535936176777 -18.2778053060174 0
      vertex -5.728030480444431 -17.798311688005924 75
    endloop
  endfacet
  facet normal -0.2079116659329397 -0.978147606023237 0
    outer loop
      vertex -3.938535936176777 -18.2778053060174 0
      vertex -3.8362215608358383 -18.299552895128727 0
      vertex -3.938535936176777 -18.2778053060174 75
    endloop
  endfacet
  facet normal -0.15643446494892183 -0.9876883406095995 0
    outer loop
      vertex -3.8362215608358383 -18.299552895128727 0
      vertex -2.0064093247056007 -18.5893666818738 0
      vertex -3.8362215608358383 -18.299552895128727 75
    endloop
  endfacet
  facet normal -0.10452844301397586 -0.9945218974970205 0
    outer loop
      vertex -2.0064093247056007 -18.5893666818738 0
      vertex -1.9023821949958801 -18.60030037164688 0
      vertex -2.0064093247056007 -18.5893666818738 75
    endloop
  endfacet
  facet normal -0.05233595675835429 -0.9986295347275623 0
    outer loop
      vertex -1.9023821949958801 -18.60030037164688 0
      vertex -0.052300065755844116 -18.697259068489075 0
      vertex -1.9023821949958801 -18.60030037164688 75
    endloop
  endfacet
  facet normal 0 -1 0
    outer loop
      vertex -0.052300065755844116 -18.697259068489075 0
      vertex 0.052300065755844116 -18.697259068489075 0
      vertex -0.052300065755844116 -18.697259068489075 75
    endloop
  endfacet
  facet normal 0.05233595675835429 -0.9986295347275623 0
    outer loop
      vertex 0.052300065755844116 -18.697259068489075 0
      vertex 1.9023821949958801 -18.60030037164688 0
      vertex 0.052300065755844116 -18.697259068489075 75
    endloop
  endfacet
  facet normal 0.10452844301397586 -0.9945218974970205 0
    outer loop
      vertex 1.9023821949958801 -18.60030037164688 0
      vertex 2.0064093247056007 -18.5893666818738 0
      vertex 1.9023821949958801 -18.60030037164688 75
    endloop
  endfacet
  facet normal 0.15643446494892183 -0.9876883406095995 0
    outer loop
      vertex 2.0064093247056007 -18.5893666818738 0
      vertex 3.8362215608358383 -18.299552895128727 0
      vertex 2.0064093247056007 -18.5893666818738 75
    endloop
  endfacet
  facet normal 0.2079116659329397 -0.978147606023237 0
    outer loop
      vertex 3.8362215608358383 -18.299552895128727 0
      vertex 3.938535936176777 -18.2778053060174 0
      vertex 3.8362215608358383 -18.299552895128727 75
    endloop
  endfacet
  facet normal -0.8660253921623664 -0.5000000201300191 0
    outer loop
      vertex -16.16615130007267 -9.393922723829746 0
      vertex -16.16615130007267 -9.393922723829746 75
      vertex -16.218451373279095 -9.303336344659328 75
    endloop
  endfacet
  facet normal -0.743144827474422 -0.6691306041409342 0
    outer loop
      vertex -13.859775751829147 -12.549774825572968 0
      vertex -13.859775751829147 -12.549774825572968 75
      vertex -13.929766908288002 -12.47204177081585 75
    endloop
  endfacet
  facet normal -0.7771459616490201 -0.6293203908126767 0
    outer loop
      vertex -13.929766908288002 -12.47204177081585 0
      vertex -13.929766908288002 -12.47204177081585 75
      vertex -15.095659129321575 -11.032284781336784 75
    endloop
  endfacet
  facet normal -0.8090169968558929 -0.5877852488777445 0
    outer loop
      vertex -15.095659129321575 -11.032284781336784 0
      vertex -15.095659129321575 -11.032284781336784 75
      vertex -15.157141543924809 -10.947661496698856 75
    endloop
  endfacet
  facet normal -0.8386705681423526 -0.5446390347117838 0
    outer loop
      vertex -15.157141543924809 -10.947661496698856 0
      vertex -15.157141543924809 -10.947661496698856 75
      vertex -16.16615130007267 -9.393922723829746 75
    endloop
  endfacet
  facet normal -0.6293203903464335 -0.7771459620265762 0
    outer loop
      vertex -10.991584219038486 -15.12861779332161 0
      vertex -10.991584219038486 -15.12861779332161 75
      vertex -12.47204177081585 -13.929766908288002 75
    endloop
  endfacet
  facet normal -0.4539904993983928 -0.8910065243621944 0
    outer loop
      vertex -7.652638882398605 -17.05952373892069 0
      vertex -7.652638882398605 -17.05952373892069 75
      vertex -9.303336344659328 -16.218451373279095 75
    endloop
  endfacet
  facet normal -0.406736629110164 -0.9135454638605027 0
    outer loop
      vertex -7.557081900537014 -17.102068446576595 0
      vertex -7.557081900537014 -17.102068446576595 75
      vertex -7.652638882398605 -17.05952373892069 75
    endloop
  endfacet
  facet normal -0.5446390351639041 -0.838670567848742 0
    outer loop
      vertex -9.393922723829746 -16.16615130007267 0
      vertex -9.393922723829746 -16.16615130007267 75
      vertex -10.991584219038486 -15.12861779332161 75
    endloop
  endfacet
  facet normal -0.5000000201300191 -0.8660253921623664 0
    outer loop
      vertex -9.303336344659328 -16.218451373279095 0
      vertex -9.303336344659328 -16.218451373279095 75
      vertex -9.393922723829746 -16.16615130007267 75
    endloop
  endfacet
  facet normal -0.6691306041409342 -0.743144827474422 0
    outer loop
      vertex -12.47204177081585 -13.929766908288002 0
      vertex -12.47204177081585 -13.929766908288002 75
      vertex -12.549774825572968 -13.859775751829147 75
    endloop
  endfacet
  facet normal -0.7071067811865475 -0.7071067811865475 0
    outer loop
      vertex -12.549774825572968 -13.859775751829147 0
      vertex -12.549774825572968 -13.859775751829147 75
      vertex -13.859775751829147 -12.549774825572968 75
    endloop
  endfacet
  facet normal 0 0 1
    outer loop
      vertex -13.859775751829147 -12.549774825572968 75
      vertex -12.549774825572968 -13.859775751829147 75
      vertex -12.843144785702291 -9.33109088014301 75
    endloop
  endfacet
  facet normal 0 0 1
    outer loop
      vertex -15.157141543924809 -10.947661496698856 75
      vertex -15.095659129321575 -11.032284781336784 75
      vertex -14.502534140076289 -6.456944208828328 75
    endloop
  endfacet
  facet normal 0 0 1
    outer loop
      vertex -13.929766908288002 -12.47204177081585 75
      vertex -13.859775751829147 -12.549774825572968 75
      vertex -13.748153285077963 -7.9375 75
    endloop
  endfacet
  facet normal 0 0 1
    outer loop
      vertex -13.929766908288002 -12.47204177081585 75
      vertex -13.748153285077963 -7.9375 75
      vertex -15.095659129321575 -11.032284781336784 75
    endloop
  endfacet
  facet normal 0 0 1
    outer loop
      vertex -13.859775751829147 -12.549774825572968 75
      vertex -12.843144785702291 -9.33109088014301 75
      vertex -13.748153285077963 -7.9375 75
    endloop
  endfacet
  facet normal 0 0 1
    outer loop
      vertex -10.991584219038486 -15.12861779332161 75
      vertex -9.393922723829746 -16.16615130007267 75
      vertex -10.622448375946874 -11.797424104453633 75
    endloop
  endfacet
  facet normal 0 0 1
    outer loop
      vertex -9.303336344659328 -16.218451373279095 75
      vertex -9.33109088014301 -12.843144785702291 75
      vertex -9.393922723829746 -16.16615130007267 75
    endloop
  endfacet
  facet normal 0 0 1
    outer loop
      vertex -9.303336344659328 -16.218451373279095 75
      vertex -7.9375 -13.748153285077963 75
      vertex -9.33109088014301 -12.843144785702291 75
    endloop
  endfacet
  facet normal 0 0 1
    outer loop
      vertex -7.652638882398605 -17.05952373892069 75
      vertex -7.9375 -13.748153285077963 75
      vertex -9.303336344659328 -16.218451373279095 75
    endloop
  endfacet
  facet normal 0 0 1
    outer loop
      vertex -7.557081900537014 -17.102068446576595 75
      vertex -7.9375 -13.748153285077963 75
      vertex -7.652638882398605 -17.05952373892069 75
    endloop
  endfacet
  facet normal 0 0 1
    outer loop
      vertex -10.991584219038486 -15.12861779332161 75
      vertex -11.797424104453633 -10.622448375946874 75
      vertex -12.47204177081585 -13.929766908288002 75
    endloop
  endfacet
  facet normal 0 0 1
    outer loop
      vertex -12.549774825572968 -13.859775751829147 75
      vertex -12.47204177081585 -13.929766908288002 75
      vertex -12.843144785702291 -9.33109088014301 75
    endloop
  endfacet
  facet normal 0 0 1
    outer loop
      vertex -10.991584219038486 -15.12861779332161 75
      vertex -10.622448375946874 -11.797424104453633 75
      vertex -11.797424104453633 -10.622448375946874 75
    endloop
  endfacet
  facet normal 0 0 1
    outer loop
      vertex -12.47204177081585 -13.929766908288002 75
      vertex -11.797424104453633 -10.622448375946874 75
      vertex -12.843144785702291 -9.33109088014301 75
    endloop
  endfacet
  facet normal 0 0 1
    outer loop
      vertex -9.393922723829746 -16.16615130007267 75
      vertex -9.33109088014301 -12.843144785702291 75
      vertex -10.622448375946874 -11.797424104453633 75
    endloop
  endfacet
  facet normal -0.8910065243621944 -0.4539904993983928 0
    outer loop
      vertex -16.218451373279095 -9.303336344659328 0
      vertex -16.218451373279095 -9.303336344659328 75
      vertex -17.05952373892069 -7.652638882398605 75
    endloop
  endfacet
  facet normal -0.9135454638605027 -0.406736629110164 0
    outer loop
      vertex -17.05952373892069 -7.652638882398605 0
      vertex -17.05952373892069 -7.652638882398605 75
      vertex -17.102068446576595 -7.557081900537014 75
    endloop
  endfacet
  facet normal -0.9335804268482816 -0.358367948630706 0
    outer loop
      vertex -17.102068446576595 -7.557081900537014 0
      vertex -17.102068446576595 -7.557081900537014 75
      vertex -17.76598846167326 -5.827511124312878 75
    endloop
  endfacet
  facet normal -0.9510565001510987 -0.3090170440612351 0
    outer loop
      vertex -17.76598846167326 -5.827511124312878 0
      vertex -17.76598846167326 -5.827511124312878 75
      vertex -17.798311688005924 -5.728030480444431 75
    endloop
  endfacet
  facet normal -0.9659258269237062 -0.25881904273401973 0
    outer loop
      vertex -17.798311688005924 -5.728030480444431 0
      vertex -17.798311688005924 -5.728030480444431 75
      vertex -18.29136013239622 -3.887948617339134 75
    endloop
  endfacet
  facet normal -0.9876883404600788 -0.15643446589295895 0
    outer loop
      vertex -18.29136013239622 -3.887948617339134 0
      vertex -18.29136013239622 -3.887948617339134 75
      vertex -18.5893666818738 -2.0064093247056007 75
    endloop
  endfacet
  facet normal -0.9945218974970205 -0.10452844301397586 0
    outer loop
      vertex -18.5893666818738 -2.0064093247056007 0
      vertex -18.5893666818738 -2.0064093247056007 75
      vertex -18.60030037164688 -1.9023821949958801 75
    endloop
  endfacet
  facet normal -0.9986295347275623 -0.05233595675835429 0
    outer loop
      vertex -18.60030037164688 -1.9023821949958801 0
      vertex -18.60030037164688 -1.9023821949958801 75
      vertex -18.697259068489075 -0.052300065755844116 75
    endloop
  endfacet
  facet normal -1 0 0
    outer loop
      vertex -18.697259068489075 -0.052300065755844116 0
      vertex -18.697259068489075 -0.052300065755844116 75
      vertex -18.697259068489075 0.052300065755844116 75
    endloop
  endfacet
  facet normal 0 0 1
    outer loop
      vertex -16.218451373279095 -9.303336344659328 75
      vertex -15.098022196185562 -4.90564478570229 75
      vertex -17.05952373892069 -7.652638882398605 75
    endloop
  endfacet
  facet normal 0 0 1
    outer loop
      vertex -17.05952373892069 -7.652638882398605 75
      vertex -15.788035088971338 -1.6593893543739988 75
      vertex -17.102068446576595 -7.557081900537014 75
    endloop
  endfacet
  facet normal 0 0 1
    outer loop
      vertex -17.102068446576595 -7.557081900537014 75
      vertex -15.788035088971338 -1.6593893543739988 75
      vertex -17.76598846167326 -5.827511124312878 75
    endloop
  endfacet
  facet normal 0 0 1
    outer loop
      vertex -17.05952373892069 -7.652638882398605 75
      vertex -15.098022196185562 -4.90564478570229 75
      vertex -15.528093161649165 -3.3005980917319295 75
    endloop
  endfacet
  facet normal 0 0 1
    outer loop
      vertex -16.16615130007267 -9.393922723829746 75
      vertex -15.157141543924809 -10.947661496698856 75
      vertex -14.502534140076289 -6.456944208828328 75
    endloop
  endfacet
  facet normal 0 0 1
    outer loop
      vertex -15.095659129321575 -11.032284781336784 75
      vertex -13.748153285077963 -7.9375 75
      vertex -14.502534140076289 -6.456944208828328 75
    endloop
  endfacet
  facet normal 0 0 1
    outer loop
      vertex -16.16615130007267 -9.393922723829746 75
      vertex -15.098022196185562 -4.90564478570229 75
      vertex -16.218451373279095 -9.303336344659328 75
    endloop
  endfacet
  facet normal 0 0 1
    outer loop
      vertex -16.16615130007267 -9.393922723829746 75
      vertex -14.502534140076289 -6.456944208828328 75
      vertex -15.098022196185562 -4.90564478570229 75
    endloop
  endfacet
  facet normal 0 0 1
    outer loop
      vertex -17.798311688005924 -5.728030480444431 75
      vertex -15.875 0 75
      vertex -18.29136013239622 -3.887948617339134 75
    endloop
  endfacet
  facet normal 0 0 1
    outer loop
      vertex -17.76598846167326 -5.827511124312878 75
      vertex -15.875 0 75
      vertex -17.798311688005924 -5.728030480444431 75
    endloop
  endfacet
  facet normal 0 0 1
    outer loop
      vertex -17.05952373892069 -7.652638882398605 75
      vertex -15.528093161649165 -3.3005980917319295 75
      vertex -15.788035088971338 -1.6593893543739988 75
    endloop
  endfacet
  facet normal 0 0 1
    outer loop
      vertex -17.76598846167326 -5.827511124312878 75
      vertex -15.788035088971338 -1.6593893543739988 75
      vertex -15.875 0 75
    endloop
  endfacet
  facet normal 0 0 1
    outer loop
      vertex -18.29136013239622 -3.887948617339134 75
      vertex -15.098022196185562 4.90564478570229 75
      vertex -18.5893666818738 -2.0064093247056007 75
    endloop
  endfacet
  facet normal 0 0 1
    outer loop
      vertex -18.29136013239622 -3.887948617339134 75
      vertex -15.875 0 75
      vertex -15.788035088971338 1.6593893543739988 75
    endloop
  endfacet
  facet normal -0.358367948630706 -0.9335804268482816 0
    outer loop
      vertex -5.827511124312878 -17.76598846167326 0
      vertex -5.827511124312878 -17.76598846167326 75
      vertex -7.557081900537014 -17.102068446576595 75
    endloop
  endfacet
  facet normal -0.3090170440612351 -0.9510565001510987 0
    outer loop
      vertex -5.728030480444431 -17.798311688005924 0
      vertex -5.728030480444431 -17.798311688005924 75
      vertex -5.827511124312878 -17.76598846167326 75
    endloop
  endfacet
  facet normal -0.25881904511010356 -0.9659258262870366 0
    outer loop
      vertex -3.938535936176777 -18.2778053060174 0
      vertex -3.938535936176777 -18.2778053060174 75
      vertex -5.728030480444431 -17.798311688005924 75
    endloop
  endfacet
  facet normal -0.2079116659329397 -0.978147606023237 0
    outer loop
      vertex -3.8362215608358383 -18.299552895128727 0
      vertex -3.8362215608358383 -18.299552895128727 75
      vertex -3.938535936176777 -18.2778053060174 75
    endloop
  endfacet
  facet normal -0.15643446494892183 -0.9876883406095995 0
    outer loop
      vertex -2.0064093247056007 -18.5893666818738 0
      vertex -2.0064093247056007 -18.5893666818738 75
      vertex -3.8362215608358383 -18.299552895128727 75
    endloop
  endfacet
  facet normal -0.10452844301397586 -0.9945218974970205 0
    outer loop
      vertex -1.9023821949958801 -18.60030037164688 0
      vertex -1.9023821949958801 -18.60030037164688 75
      vertex -2.0064093247056007 -18.5893666818738 75
    endloop
  endfacet
  facet normal -0.05233595675835429 -0.9986295347275623 0
    outer loop
      vertex -0.052300065755844116 -18.697259068489075 0
      vertex -0.052300065755844116 -18.697259068489075 75
      vertex -1.9023821949958801 -18.60030037164688 75
    endloop
  endfacet
  facet normal 0 -1 0
    outer loop
      vertex 0.052300065755844116 -18.697259068489075 0
      vertex 0.052300065755844116 -18.697259068489075 75
      vertex -0.052300065755844116 -18.697259068489075 75
    endloop
  endfacet
  facet normal 0.05233595675835429 -0.9986295347275623 0
    outer loop
      vertex 1.9023821949958801 -18.60030037164688 0
      vertex 1.9023821949958801 -18.60030037164688 75
      vertex 0.052300065755844116 -18.697259068489075 75
    endloop
  endfacet
  facet normal 0.10452844301397586 -0.9945218974970205 0
    outer loop
      vertex 2.0064093247056007 -18.5893666818738 0
      vertex 2.0064093247056007 -18.5893666818738 75
      vertex 1.9023821949958801 -18.60030037164688 75
    endloop
  endfacet
  facet normal 0.15643446494892183 -0.9876883406095995 0
    outer loop
      vertex 3.8362215608358383 -18.299552895128727 0
      vertex 3.8362215608358383 -18.299552895128727 75
      vertex 2.0064093247056007 -18.5893666818738 75
    endloop
  endfacet
  facet normal 0.2079116659329397 -0.978147606023237 0
    outer loop
      vertex 3.938535936176777 -18.2778053060174 0
      vertex 3.938535936176777 -18.2778053060174 75
      vertex 3.8362215608358383 -18.299552895128727 75
    endloop
  endfacet
  facet normal 0 0 1
    outer loop
      vertex -7.557081900537014 -17.102068446576595 75
      vertex -5.827511124312878 -17.76598846167326 75
      vertex -6.456944208828328 -14.502534140076289 75
    endloop
  endfacet
  facet normal 0 0 1
    outer loop
      vertex -5.827511124312878 -17.76598846167326 75
      vertex -5.728030480444431 -17.798311688005924 75
      vertex -4.90564478570229 -15.098022196185562 75
    endloop
  endfacet
  facet normal 0 0 1
    outer loop
      vertex -5.728030480444431 -17.798311688005924 75
      vertex -3.938535936176777 -18.2778053060174 75
      vertex -4.90564478570229 -15.098022196185562 75
    endloop
  endfacet
  facet normal 0 0 1
    outer loop
      vertex -7.557081900537014 -17.102068446576595 75
      vertex -6.456944208828328 -14.502534140076289 75
      vertex -7.9375 -13.748153285077963 75
    endloop
  endfacet
  facet normal 0 0 1
    outer loop
      vertex -5.827511124312878 -17.76598846167326 75
      vertex -4.90564478570229 -15.098022196185562 75
      vertex -6.456944208828328 -14.502534140076289 75
    endloop
  endfacet
  facet normal 0 0 1
    outer loop
      vertex -3.938535936176777 -18.2778053060174 75
      vertex -3.8362215608358383 -18.299552895128727 75
      vertex -3.3005980917319295 -15.528093161649165 75
    endloop
  endfacet
  facet normal 0 0 1
    outer loop
      vertex -2.0064093247056007 -18.5893666818738 75
      vertex -1.9023821949958801 -18.60030037164688 75
      vertex -1.6593893543739988 -15.788035088971338 75
    endloop
  endfacet
  facet normal 0 0 1
    outer loop
      vertex -3.8362215608358383 -18.299552895128727 75
      vertex -2.0064093247056007 -18.5893666818738 75
      vertex -3.3005980917319295 -15.528093161649165 75
    endloop
  endfacet
  facet normal 0 0 1
    outer loop
      vertex -2.0064093247056007 -18.5893666818738 75
      vertex -1.6593893543739988 -15.788035088971338 75
      vertex -3.3005980917319295 -15.528093161649165 75
    endloop
  endfacet
  facet normal 0 0 1
    outer loop
      vertex -3.938535936176777 -18.2778053060174 75
      vertex -3.3005980917319295 -15.528093161649165 75
      vertex -4.90564478570229 -15.098022196185562 75
    endloop
  endfacet
  facet normal 0 0 1
    outer loop
      vertex -1.9023821949958801 -18.60030037164688 75
      vertex -0.052300065755844116 -18.697259068489075 75
      vertex -1.6593893543739988 -15.788035088971338 75
    endloop
  endfacet
  facet normal 0 0 1
    outer loop
      vertex -0.052300065755844116 -18.697259068489075 75
      vertex 0 -15.875 75
      vertex -1.6593893543739988 -15.788035088971338 75
    endloop
  endfacet
  facet normal 0 0 1
    outer loop
      vertex -0.052300065755844116 -18.697259068489075 75
      vertex 0.052300065755844116 -18.697259068489075 75
      vertex 0 -15.875 75
    endloop
  endfacet
  facet normal 0 0 1
    outer loop
      vertex 0.052300065755844116 -18.697259068489075 75
      vertex 1.9023821949958801 -18.60030037164688 75
      vertex 0 -15.875 75
    endloop
  endfacet
  facet normal 0 0 1
    outer loop
      vertex 1.9023821949958801 -18.60030037164688 75
      vertex 2.0064093247056007 -18.5893666818738 75
      vertex 1.6593893543739988 -15.788035088971338 75
    endloop
  endfacet
  facet normal 0 0 1
    outer loop
      vertex 2.0064093247056007 -18.5893666818738 75
      vertex 3.8362215608358383 -18.299552895128727 75
      vertex 1.6593893543739988 -15.788035088971338 75
    endloop
  endfacet
  facet normal 0 0 1
    outer loop
      vertex 1.9023821949958801 -18.60030037164688 75
      vertex 1.6593893543739988 -15.788035088971338 75
      vertex 0 -15.875 75
    endloop
  endfacet
  facet normal 0 0 1
    outer loop
      vertex 3.8362215608358383 -18.299552895128727 75
      vertex 3.3005980917319295 -15.528093161649165 75
      vertex 1.6593893543739988 -15.788035088971338 75
    endloop
  endfacet
  facet normal 0 0 1
    outer loop
      vertex 3.8362215608358383 -18.299552895128727 75
      vertex 3.938535936176777 -18.2778053060174 75
      vertex 3.3005980917319295 -15.528093161649165 75
    endloop
  endfacet
  facet normal 0 0 -1
    outer loop
      vertex -18.29136013239622 -3.887948617339134 0
      vertex -18.5893666818738 -2.0064093247056007 0
      vertex -10.991584219038486 15.12861779332161 0
    endloop
  endfacet
  facet normal 0 0 -1
    outer loop
      vertex -18.5893666818738 -2.0064093247056007 0
      vertex -18.60030037164688 -1.9023821949958801 0
      vertex -10.991584219038486 15.12861779332161 0
    endloop
  endfacet
  facet normal 0 0 -1
    outer loop
      vertex -18.60030037164688 -1.9023821949958801 0
      vertex -18.697259068489075 -0.052300065755844116 0
      vertex -10.991584219038486 15.12861779332161 0
    endloop
  endfacet
  facet normal 0 0 -1
    outer loop
      vertex -17.05952373892069 -7.652638882398605 0
      vertex -17.102068446576595 -7.557081900537014 0
      vertex -9.393922723829746 16.16615130007267 0
    endloop
  endfacet
  facet normal 0 0 -1
    outer loop
      vertex -17.102068446576595 -7.557081900537014 0
      vertex -17.76598846167326 -5.827511124312878 0
      vertex -9.393922723829746 16.16615130007267 0
    endloop
  endfacet
  facet normal 0 0 -1
    outer loop
      vertex -17.798311688005924 -5.728030480444431 0
      vertex -18.29136013239622 -3.887948617339134 0
      vertex -9.393922723829746 16.16615130007267 0
    endloop
  endfacet
  facet normal 0 0 -1
    outer loop
      vertex -17.76598846167326 -5.827511124312878 0
      vertex -17.798311688005924 -5.728030480444431 0
      vertex -9.393922723829746 16.16615130007267 0
    endloop
  endfacet
  facet normal 0 0 -1
    outer loop
      vertex -18.697259068489075 -0.052300065755844116 0
      vertex -18.697259068489075 0.052300065755844116 0
      vertex -10.991584219038486 15.12861779332161 0
    endloop
  endfacet
  facet normal 0 0 -1
    outer loop
      vertex -18.697259068489075 0.052300065755844116 0
      vertex -18.60030037164688 1.9023821949958801 0
      vertex -10.991584219038486 15.12861779332161 0
    endloop
  endfacet
  facet normal 0 0 -1
    outer loop
      vertex -18.60030037164688 1.9023821949958801 0
      vertex -18.5893666818738 2.0064093247056007 0
      vertex -12.549774825572968 13.859775751829147 0
    endloop
  endfacet
  facet normal 0 0 -1
    outer loop
      vertex -18.5893666818738 2.0064093247056007 0
      vertex -18.29136013239622 3.887948617339134 0
      vertex -13.859775751829147 12.549774825572968 0
    endloop
  endfacet
  facet normal 0 0 -1
    outer loop
      vertex -18.29136013239622 3.887948617339134 0
      vertex -17.798311688005924 5.728030480444431 0
      vertex -15.095659129321575 11.032284781336784 0
    endloop
  endfacet
  facet normal 0 0 -1
    outer loop
      vertex -17.76598846167326 5.827511124312878 0
      vertex -17.102068446576595 7.557081900537014 0
      vertex -16.16615130007267 9.393922723829746 0
    endloop
  endfacet
  facet normal 0 0 -1
    outer loop
      vertex -17.798311688005924 5.728030480444431 0
      vertex -17.76598846167326 5.827511124312878 0
      vertex -15.095659129321575 11.032284781336784 0
    endloop
  endfacet
  facet normal 0 0 -1
    outer loop
      vertex -17.102068446576595 7.557081900537014 0
      vertex -17.05952373892069 7.652638882398605 0
      vertex -16.218451373279095 9.303336344659328 0
    endloop
  endfacet
  facet normal 0 0 -1
    outer loop
      vertex -17.102068446576595 7.557081900537014 0
      vertex -16.218451373279095 9.303336344659328 0
      vertex -16.16615130007267 9.393922723829746 0
    endloop
  endfacet
  facet normal 0 0 -1
    outer loop
      vertex -17.76598846167326 5.827511124312878 0
      vertex -16.16615130007267 9.393922723829746 0
      vertex -15.157141543924809 10.947661496698856 0
    endloop
  endfacet
  facet normal 0 0 -1
    outer loop
      vertex -17.76598846167326 5.827511124312878 0
      vertex -15.157141543924809 10.947661496698856 0
      vertex -15.095659129321575 11.032284781336784 0
    endloop
  endfacet
  facet normal 0 0 -1
    outer loop
      vertex -18.29136013239622 3.887948617339134 0
      vertex -15.095659129321575 11.032284781336784 0
      vertex -13.929766908288002 12.47204177081585 0
    endloop
  endfacet
  facet normal 0 0 -1
    outer loop
      vertex -16.16615130007267 -9.393922723829746 0
      vertex -9.393922723829746 16.16615130007267 0
      vertex -12.42247452931933 2.6404784733855435 0
    endloop
  endfacet
  facet normal 0 0 -1
    outer loop
      vertex -18.29136013239622 -3.887948617339134 0
      vertex -10.991584219038486 15.12861779332161 0
      vertex -9.393922723829746 16.16615130007267 0
    endloop
  endfacet
  facet normal 0 0 -1
    outer loop
      vertex -9.393922723829746 16.16615130007267 0
      vertex -12.078417756948449 3.9245158285618316 0
      vertex -12.42247452931933 2.6404784733855435 0
    endloop
  endfacet
  facet normal 0 0 -1
    outer loop
      vertex -9.393922723829746 16.16615130007267 0
      vertex -11.60202731206103 5.165555367062662 0
      vertex -12.078417756948449 3.9245158285618316 0
    endloop
  endfacet
  facet normal 0 0 -1
    outer loop
      vertex -9.393922723829746 16.16615130007267 0
      vertex -10.99852262806237 6.35 0
      vertex -11.60202731206103 5.165555367062662 0
    endloop
  endfacet
  facet normal -1 0 0
    outer loop
      vertex -18.697259068489075 -0.052300065755844116 0
      vertex -18.697259068489075 0.052300065755844116 75
      vertex -18.697259068489075 0.052300065755844116 0
    endloop
  endfacet
  facet normal -0.9986295347275623 0.05233595675835429 0
    outer loop
      vertex -18.697259068489075 0.052300065755844116 0
      vertex -18.60030037164688 1.9023821949958801 75
      vertex -18.60030037164688 1.9023821949958801 0
    endloop
  endfacet
  facet normal -0.9945218974970205 0.10452844301397586 0
    outer loop
      vertex -18.60030037164688 1.9023821949958801 0
      vertex -18.5893666818738 2.0064093247056007 75
      vertex -18.5893666818738 2.0064093247056007 0
    endloop
  endfacet
  facet normal -0.9876883404600788 0.15643446589295895 0
    outer loop
      vertex -18.5893666818738 2.0064093247056007 0
      vertex -18.29136013239622 3.887948617339134 75
      vertex -18.29136013239622 3.887948617339134 0
    endloop
  endfacet
  facet normal -0.9659258269237062 0.25881904273401973 0
    outer loop
      vertex -18.29136013239622 3.887948617339134 0
      vertex -17.798311688005924 5.728030480444431 75
      vertex -17.798311688005924 5.728030480444431 0
    endloop
  endfacet
  facet normal -0.9510565001510987 0.3090170440612351 0
    outer loop
      vertex -17.798311688005924 5.728030480444431 0
      vertex -17.76598846167326 5.827511124312878 75
      vertex -17.76598846167326 5.827511124312878 0
    endloop
  endfacet
  facet normal -0.9335804268482816 0.358367948630706 0
    outer loop
      vertex -17.76598846167326 5.827511124312878 0
      vertex -17.102068446576595 7.557081900537014 75
      vertex -17.102068446576595 7.557081900537014 0
    endloop
  endfacet
  facet normal -0.9135454638605027 0.406736629110164 0
    outer loop
      vertex -17.102068446576595 7.557081900537014 0
      vertex -17.05952373892069 7.652638882398605 75
      vertex -17.05952373892069 7.652638882398605 0
    endloop
  endfacet
  facet normal -0.8910065243621944 0.4539904993983928 7.990286781228073e-19
    outer loop
      vertex -17.05952373892069 7.652638882398605 0
      vertex -16.218451373279095 9.303336344659328 75
      vertex -16.218451373279095 9.303336344659328 0
    endloop
  endfacet
  facet normal 0 0 -1
    outer loop
      vertex -18.29136013239622 3.887948617339134 0
      vertex -13.929766908288002 12.47204177081585 0
      vertex -13.859775751829147 12.549774825572968 0
    endloop
  endfacet
  facet normal 0 0 -1
    outer loop
      vertex -18.5893666818738 2.0064093247056007 0
      vertex -13.859775751829147 12.549774825572968 0
      vertex -12.549774825572968 13.859775751829147 0
    endloop
  endfacet
  facet normal 0 0 -1
    outer loop
      vertex -18.60030037164688 1.9023821949958801 0
      vertex -12.549774825572968 13.859775751829147 0
      vertex -12.47204177081585 13.929766908288002 0
    endloop
  endfacet
  facet normal 0 0 -1
    outer loop
      vertex -18.60030037164688 1.9023821949958801 0
      vertex -12.47204177081585 13.929766908288002 0
      vertex -10.991584219038486 15.12861779332161 0
    endloop
  endfacet
  facet normal 0 0 -1
    outer loop
      vertex -9.393922723829746 16.16615130007267 0
      vertex -10.274515828561832 7.464872704114408 0
      vertex -10.99852262806237 6.35 0
    endloop
  endfacet
  facet normal 0 0 -1
    outer loop
      vertex -9.393922723829746 16.16615130007267 0
      vertex -9.437939283562907 8.497958700757499 0
      vertex -10.274515828561832 7.464872704114408 0
    endloop
  endfacet
  facet normal 0 0 -1
    outer loop
      vertex -9.303336344659328 16.218451373279095 0
      vertex -8.497958700757499 9.437939283562907 0
      vertex -9.437939283562907 8.497958700757499 0
    endloop
  endfacet
  facet normal 0 0 -1
    outer loop
      vertex -9.393922723829746 16.16615130007267 0
      vertex -9.303336344659328 16.218451373279095 0
      vertex -9.437939283562907 8.497958700757499 0
    endloop
  endfacet
  facet normal 0 0 -1
    outer loop
      vertex -7.557081900537014 17.102068446576595 0
      vertex -7.464872704114408 10.274515828561832 0
      vertex -8.497958700757499 9.437939283562907 0
    endloop
  endfacet
  facet normal 0 0 -1
    outer loop
      vertex -9.303336344659328 16.218451373279095 0
      vertex -7.652638882398605 17.05952373892069 0
      vertex -8.497958700757499 9.437939283562907 0
    endloop
  endfacet
  facet normal 0 0 -1
    outer loop
      vertex -7.652638882398605 17.05952373892069 0
      vertex -7.557081900537014 17.102068446576595 0
      vertex -8.497958700757499 9.437939283562907 0
    endloop
  endfacet
  facet normal -0.8660253921623664 0.5000000201300191 0
    outer loop
      vertex -16.218451373279095 9.303336344659328 0
      vertex -16.16615130007267 9.393922723829746 75
      vertex -16.16615130007267 9.393922723829746 0
    endloop
  endfacet
  facet normal -0.8386705681423526 0.5446390347117838 0
    outer loop
      vertex -16.16615130007267 9.393922723829746 0
      vertex -15.157141543924809 10.947661496698856 75
      vertex -15.157141543924809 10.947661496698856 0
    endloop
  endfacet
  facet normal -0.8090169968558929 0.5877852488777445 0
    outer loop
      vertex -15.157141543924809 10.947661496698856 0
      vertex -15.095659129321575 11.032284781336784 75
      vertex -15.095659129321575 11.032284781336784 0
    endloop
  endfacet
  facet normal -0.7771459616490201 0.6293203908126767 0
    outer loop
      vertex -15.095659129321575 11.032284781336784 0
      vertex -13.929766908288002 12.47204177081585 75
      vertex -13.929766908288002 12.47204177081585 0
    endloop
  endfacet
  facet normal -0.743144827474422 0.6691306041409342 0
    outer loop
      vertex -13.929766908288002 12.47204177081585 0
      vertex -13.859775751829147 12.549774825572968 75
      vertex -13.859775751829147 12.549774825572968 0
    endloop
  endfacet
  facet normal -0.7071067811865475 0.7071067811865475 0
    outer loop
      vertex -13.859775751829147 12.549774825572968 0
      vertex -12.549774825572968 13.859775751829147 75
      vertex -12.549774825572968 13.859775751829147 0
    endloop
  endfacet
  facet normal -0.6691306041409342 0.743144827474422 0
    outer loop
      vertex -12.549774825572968 13.859775751829147 0
      vertex -12.47204177081585 13.929766908288002 75
      vertex -12.47204177081585 13.929766908288002 0
    endloop
  endfacet
  facet normal -0.6293203903464335 0.7771459620265762 7.770618747792143e-19
    outer loop
      vertex -12.47204177081585 13.929766908288002 0
      vertex -10.991584219038486 15.12861779332161 75
      vertex -10.991584219038486 15.12861779332161 0
    endloop
  endfacet
  facet normal -0.5446390351639041 0.838670567848742 0
    outer loop
      vertex -10.991584219038486 15.12861779332161 0
      vertex -9.393922723829746 16.16615130007267 75
      vertex -9.393922723829746 16.16615130007267 0
    endloop
  endfacet
  facet normal -0.5000000201300191 0.8660253921623664 0
    outer loop
      vertex -9.393922723829746 16.16615130007267 0
      vertex -9.303336344659328 16.218451373279095 75
      vertex -9.303336344659328 16.218451373279095 0
    endloop
  endfacet
  facet normal -0.4539904993983928 0.8910065243621944 7.990286781228073e-19
    outer loop
      vertex -9.303336344659328 16.218451373279095 0
      vertex -7.652638882398605 17.05952373892069 75
      vertex -7.652638882398605 17.05952373892069 0
    endloop
  endfacet
  facet normal -0.406736629110164 0.9135454638605027 0
    outer loop
      vertex -7.652638882398605 17.05952373892069 0
      vertex -7.557081900537014 17.102068446576595 75
      vertex -7.557081900537014 17.102068446576595 0
    endloop
  endfacet
  facet normal 0 0 -1
    outer loop
      vertex -5.728030480444431 17.798311688005924 0
      vertex -6.35 10.99852262806237 0
      vertex -7.464872704114408 10.274515828561832 0
    endloop
  endfacet
  facet normal 0 0 -1
    outer loop
      vertex -5.728030480444431 17.798311688005924 0
      vertex -5.165555367062662 11.60202731206103 0
      vertex -6.35 10.99852262806237 0
    endloop
  endfacet
  facet normal 0 0 -1
    outer loop
      vertex -3.8362215608358383 18.299552895128727 0
      vertex -3.9245158285618316 12.078417756948449 0
      vertex -5.165555367062662 11.60202731206103 0
    endloop
  endfacet
  facet normal 0 0 -1
    outer loop
      vertex -7.557081900537014 17.102068446576595 0
      vertex -5.827511124312878 17.76598846167326 0
      vertex -7.464872704114408 10.274515828561832 0
    endloop
  endfacet
  facet normal 0 0 -1
    outer loop
      vertex -5.827511124312878 17.76598846167326 0
      vertex -5.728030480444431 17.798311688005924 0
      vertex -7.464872704114408 10.274515828561832 0
    endloop
  endfacet
  facet normal 0 0 -1
    outer loop
      vertex -5.728030480444431 17.798311688005924 0
      vertex -3.938535936176777 18.2778053060174 0
      vertex -5.165555367062662 11.60202731206103 0
    endloop
  endfacet
  facet normal 0 0 -1
    outer loop
      vertex -3.938535936176777 18.2778053060174 0
      vertex -3.8362215608358383 18.299552895128727 0
      vertex -5.165555367062662 11.60202731206103 0
    endloop
  endfacet
  facet normal 0 0 -1
    outer loop
      vertex -3.8362215608358383 18.299552895128727 0
      vertex -2.0064093247056007 18.5893666818738 0
      vertex -3.9245158285618316 12.078417756948449 0
    endloop
  endfacet
  facet normal 0 0 -1
    outer loop
      vertex -1.9023821949958801 18.60030037164688 0
      vertex -2.6404784733855435 12.42247452931933 0
      vertex -3.9245158285618316 12.078417756948449 0
    endloop
  endfacet
  facet normal 0 0 -1
    outer loop
      vertex -2.0064093247056007 18.5893666818738 0
      vertex -1.9023821949958801 18.60030037164688 0
      vertex -3.9245158285618316 12.078417756948449 0
    endloop
  endfacet
  facet normal 0 0 -1
    outer loop
      vertex -0.052300065755844116 18.697259068489075 0
      vertex -1.327511483499199 12.63042807117707 0
      vertex -2.6404784733855435 12.42247452931933 0
    endloop
  endfacet
  facet normal 0 0 -1
    outer loop
      vertex 0.052300065755844116 18.697259068489075 0
      vertex 0 12.7 0
      vertex -1.327511483499199 12.63042807117707 0
    endloop
  endfacet
  facet normal 0 0 -1
    outer loop
      vertex 2.0064093247056007 18.5893666818738 0
      vertex 1.327511483499199 12.63042807117707 0
      vertex 0 12.7 0
    endloop
  endfacet
  facet normal 0 0 -1
    outer loop
      vertex -1.9023821949958801 18.60030037164688 0
      vertex -0.052300065755844116 18.697259068489075 0
      vertex -2.6404784733855435 12.42247452931933 0
    endloop
  endfacet
  facet normal 0 0 -1
    outer loop
      vertex -0.052300065755844116 18.697259068489075 0
      vertex 0.052300065755844116 18.697259068489075 0
      vertex -1.327511483499199 12.63042807117707 0
    endloop
  endfacet
  facet normal 0 0 -1
    outer loop
      vertex 0.052300065755844116 18.697259068489075 0
      vertex 1.9023821949958801 18.60030037164688 0
      vertex 0 12.7 0
    endloop
  endfacet
  facet normal 0 0 -1
    outer loop
      vertex 3.938535936176777 18.2778053060174 0
      vertex 2.6404784733855435 12.42247452931933 0
      vertex 1.327511483499199 12.63042807117707 0
    endloop
  endfacet
  facet normal 0 0 -1
    outer loop
      vertex 1.9023821949958801 18.60030037164688 0
      vertex 2.0064093247056007 18.5893666818738 0
      vertex 0 12.7 0
    endloop
  endfacet
  facet normal 0 0 -1
    outer loop
      vertex 2.0064093247056007 18.5893666818738 0
      vertex 3.8362215608358383 18.299552895128727 0
      vertex 1.327511483499199 12.63042807117707 0
    endloop
  endfacet
  facet normal 0 0 -1
    outer loop
      vertex 3.8362215608358383 18.299552895128727 0
      vertex 3.938535936176777 18.2778053060174 0
      vertex 1.327511483499199 12.63042807117707 0
    endloop
  endfacet
  facet normal -0.358367948630706 0.9335804268482816 0
    outer loop
      vertex -7.557081900537014 17.102068446576595 0
      vertex -5.827511124312878 17.76598846167326 75
      vertex -5.827511124312878 17.76598846167326 0
    endloop
  endfacet
  facet normal -0.3090170440612351 0.9510565001510987 0
    outer loop
      vertex -5.827511124312878 17.76598846167326 0
      vertex -5.728030480444431 17.798311688005924 75
      vertex -5.728030480444431 17.798311688005924 0
    endloop
  endfacet
  facet normal -0.25881904511010356 0.9659258262870366 0
    outer loop
      vertex -5.728030480444431 17.798311688005924 0
      vertex -3.938535936176777 18.2778053060174 75
      vertex -3.938535936176777 18.2778053060174 0
    endloop
  endfacet
  facet normal -0.2079116659329397 0.978147606023237 0
    outer loop
      vertex -3.938535936176777 18.2778053060174 0
      vertex -3.8362215608358383 18.299552895128727 75
      vertex -3.8362215608358383 18.299552895128727 0
    endloop
  endfacet
  facet normal -0.15643446494892183 0.9876883406095995 0
    outer loop
      vertex -3.8362215608358383 18.299552895128727 0
      vertex -2.0064093247056007 18.5893666818738 75
      vertex -2.0064093247056007 18.5893666818738 0
    endloop
  endfacet
  facet normal -0.10452844301397586 0.9945218974970205 0
    outer loop
      vertex -2.0064093247056007 18.5893666818738 0
      vertex -1.9023821949958801 18.60030037164688 75
      vertex -1.9023821949958801 18.60030037164688 0
    endloop
  endfacet
  facet normal -0.05233595675835429 0.9986295347275623 0
    outer loop
      vertex -1.9023821949958801 18.60030037164688 0
      vertex -0.052300065755844116 18.697259068489075 75
      vertex -0.052300065755844116 18.697259068489075 0
    endloop
  endfacet
  facet normal 0 1 0
    outer loop
      vertex -0.052300065755844116 18.697259068489075 0
      vertex 0.052300065755844116 18.697259068489075 75
      vertex 0.052300065755844116 18.697259068489075 0
    endloop
  endfacet
  facet normal 0.05233595675835429 0.9986295347275623 0
    outer loop
      vertex 0.052300065755844116 18.697259068489075 0
      vertex 1.9023821949958801 18.60030037164688 75
      vertex 1.9023821949958801 18.60030037164688 0
    endloop
  endfacet
  facet normal 0.10452844301397586 0.9945218974970205 0
    outer loop
      vertex 1.9023821949958801 18.60030037164688 0
      vertex 2.0064093247056007 18.5893666818738 75
      vertex 2.0064093247056007 18.5893666818738 0
    endloop
  endfacet
  facet normal 0.15643446494892183 0.9876883406095995 0
    outer loop
      vertex 2.0064093247056007 18.5893666818738 0
      vertex 3.8362215608358383 18.299552895128727 75
      vertex 3.8362215608358383 18.299552895128727 0
    endloop
  endfacet
  facet normal 0.2079116659329397 0.978147606023237 0
    outer loop
      vertex 3.8362215608358383 18.299552895128727 0
      vertex 3.938535936176777 18.2778053060174 75
      vertex 3.938535936176777 18.2778053060174 0
    endloop
  endfacet
  facet normal -0.9986295347275623 0.05233595675835429 0
    outer loop
      vertex -18.697259068489075 0.052300065755844116 0
      vertex -18.697259068489075 0.052300065755844116 75
      vertex -18.60030037164688 1.9023821949958801 75
    endloop
  endfacet
  facet normal -0.9945218974970205 0.10452844301397586 0
    outer loop
      vertex -18.60030037164688 1.9023821949958801 0
      vertex -18.60030037164688 1.9023821949958801 75
      vertex -18.5893666818738 2.0064093247056007 75
    endloop
  endfacet
  facet normal -0.9876883404600788 0.15643446589295895 0
    outer loop
      vertex -18.5893666818738 2.0064093247056007 0
      vertex -18.5893666818738 2.0064093247056007 75
      vertex -18.29136013239622 3.887948617339134 75
    endloop
  endfacet
  facet normal -0.9659258269237062 0.25881904273401973 0
    outer loop
      vertex -18.29136013239622 3.887948617339134 0
      vertex -18.29136013239622 3.887948617339134 75
      vertex -17.798311688005924 5.728030480444431 75
    endloop
  endfacet
  facet normal -0.9510565001510987 0.3090170440612351 0
    outer loop
      vertex -17.798311688005924 5.728030480444431 0
      vertex -17.798311688005924 5.728030480444431 75
      vertex -17.76598846167326 5.827511124312878 75
    endloop
  endfacet
  facet normal -0.9335804268482816 0.358367948630706 0
    outer loop
      vertex -17.76598846167326 5.827511124312878 0
      vertex -17.76598846167326 5.827511124312878 75
      vertex -17.102068446576595 7.557081900537014 75
    endloop
  endfacet
  facet normal -0.9135454638605027 0.406736629110164 0
    outer loop
      vertex -17.102068446576595 7.557081900537014 0
      vertex -17.102068446576595 7.557081900537014 75
      vertex -17.05952373892069 7.652638882398605 75
    endloop
  endfacet
  facet normal -0.8910065243621944 0.4539904993983928 0
    outer loop
      vertex -17.05952373892069 7.652638882398605 0
      vertex -17.05952373892069 7.652638882398605 75
      vertex -16.218451373279095 9.303336344659328 75
    endloop
  endfacet
  facet normal -0.8660253921623664 0.5000000201300191 0
    outer loop
      vertex -16.218451373279095 9.303336344659328 0
      vertex -16.218451373279095 9.303336344659328 75
      vertex -16.16615130007267 9.393922723829746 75
    endloop
  endfacet
  facet normal 0 0 1
    outer loop
      vertex -18.29136013239622 -3.887948617339134 75
      vertex -15.788035088971338 1.6593893543739988 75
      vertex -15.528093161649165 3.3005980917319295 75
    endloop
  endfacet
  facet normal 0 0 1
    outer loop
      vertex -18.29136013239622 -3.887948617339134 75
      vertex -15.528093161649165 3.3005980917319295 75
      vertex -15.098022196185562 4.90564478570229 75
    endloop
  endfacet
  facet normal 0 0 1
    outer loop
      vertex -18.5893666818738 -2.0064093247056007 75
      vertex -15.098022196185562 4.90564478570229 75
      vertex -14.502534140076289 6.456944208828328 75
    endloop
  endfacet
  facet normal 0 0 1
    outer loop
      vertex -18.5893666818738 -2.0064093247056007 75
      vertex -10.991584219038486 15.12861779332161 75
      vertex -18.60030037164688 -1.9023821949958801 75
    endloop
  endfacet
  facet normal 0 0 1
    outer loop
      vertex -18.60030037164688 -1.9023821949958801 75
      vertex -10.991584219038486 15.12861779332161 75
      vertex -18.697259068489075 -0.052300065755844116 75
    endloop
  endfacet
  facet normal 0 0 1
    outer loop
      vertex -18.697259068489075 -0.052300065755844116 75
      vertex -10.991584219038486 15.12861779332161 75
      vertex -18.697259068489075 0.052300065755844116 75
    endloop
  endfacet
  facet normal 0 0 1
    outer loop
      vertex -18.697259068489075 0.052300065755844116 75
      vertex -10.991584219038486 15.12861779332161 75
      vertex -18.60030037164688 1.9023821949958801 75
    endloop
  endfacet
  facet normal 0 0 1
    outer loop
      vertex -18.60030037164688 1.9023821949958801 75
      vertex -12.549774825572968 13.859775751829147 75
      vertex -18.5893666818738 2.0064093247056007 75
    endloop
  endfacet
  facet normal 0 0 1
    outer loop
      vertex -18.5893666818738 2.0064093247056007 75
      vertex -13.859775751829147 12.549774825572968 75
      vertex -18.29136013239622 3.887948617339134 75
    endloop
  endfacet
  facet normal 0 0 1
    outer loop
      vertex -18.29136013239622 3.887948617339134 75
      vertex -15.095659129321575 11.032284781336784 75
      vertex -17.798311688005924 5.728030480444431 75
    endloop
  endfacet
  facet normal 0 0 1
    outer loop
      vertex -17.76598846167326 5.827511124312878 75
      vertex -16.16615130007267 9.393922723829746 75
      vertex -17.102068446576595 7.557081900537014 75
    endloop
  endfacet
  facet normal 0 0 1
    outer loop
      vertex -17.798311688005924 5.728030480444431 75
      vertex -15.095659129321575 11.032284781336784 75
      vertex -17.76598846167326 5.827511124312878 75
    endloop
  endfacet
  facet normal 0 0 1
    outer loop
      vertex -17.102068446576595 7.557081900537014 75
      vertex -16.218451373279095 9.303336344659328 75
      vertex -17.05952373892069 7.652638882398605 75
    endloop
  endfacet
  facet normal 0 0 1
    outer loop
      vertex -17.102068446576595 7.557081900537014 75
      vertex -16.16615130007267 9.393922723829746 75
      vertex -16.218451373279095 9.303336344659328 75
    endloop
  endfacet
  facet normal 0 0 1
    outer loop
      vertex -17.76598846167326 5.827511124312878 75
      vertex -15.157141543924809 10.947661496698856 75
      vertex -16.16615130007267 9.393922723829746 75
    endloop
  endfacet
  facet normal 0 0 1
    outer loop
      vertex -17.76598846167326 5.827511124312878 75
      vertex -15.095659129321575 11.032284781336784 75
      vertex -15.157141543924809 10.947661496698856 75
    endloop
  endfacet
  facet normal 0 0 1
    outer loop
      vertex -18.5893666818738 -2.0064093247056007 75
      vertex -14.502534140076289 6.456944208828328 75
      vertex -10.991584219038486 15.12861779332161 75
    endloop
  endfacet
  facet normal 0 0 1
    outer loop
      vertex -18.29136013239622 3.887948617339134 75
      vertex -13.929766908288002 12.47204177081585 75
      vertex -15.095659129321575 11.032284781336784 75
    endloop
  endfacet
  facet normal -0.8386705681423526 0.5446390347117838 0
    outer loop
      vertex -16.16615130007267 9.393922723829746 0
      vertex -16.16615130007267 9.393922723829746 75
      vertex -15.157141543924809 10.947661496698856 75
    endloop
  endfacet
  facet normal -0.8090169968558929 0.5877852488777445 0
    outer loop
      vertex -15.157141543924809 10.947661496698856 0
      vertex -15.157141543924809 10.947661496698856 75
      vertex -15.095659129321575 11.032284781336784 75
    endloop
  endfacet
  facet normal -0.7771459616490201 0.6293203908126767 0
    outer loop
      vertex -15.095659129321575 11.032284781336784 0
      vertex -15.095659129321575 11.032284781336784 75
      vertex -13.929766908288002 12.47204177081585 75
    endloop
  endfacet
  facet normal -0.743144827474422 0.6691306041409342 0
    outer loop
      vertex -13.929766908288002 12.47204177081585 0
      vertex -13.929766908288002 12.47204177081585 75
      vertex -13.859775751829147 12.549774825572968 75
    endloop
  endfacet
  facet normal -0.7071067811865475 0.7071067811865475 0
    outer loop
      vertex -13.859775751829147 12.549774825572968 0
      vertex -13.859775751829147 12.549774825572968 75
      vertex -12.549774825572968 13.859775751829147 75
    endloop
  endfacet
  facet normal -0.6691306041409342 0.743144827474422 0
    outer loop
      vertex -12.549774825572968 13.859775751829147 0
      vertex -12.549774825572968 13.859775751829147 75
      vertex -12.47204177081585 13.929766908288002 75
    endloop
  endfacet
  facet normal -0.6293203903464335 0.7771459620265762 0
    outer loop
      vertex -12.47204177081585 13.929766908288002 0
      vertex -12.47204177081585 13.929766908288002 75
      vertex -10.991584219038486 15.12861779332161 75
    endloop
  endfacet
  facet normal -0.5446390351639041 0.838670567848742 0
    outer loop
      vertex -10.991584219038486 15.12861779332161 0
      vertex -10.991584219038486 15.12861779332161 75
      vertex -9.393922723829746 16.16615130007267 75
    endloop
  endfacet
  facet normal -0.5000000201300191 0.8660253921623664 0
    outer loop
      vertex -9.393922723829746 16.16615130007267 0
      vertex -9.393922723829746 16.16615130007267 75
      vertex -9.303336344659328 16.218451373279095 75
    endloop
  endfacet
  facet normal -0.4539904993983928 0.8910065243621944 0
    outer loop
      vertex -9.303336344659328 16.218451373279095 0
      vertex -9.303336344659328 16.218451373279095 75
      vertex -7.652638882398605 17.05952373892069 75
    endloop
  endfacet
  facet normal -0.406736629110164 0.9135454638605027 0
    outer loop
      vertex -7.652638882398605 17.05952373892069 0
      vertex -7.652638882398605 17.05952373892069 75
      vertex -7.557081900537014 17.102068446576595 75
    endloop
  endfacet
  facet normal 0 0 1
    outer loop
      vertex -18.29136013239622 3.887948617339134 75
      vertex -13.859775751829147 12.549774825572968 75
      vertex -13.929766908288002 12.47204177081585 75
    endloop
  endfacet
  facet normal 0 0 1
    outer loop
      vertex -18.5893666818738 2.0064093247056007 75
      vertex -12.549774825572968 13.859775751829147 75
      vertex -13.859775751829147 12.549774825572968 75
    endloop
  endfacet
  facet normal 0 0 1
    outer loop
      vertex -18.60030037164688 1.9023821949958801 75
      vertex -12.47204177081585 13.929766908288002 75
      vertex -12.549774825572968 13.859775751829147 75
    endloop
  endfacet
  facet normal 0 0 1
    outer loop
      vertex -18.60030037164688 1.9023821949958801 75
      vertex -10.991584219038486 15.12861779332161 75
      vertex -12.47204177081585 13.929766908288002 75
    endloop
  endfacet
  facet normal 0 0 1
    outer loop
      vertex -10.991584219038486 15.12861779332161 75
      vertex -14.502534140076289 6.456944208828328 75
      vertex -13.748153285077963 7.9375 75
    endloop
  endfacet
  facet normal 0 0 1
    outer loop
      vertex -10.991584219038486 15.12861779332161 75
      vertex -13.748153285077963 7.9375 75
      vertex -12.843144785702291 9.33109088014301 75
    endloop
  endfacet
  facet normal 0 0 1
    outer loop
      vertex -10.991584219038486 15.12861779332161 75
      vertex -12.843144785702291 9.33109088014301 75
      vertex -11.797424104453633 10.622448375946874 75
    endloop
  endfacet
  facet normal 0 0 1
    outer loop
      vertex -9.393922723829746 16.16615130007267 75
      vertex -11.797424104453633 10.622448375946874 75
      vertex -10.622448375946874 11.797424104453633 75
    endloop
  endfacet
  facet normal 0 0 1
    outer loop
      vertex -10.991584219038486 15.12861779332161 75
      vertex -11.797424104453633 10.622448375946874 75
      vertex -9.393922723829746 16.16615130007267 75
    endloop
  endfacet
  facet normal 0 0 1
    outer loop
      vertex -9.393922723829746 16.16615130007267 75
      vertex -10.622448375946874 11.797424104453633 75
      vertex -9.33109088014301 12.843144785702291 75
    endloop
  endfacet
  facet normal 0 0 1
    outer loop
      vertex -9.393922723829746 16.16615130007267 75
      vertex -9.33109088014301 12.843144785702291 75
      vertex -7.9375 13.748153285077963 75
    endloop
  endfacet
  facet normal 0 0 1
    outer loop
      vertex -9.393922723829746 16.16615130007267 75
      vertex -7.9375 13.748153285077963 75
      vertex -9.303336344659328 16.218451373279095 75
    endloop
  endfacet
  facet normal 0 0 1
    outer loop
      vertex -9.303336344659328 16.218451373279095 75
      vertex -7.9375 13.748153285077963 75
      vertex -6.456944208828328 14.502534140076289 75
    endloop
  endfacet
  facet normal 0 0 1
    outer loop
      vertex -9.303336344659328 16.218451373279095 75
      vertex -6.456944208828328 14.502534140076289 75
      vertex -7.652638882398605 17.05952373892069 75
    endloop
  endfacet
  facet normal -0.358367948630706 0.9335804268482816 0
    outer loop
      vertex -7.557081900537014 17.102068446576595 0
      vertex -7.557081900537014 17.102068446576595 75
      vertex -5.827511124312878 17.76598846167326 75
    endloop
  endfacet
  facet normal -0.3090170440612351 0.9510565001510987 0
    outer loop
      vertex -5.827511124312878 17.76598846167326 0
      vertex -5.827511124312878 17.76598846167326 75
      vertex -5.728030480444431 17.798311688005924 75
    endloop
  endfacet
  facet normal -0.25881904511010356 0.9659258262870366 0
    outer loop
      vertex -5.728030480444431 17.798311688005924 0
      vertex -5.728030480444431 17.798311688005924 75
      vertex -3.938535936176777 18.2778053060174 75
    endloop
  endfacet
  facet normal -0.2079116659329397 0.978147606023237 0
    outer loop
      vertex -3.938535936176777 18.2778053060174 0
      vertex -3.938535936176777 18.2778053060174 75
      vertex -3.8362215608358383 18.299552895128727 75
    endloop
  endfacet
  facet normal -0.15643446494892183 0.9876883406095995 0
    outer loop
      vertex -3.8362215608358383 18.299552895128727 0
      vertex -3.8362215608358383 18.299552895128727 75
      vertex -2.0064093247056007 18.5893666818738 75
    endloop
  endfacet
  facet normal -0.10452844301397586 0.9945218974970205 0
    outer loop
      vertex -2.0064093247056007 18.5893666818738 0
      vertex -2.0064093247056007 18.5893666818738 75
      vertex -1.9023821949958801 18.60030037164688 75
    endloop
  endfacet
  facet normal -0.05233595675835429 0.9986295347275623 0
    outer loop
      vertex -1.9023821949958801 18.60030037164688 0
      vertex -1.9023821949958801 18.60030037164688 75
      vertex -0.052300065755844116 18.697259068489075 75
    endloop
  endfacet
  facet normal 0 1 0
    outer loop
      vertex -0.052300065755844116 18.697259068489075 0
      vertex -0.052300065755844116 18.697259068489075 75
      vertex 0.052300065755844116 18.697259068489075 75
    endloop
  endfacet
  facet normal 0.05233595675835429 0.9986295347275623 0
    outer loop
      vertex 0.052300065755844116 18.697259068489075 0
      vertex 0.052300065755844116 18.697259068489075 75
      vertex 1.9023821949958801 18.60030037164688 75
    endloop
  endfacet
  facet normal 0.10452844301397586 0.9945218974970205 0
    outer loop
      vertex 1.9023821949958801 18.60030037164688 0
      vertex 1.9023821949958801 18.60030037164688 75
      vertex 2.0064093247056007 18.5893666818738 75
    endloop
  endfacet
  facet normal 0.15643446494892183 0.9876883406095995 0
    outer loop
      vertex 2.0064093247056007 18.5893666818738 0
      vertex 2.0064093247056007 18.5893666818738 75
      vertex 3.8362215608358383 18.299552895128727 75
    endloop
  endfacet
  facet normal 0.2079116659329397 0.978147606023237 0
    outer loop
      vertex 3.8362215608358383 18.299552895128727 0
      vertex 3.8362215608358383 18.299552895128727 75
      vertex 3.938535936176777 18.2778053060174 75
    endloop
  endfacet
  facet normal 0 0 1
    outer loop
      vertex -7.652638882398605 17.05952373892069 75
      vertex -6.456944208828328 14.502534140076289 75
      vertex -7.557081900537014 17.102068446576595 75
    endloop
  endfacet
  facet normal 0 0 1
    outer loop
      vertex -7.557081900537014 17.102068446576595 75
      vertex -6.456944208828328 14.502534140076289 75
      vertex -4.90564478570229 15.098022196185562 75
    endloop
  endfacet
  facet normal 0 0 1
    outer loop
      vertex -5.728030480444431 17.798311688005924 75
      vertex -4.90564478570229 15.098022196185562 75
      vertex -3.3005980917319295 15.528093161649165 75
    endloop
  endfacet
  facet normal 0 0 1
    outer loop
      vertex -7.557081900537014 17.102068446576595 75
      vertex -4.90564478570229 15.098022196185562 75
      vertex -5.827511124312878 17.76598846167326 75
    endloop
  endfacet
  facet normal 0 0 1
    outer loop
      vertex -5.827511124312878 17.76598846167326 75
      vertex -4.90564478570229 15.098022196185562 75
      vertex -5.728030480444431 17.798311688005924 75
    endloop
  endfacet
  facet normal 0 0 1
    outer loop
      vertex -5.728030480444431 17.798311688005924 75
      vertex -3.3005980917319295 15.528093161649165 75
      vertex -3.938535936176777 18.2778053060174 75
    endloop
  endfacet
  facet normal 0 0 1
    outer loop
      vertex -3.938535936176777 18.2778053060174 75
      vertex -3.3005980917319295 15.528093161649165 75
      vertex -3.8362215608358383 18.299552895128727 75
    endloop
  endfacet
  facet normal 0 0 1
    outer loop
      vertex -3.8362215608358383 18.299552895128727 75
      vertex -3.3005980917319295 15.528093161649165 75
      vertex -1.6593893543739988 15.788035088971338 75
    endloop
  endfacet
  facet normal 0 0 1
    outer loop
      vertex -3.8362215608358383 18.299552895128727 75
      vertex -1.6593893543739988 15.788035088971338 75
      vertex -2.0064093247056007 18.5893666818738 75
    endloop
  endfacet
  facet normal 0 0 1
    outer loop
      vertex -2.0064093247056007 18.5893666818738 75
      vertex -1.6593893543739988 15.788035088971338 75
      vertex -1.9023821949958801 18.60030037164688 75
    endloop
  endfacet
  facet normal 0 0 1
    outer loop
      vertex -1.9023821949958801 18.60030037164688 75
      vertex -1.6593893543739988 15.788035088971338 75
      vertex 0 15.875 75
    endloop
  endfacet
  facet normal 0 0 1
    outer loop
      vertex -1.9023821949958801 18.60030037164688 75
      vertex 0 15.875 75
      vertex -0.052300065755844116 18.697259068489075 75
    endloop
  endfacet
  facet normal 0 0 1
    outer loop
      vertex 0.052300065755844116 18.697259068489075 75
      vertex 0 15.875 75
      vertex 1.6593893543739988 15.788035088971338 75
    endloop
  endfacet
  facet normal 0 0 1
    outer loop
      vertex -0.052300065755844116 18.697259068489075 75
      vertex 0 15.875 75
      vertex 0.052300065755844116 18.697259068489075 75
    endloop
  endfacet
  facet normal 0 0 1
    outer loop
      vertex 2.0064093247056007 18.5893666818738 75
      vertex 1.6593893543739988 15.788035088971338 75
      vertex 3.3005980917319295 15.528093161649165 75
    endloop
  endfacet
  facet normal 0 0 1
    outer loop
      vertex 0.052300065755844116 18.697259068489075 75
      vertex 1.6593893543739988 15.788035088971338 75
      vertex 1.9023821949958801 18.60030037164688 75
    endloop
  endfacet
  facet normal 0 0 1
    outer loop
      vertex 1.9023821949958801 18.60030037164688 75
      vertex 1.6593893543739988 15.788035088971338 75
      vertex 2.0064093247056007 18.5893666818738 75
    endloop
  endfacet
  facet normal 0 0 1
    outer loop
      vertex 2.0064093247056007 18.5893666818738 75
      vertex 3.3005980917319295 15.528093161649165 75
      vertex 3.8362215608358383 18.299552895128727 75
    endloop
  endfacet
  facet normal 0 0 1
    outer loop
      vertex 3.8362215608358383 18.299552895128727 75
      vertex 3.3005980917319295 15.528093161649165 75
      vertex 3.938535936176777 18.2778053060174 75
    endloop
  endfacet
  facet normal 0 0 -1
    outer loop
      vertex 3.8362215608358383 -18.299552895128727 0
      vertex 5.165555367062662 -11.60202731206103 0
      vertex 3.938535936176777 -18.2778053060174 0
    endloop
  endfacet
  facet normal 0 0 -1
    outer loop
      vertex 3.938535936176777 -18.2778053060174 0
      vertex 5.165555367062662 -11.60202731206103 0
      vertex 5.728030480444431 -17.798311688005924 0
    endloop
  endfacet
  facet normal 0 0 -1
    outer loop
      vertex 5.728030480444431 -17.798311688005924 0
      vertex 6.35 -10.99852262806237 0
      vertex 5.827511124312878 -17.76598846167326 0
    endloop
  endfacet
  facet normal 0 0 -1
    outer loop
      vertex 5.827511124312878 -17.76598846167326 0
      vertex 7.464872704114408 -10.274515828561832 0
      vertex 7.557081900537014 -17.102068446576595 0
    endloop
  endfacet
  facet normal 0 0 -1
    outer loop
      vertex 7.557081900537014 -17.102068446576595 0
      vertex 8.497958700757499 -9.437939283562907 0
      vertex 7.652638882398605 -17.05952373892069 0
    endloop
  endfacet
  facet normal 0 0 -1
    outer loop
      vertex 7.652638882398605 -17.05952373892069 0
      vertex 8.497958700757499 -9.437939283562907 0
      vertex 9.303336344659328 -16.218451373279095 0
    endloop
  endfacet
  facet normal 0 0 -1
    outer loop
      vertex 3.8362215608358383 -18.299552895128727 0
      vertex 3.9245158285618316 -12.078417756948449 0
      vertex 5.165555367062662 -11.60202731206103 0
    endloop
  endfacet
  facet normal 0 0 -1
    outer loop
      vertex 5.728030480444431 -17.798311688005924 0
      vertex 5.165555367062662 -11.60202731206103 0
      vertex 6.35 -10.99852262806237 0
    endloop
  endfacet
  facet normal 0 0 -1
    outer loop
      vertex 5.827511124312878 -17.76598846167326 0
      vertex 6.35 -10.99852262806237 0
      vertex 7.464872704114408 -10.274515828561832 0
    endloop
  endfacet
  facet normal 0 0 -1
    outer loop
      vertex 7.557081900537014 -17.102068446576595 0
      vertex 7.464872704114408 -10.274515828561832 0
      vertex 8.497958700757499 -9.437939283562907 0
    endloop
  endfacet
  facet normal 0 0 -1
    outer loop
      vertex 9.303336344659328 -16.218451373279095 0
      vertex 9.437939283562907 -8.497958700757499 0
      vertex 9.393922723829746 -16.16615130007267 0
    endloop
  endfacet
  facet normal 0 0 -1
    outer loop
      vertex 9.303336344659328 -16.218451373279095 0
      vertex 8.497958700757499 -9.437939283562907 0
      vertex 9.437939283562907 -8.497958700757499 0
    endloop
  endfacet
  facet normal 0 0 -1
    outer loop
      vertex 9.393922723829746 -16.16615130007267 0
      vertex 12.078417756948449 -3.9245158285618316 0
      vertex 10.991584219038486 -15.12861779332161 0
    endloop
  endfacet
  facet normal 0 0 -1
    outer loop
      vertex 9.393922723829746 -16.16615130007267 0
      vertex 9.437939283562907 -8.497958700757499 0
      vertex 10.274515828561832 -7.464872704114408 0
    endloop
  endfacet
  facet normal 0 0 -1
    outer loop
      vertex 9.393922723829746 -16.16615130007267 0
      vertex 10.274515828561832 -7.464872704114408 0
      vertex 10.99852262806237 -6.35 0
    endloop
  endfacet
  facet normal 0 0 -1
    outer loop
      vertex 10.991584219038486 -15.12861779332161 0
      vertex 18.87242415547371 -0.4 0
      vertex 12.47204177081585 -13.929766908288002 0
    endloop
  endfacet
  facet normal 0 0 -1
    outer loop
      vertex 12.47204177081585 -13.929766908288002 0
      vertex 18.87242415547371 -0.4 0
      vertex 12.549774825572968 -13.859775751829147 0
    endloop
  endfacet
  facet normal 0.25881904511010356 -0.9659258262870366 0
    outer loop
      vertex 3.938535936176777 -18.2778053060174 0
      vertex 5.728030480444431 -17.798311688005924 0
      vertex 3.938535936176777 -18.2778053060174 75
    endloop
  endfacet
  facet normal 0.3090170440612351 -0.9510565001510987 0
    outer loop
      vertex 5.728030480444431 -17.798311688005924 0
      vertex 5.827511124312878 -17.76598846167326 0
      vertex 5.728030480444431 -17.798311688005924 75
    endloop
  endfacet
  facet normal 0.358367948630706 -0.9335804268482816 0
    outer loop
      vertex 5.827511124312878 -17.76598846167326 0
      vertex 7.557081900537014 -17.102068446576595 0
      vertex 5.827511124312878 -17.76598846167326 75
    endloop
  endfacet
  facet normal 0.406736629110164 -0.9135454638605027 0
    outer loop
      vertex 7.557081900537014 -17.102068446576595 0
      vertex 7.652638882398605 -17.05952373892069 0
      vertex 7.557081900537014 -17.102068446576595 75
    endloop
  endfacet
  facet normal 0.4539904993983928 -0.8910065243621944 0
    outer loop
      vertex 7.652638882398605 -17.05952373892069 0
      vertex 9.303336344659328 -16.218451373279095 0
      vertex 7.652638882398605 -17.05952373892069 75
    endloop
  endfacet
  facet normal 0.5000000201300191 -0.8660253921623664 0
    outer loop
      vertex 9.303336344659328 -16.218451373279095 0
      vertex 9.393922723829746 -16.16615130007267 0
      vertex 9.303336344659328 -16.218451373279095 75
    endloop
  endfacet
  facet normal 0.5446390351639041 -0.838670567848742 0
    outer loop
      vertex 9.393922723829746 -16.16615130007267 0
      vertex 10.991584219038486 -15.12861779332161 0
      vertex 9.393922723829746 -16.16615130007267 75
    endloop
  endfacet
  facet normal 0.6293203903464335 -0.7771459620265762 0
    outer loop
      vertex 10.991584219038486 -15.12861779332161 0
      vertex 12.47204177081585 -13.929766908288002 0
      vertex 10.991584219038486 -15.12861779332161 75
    endloop
  endfacet
  facet normal 0.6691306041409342 -0.743144827474422 0
    outer loop
      vertex 12.47204177081585 -13.929766908288002 0
      vertex 12.549774825572968 -13.859775751829147 0
      vertex 12.47204177081585 -13.929766908288002 75
    endloop
  endfacet
  facet normal 0.7071067811865475 -0.7071067811865475 0
    outer loop
      vertex 12.549774825572968 -13.859775751829147 0
      vertex 13.859775751829147 -12.549774825572968 0
      vertex 12.549774825572968 -13.859775751829147 75
    endloop
  endfacet
  facet normal 0.743144827474422 -0.6691306041409342 0
    outer loop
      vertex 13.859775751829147 -12.549774825572968 0
      vertex 13.929766908288002 -12.47204177081585 0
      vertex 13.859775751829147 -12.549774825572968 75
    endloop
  endfacet
  facet normal 0.7771459616490201 -0.6293203908126767 0
    outer loop
      vertex 13.929766908288002 -12.47204177081585 0
      vertex 15.095659129321575 -11.032284781336784 0
      vertex 13.929766908288002 -12.47204177081585 75
    endloop
  endfacet
  facet normal 0.8090169968558929 -0.5877852488777445 0
    outer loop
      vertex 15.095659129321575 -11.032284781336784 0
      vertex 15.157141543924809 -10.947661496698856 0
      vertex 15.095659129321575 -11.032284781336784 75
    endloop
  endfacet
  facet normal 0 0 -1
    outer loop
      vertex 9.393922723829746 -16.16615130007267 0
      vertex 10.99852262806237 -6.35 0
      vertex 11.60202731206103 -5.165555367062662 0
    endloop
  endfacet
  facet normal 0 0 -1
    outer loop
      vertex 9.393922723829746 -16.16615130007267 0
      vertex 11.60202731206103 -5.165555367062662 0
      vertex 12.078417756948449 -3.9245158285618316 0
    endloop
  endfacet
  facet normal 0 0 -1
    outer loop
      vertex 10.991584219038486 -15.12861779332161 0
      vertex 12.078417756948449 -3.9245158285618316 0
      vertex 12.42247452931933 -2.6404784733855435 0
    endloop
  endfacet
  facet normal 0 0 -1
    outer loop
      vertex 10.991584219038486 -15.12861779332161 0
      vertex 12.42247452931933 -2.6404784733855435 0
      vertex 12.63042807117707 -1.327511483499199 0
    endloop
  endfacet
  facet normal 0 0 -1
    outer loop
      vertex 12.549774825572968 -13.859775751829147 0
      vertex 18.87242415547371 -0.4 0
      vertex 13.859775751829147 -12.549774825572968 0
    endloop
  endfacet
  facet normal 0 0 -1
    outer loop
      vertex 10.991584219038486 -15.12861779332161 0
      vertex 12.63042807117707 -1.327511483499199 0
      vertex 18.87242415547371 -0.4 0
    endloop
  endfacet
  facet normal 0 0 -1
    outer loop
      vertex 12.679036888286783 -0.4 0
      vertex 18.87242415547371 -0.4 0
      vertex 12.63042807117707 -1.327511483499199 0
    endloop
  endfacet
  facet normal 0.8386705681423526 -0.5446390347117838 0
    outer loop
      vertex 15.157141543924809 -10.947661496698856 0
      vertex 16.16615130007267 -9.393922723829746 0
      vertex 15.157141543924809 -10.947661496698856 75
    endloop
  endfacet
  facet normal 0.8660253921623664 -0.5000000201300191 0
    outer loop
      vertex 16.16615130007267 -9.393922723829746 0
      vertex 16.218451373279095 -9.303336344659328 0
      vertex 16.16615130007267 -9.393922723829746 75
    endloop
  endfacet
  facet normal 0 0 -1
    outer loop
      vertex 13.859775751829147 -12.549774825572968 0
      vertex 18.87242415547371 -0.4 0
      vertex 13.929766908288002 -12.47204177081585 0
    endloop
  endfacet
  facet normal 0 0 -1
    outer loop
      vertex 13.929766908288002 -12.47204177081585 0
      vertex 18.87242415547371 -0.4 0
      vertex 15.095659129321575 -11.032284781336784 0
    endloop
  endfacet
  facet normal 0 0 -1
    outer loop
      vertex 15.095659129321575 -11.032284781336784 0
      vertex 18.87242415547371 -0.4 0
      vertex 15.157141543924809 -10.947661496698856 0
    endloop
  endfacet
  facet normal 0 0 -1
    outer loop
      vertex 15.157141543924809 -10.947661496698856 0
      vertex 18.87242415547371 -0.4 0
      vertex 16.16615130007267 -9.393922723829746 0
    endloop
  endfacet
  facet normal 0 0 -1
    outer loop
      vertex 16.16615130007267 -9.393922723829746 0
      vertex 18.87242415547371 -0.4 0
      vertex 16.218451373279095 -9.303336344659328 0
    endloop
  endfacet
  facet normal 0 0 -1
    outer loop
      vertex 16.218451373279095 -9.303336344659328 0
      vertex 18.87242415547371 -0.4 0
      vertex 17.090411111712456 -7.592018999159336 0
    endloop
  endfacet
  facet normal 0 0 -1
    outer loop
      vertex 17.090411111712456 -7.592018999159336 0
      vertex 18.87242415547371 -0.4 0
      vertex 17.189917095005512 -7.418718367815018 0
    endloop
  endfacet
  facet normal 0 0 -1
    outer loop
      vertex 17.189917095005512 -7.418718367815018 0
      vertex 18.87242415547371 -0.4 0
      vertex 17.30622061342001 -7.25621285289526 0
    endloop
  endfacet
  facet normal 0 0 -1
    outer loop
      vertex 17.30622061342001 -7.25621285289526 0
      vertex 18.87242415547371 -0.4 0
      vertex 17.43816054612398 -7.106124863028526 0
    endloop
  endfacet
  facet normal 0 0 -1
    outer loop
      vertex 17.43816054612398 -7.106124863028526 0
      vertex 18.87242415547371 -0.4 0
      vertex 17.584419652819633 -6.969952814280987 0
    endloop
  endfacet
  facet normal 0 0 -1
    outer loop
      vertex 17.584419652819633 -6.969952814280987 0
      vertex 18.87242415547371 -0.4 0
      vertex 17.743537724018097 -6.849056206643581 0
    endloop
  endfacet
  facet normal 0 0 -1
    outer loop
      vertex 17.743537724018097 -6.849056206643581 0
      vertex 18.87242415547371 -0.4 0
      vertex 17.9139261841774 -6.744642019271851 0
    endloop
  endfacet
  facet normal 0 0 -1
    outer loop
      vertex 17.9139261841774 -6.744642019271851 0
      vertex 18.87242415547371 -0.4 0
      vertex 18.09388394653797 -6.657752692699432 0
    endloop
  endfacet
  facet normal 0 0 -1
    outer loop
      vertex 18.09388394653797 -6.657752692699432 0
      vertex 18.87242415547371 -0.4 0
      vertex 18.281614370644093 -6.589255698025227 0
    endloop
  endfacet
  facet normal 0 0 -1
    outer loop
      vertex 18.281614370644093 -6.589255698025227 0
      vertex 18.87242415547371 -0.4 0
      vertex 18.475243225693703 -6.539834879338741 0
    endloop
  endfacet
  facet normal 0 0 -1
    outer loop
      vertex 18.475243225693703 -6.539834879338741 0
      vertex 18.87242415547371 -0.4 0
      vertex 18.672837391495705 -6.509983636438847 0
    endloop
  endfacet
  facet normal 0 0 -1
    outer loop
      vertex 18.672837391495705 -6.509983636438847 0
      vertex 18.87242415547371 -0.4 0
      vertex 18.87242415547371 -6.5 0
    endloop
  endfacet
  facet normal 0 0 -1
    outer loop
      vertex 18.87242415547371 -6.5 0
      vertex 18.87242415547371 -0.4 0
      vertex 26.700000002980232 -0.4 0
    endloop
  endfacet
  facet normal 0 0 -1
    outer loop
      vertex 18.87242415547371 -6.5 0
      vertex 26.700000002980232 -0.4 0
      vertex 26.700000002980232 -6.5 0
    endloop
  endfacet
  facet normal 0.8910065244537644 -0.45399049921867685 0
    outer loop
      vertex 16.218451373279095 -9.303336344659328 0
      vertex 17.090411111712456 -7.592018999159336 0
      vertex 16.218451373279095 -9.303336344659328 75
    endloop
  endfacet
  facet normal 0.8672129408114941 -0.49793746122287286 0
    outer loop
      vertex 17.090411111712456 -7.592018999159336 0
      vertex 17.189917095005512 -7.418718367815018 0
      vertex 17.090411111712456 -7.592018999159336 75
    endloop
  endfacet
  facet normal 0.8131931327165286 -0.5819939251424178 0
    outer loop
      vertex 17.189917095005512 -7.418718367815018 0
      vertex 17.30622061342001 -7.25621285289526 0
      vertex 17.189917095005512 -7.418718367815018 75
    endloop
  endfacet
  facet normal 0.7510546523652205 -0.6602400390468286 0
    outer loop
      vertex 17.30622061342001 -7.25621285289526 0
      vertex 17.43816054612398 -7.106124863028526 0
      vertex 17.30622061342001 -7.25621285289526 75
    endloop
  endfacet
  facet normal 0.6814179301490868 -0.7318945309751496 0
    outer loop
      vertex 17.43816054612398 -7.106124863028526 0
      vertex 17.584419652819633 -6.969952814280987 0
      vertex 17.43816054612398 -7.106124863028526 75
    endloop
  endfacet
  facet normal 0.6049781861729308 -0.7962420450182914 0
    outer loop
      vertex 17.584419652819633 -6.969952814280987 0
      vertex 17.743537724018097 -6.849056206643581 0
      vertex 17.584419652819633 -6.969952814280987 75
    endloop
  endfacet
  facet normal 0.5224985818003665 -0.8526401538847475 0
    outer loop
      vertex 17.743537724018097 -6.849056206643581 0
      vertex 17.9139261841774 -6.744642019271851 0
      vertex 17.743537724018097 -6.849056206643581 75
    endloop
  endfacet
  facet normal 0.434802494180523 -0.9005258414140019 0
    outer loop
      vertex 17.9139261841774 -6.744642019271851 0
      vertex 18.09388394653797 -6.657752692699432 0
      vertex 17.9139261841774 -6.744642019271851 75
    endloop
  endfacet
  facet normal 0.3427655114331333 -0.9394209941085959 0
    outer loop
      vertex 18.09388394653797 -6.657752692699432 0
      vertex 18.281614370644093 -6.589255698025227 0
      vertex 18.09388394653797 -6.657752692699432 75
    endloop
  endfacet
  facet normal 0.2473065013361951 -0.968937301581919 0
    outer loop
      vertex 18.281614370644093 -6.589255698025227 0
      vertex 18.475243225693703 -6.539834879338741 0
      vertex 18.281614370644093 -6.589255698025227 75
    endloop
  endfacet
  facet normal 0.1493784728111356 -0.9887800927711949 0
    outer loop
      vertex 18.475243225693703 -6.539834879338741 0
      vertex 18.672837391495705 -6.509983636438847 0
      vertex 18.475243225693703 -6.539834879338741 75
    endloop
  endfacet
  facet normal 0.049959072098455196 -0.9987512658890908 0
    outer loop
      vertex 18.672837391495705 -6.509983636438847 0
      vertex 18.87242415547371 -6.5 0
      vertex 18.672837391495705 -6.509983636438847 75
    endloop
  endfacet
  facet normal 0 -1 0
    outer loop
      vertex 18.87242415547371 -6.5 0
      vertex 26.700000002980232 -6.5 0
      vertex 18.87242415547371 -6.5 75
    endloop
  endfacet
  facet normal 1 0 0
    outer loop
      vertex 26.700000002980232 -6.5 0
      vertex 26.700000002980232 -0.4 0
      vertex 26.700000002980232 -6.5 75
    endloop
  endfacet
  facet normal 0.25881904511010356 -0.9659258262870366 0
    outer loop
      vertex 3.938535936176777 -18.2778053060174 75
      vertex 5.728030480444431 -17.798311688005924 0
      vertex 5.728030480444431 -17.798311688005924 75
    endloop
  endfacet
  facet normal 0.3090170440612351 -0.9510565001510987 0
    outer loop
      vertex 5.827511124312878 -17.76598846167326 0
      vertex 5.827511124312878 -17.76598846167326 75
      vertex 5.728030480444431 -17.798311688005924 75
    endloop
  endfacet
  facet normal 0.358367948630706 -0.9335804268482816 0
    outer loop
      vertex 7.557081900537014 -17.102068446576595 0
      vertex 7.557081900537014 -17.102068446576595 75
      vertex 5.827511124312878 -17.76598846167326 75
    endloop
  endfacet
  facet normal 0.406736629110164 -0.9135454638605027 0
    outer loop
      vertex 7.652638882398605 -17.05952373892069 0
      vertex 7.652638882398605 -17.05952373892069 75
      vertex 7.557081900537014 -17.102068446576595 75
    endloop
  endfacet
  facet normal 0.4539904993983928 -0.8910065243621944 0
    outer loop
      vertex 9.303336344659328 -16.218451373279095 0
      vertex 9.303336344659328 -16.218451373279095 75
      vertex 7.652638882398605 -17.05952373892069 75
    endloop
  endfacet
  facet normal 0.5000000201300191 -0.8660253921623664 0
    outer loop
      vertex 9.393922723829746 -16.16615130007267 0
      vertex 9.393922723829746 -16.16615130007267 75
      vertex 9.303336344659328 -16.218451373279095 75
    endloop
  endfacet
  facet normal 0.5446390351639041 -0.838670567848742 0
    outer loop
      vertex 10.991584219038486 -15.12861779332161 0
      vertex 10.991584219038486 -15.12861779332161 75
      vertex 9.393922723829746 -16.16615130007267 75
    endloop
  endfacet
  facet normal 0.6293203903464335 -0.7771459620265762 0
    outer loop
      vertex 12.47204177081585 -13.929766908288002 0
      vertex 12.47204177081585 -13.929766908288002 75
      vertex 10.991584219038486 -15.12861779332161 75
    endloop
  endfacet
  facet normal 0.6691306041409342 -0.743144827474422 0
    outer loop
      vertex 12.549774825572968 -13.859775751829147 0
      vertex 12.549774825572968 -13.859775751829147 75
      vertex 12.47204177081585 -13.929766908288002 75
    endloop
  endfacet
  facet normal 0.7071067811865475 -0.7071067811865475 0
    outer loop
      vertex 13.859775751829147 -12.549774825572968 0
      vertex 13.859775751829147 -12.549774825572968 75
      vertex 12.549774825572968 -13.859775751829147 75
    endloop
  endfacet
  facet normal 0.743144827474422 -0.6691306041409342 0
    outer loop
      vertex 13.929766908288002 -12.47204177081585 0
      vertex 13.929766908288002 -12.47204177081585 75
      vertex 13.859775751829147 -12.549774825572968 75
    endloop
  endfacet
  facet normal 0.7771459616490201 -0.6293203908126767 0
    outer loop
      vertex 15.095659129321575 -11.032284781336784 0
      vertex 15.095659129321575 -11.032284781336784 75
      vertex 13.929766908288002 -12.47204177081585 75
    endloop
  endfacet
  facet normal 0.8090169968558929 -0.5877852488777445 0
    outer loop
      vertex 15.157141543924809 -10.947661496698856 0
      vertex 15.157141543924809 -10.947661496698856 75
      vertex 15.095659129321575 -11.032284781336784 75
    endloop
  endfacet
  facet normal 0 0 1
    outer loop
      vertex 3.938535936176777 -18.2778053060174 75
      vertex 5.728030480444431 -17.798311688005924 75
      vertex 3.3005980917319295 -15.528093161649165 75
    endloop
  endfacet
  facet normal 0 0 1
    outer loop
      vertex 5.728030480444431 -17.798311688005924 75
      vertex 5.827511124312878 -17.76598846167326 75
      vertex 4.90564478570229 -15.098022196185562 75
    endloop
  endfacet
  facet normal 0 0 1
    outer loop
      vertex 5.827511124312878 -17.76598846167326 75
      vertex 7.557081900537014 -17.102068446576595 75
      vertex 4.90564478570229 -15.098022196185562 75
    endloop
  endfacet
  facet normal 0 0 1
    outer loop
      vertex 5.728030480444431 -17.798311688005924 75
      vertex 4.90564478570229 -15.098022196185562 75
      vertex 3.3005980917319295 -15.528093161649165 75
    endloop
  endfacet
  facet normal 0 0 1
    outer loop
      vertex 7.557081900537014 -17.102068446576595 75
      vertex 6.456944208828328 -14.502534140076289 75
      vertex 4.90564478570229 -15.098022196185562 75
    endloop
  endfacet
  facet normal 0 0 1
    outer loop
      vertex 7.557081900537014 -17.102068446576595 75
      vertex 7.652638882398605 -17.05952373892069 75
      vertex 6.456944208828328 -14.502534140076289 75
    endloop
  endfacet
  facet normal 0 0 1
    outer loop
      vertex 7.652638882398605 -17.05952373892069 75
      vertex 9.303336344659328 -16.218451373279095 75
      vertex 6.456944208828328 -14.502534140076289 75
    endloop
  endfacet
  facet normal 0 0 1
    outer loop
      vertex 9.303336344659328 -16.218451373279095 75
      vertex 7.9375 -13.748153285077963 75
      vertex 6.456944208828328 -14.502534140076289 75
    endloop
  endfacet
  facet normal 0 0 1
    outer loop
      vertex 9.303336344659328 -16.218451373279095 75
      vertex 9.393922723829746 -16.16615130007267 75
      vertex 7.9375 -13.748153285077963 75
    endloop
  endfacet
  facet normal 0 0 1
    outer loop
      vertex 9.393922723829746 -16.16615130007267 75
      vertex 9.33109088014301 -12.843144785702291 75
      vertex 7.9375 -13.748153285077963 75
    endloop
  endfacet
  facet normal 0 0 1
    outer loop
      vertex 9.393922723829746 -16.16615130007267 75
      vertex 10.991584219038486 -15.12861779332161 75
      vertex 9.33109088014301 -12.843144785702291 75
    endloop
  endfacet
  facet normal 0 0 1
    outer loop
      vertex 10.991584219038486 -15.12861779332161 75
      vertex 10.622448375946874 -11.797424104453633 75
      vertex 9.33109088014301 -12.843144785702291 75
    endloop
  endfacet
  facet normal 0 0 1
    outer loop
      vertex 10.991584219038486 -15.12861779332161 75
      vertex 12.47204177081585 -13.929766908288002 75
      vertex 10.622448375946874 -11.797424104453633 75
    endloop
  endfacet
  facet normal 0 0 1
    outer loop
      vertex 12.47204177081585 -13.929766908288002 75
      vertex 11.797424104453633 -10.622448375946874 75
      vertex 10.622448375946874 -11.797424104453633 75
    endloop
  endfacet
  facet normal 0 0 1
    outer loop
      vertex 12.47204177081585 -13.929766908288002 75
      vertex 12.843144785702291 -9.33109088014301 75
      vertex 11.797424104453633 -10.622448375946874 75
    endloop
  endfacet
  facet normal 0 0 1
    outer loop
      vertex 12.47204177081585 -13.929766908288002 75
      vertex 12.549774825572968 -13.859775751829147 75
      vertex 12.843144785702291 -9.33109088014301 75
    endloop
  endfacet
  facet normal 0 0 1
    outer loop
      vertex 12.549774825572968 -13.859775751829147 75
      vertex 13.859775751829147 -12.549774825572968 75
      vertex 12.843144785702291 -9.33109088014301 75
    endloop
  endfacet
  facet normal 0 0 1
    outer loop
      vertex 13.859775751829147 -12.549774825572968 75
      vertex 13.929766908288002 -12.47204177081585 75
      vertex 13.748153285077963 -7.9375 75
    endloop
  endfacet
  facet normal 0 0 1
    outer loop
      vertex 13.859775751829147 -12.549774825572968 75
      vertex 13.748153285077963 -7.9375 75
      vertex 12.843144785702291 -9.33109088014301 75
    endloop
  endfacet
  facet normal 0 0 1
    outer loop
      vertex 13.929766908288002 -12.47204177081585 75
      vertex 15.095659129321575 -11.032284781336784 75
      vertex 13.748153285077963 -7.9375 75
    endloop
  endfacet
  facet normal 0 0 1
    outer loop
      vertex 15.095659129321575 -11.032284781336784 75
      vertex 14.502534140076289 -6.456944208828328 75
      vertex 13.748153285077963 -7.9375 75
    endloop
  endfacet
  facet normal 0 0 1
    outer loop
      vertex 15.095659129321575 -11.032284781336784 75
      vertex 15.157141543924809 -10.947661496698856 75
      vertex 15.098022196185562 -4.90564478570229 75
    endloop
  endfacet
  facet normal 0 0 1
    outer loop
      vertex 15.095659129321575 -11.032284781336784 75
      vertex 15.098022196185562 -4.90564478570229 75
      vertex 14.502534140076289 -6.456944208828328 75
    endloop
  endfacet
  facet normal 0 0 1
    outer loop
      vertex 15.157141543924809 -10.947661496698856 75
      vertex 15.528093161649165 -3.3005980917319295 75
      vertex 15.098022196185562 -4.90564478570229 75
    endloop
  endfacet
  facet normal 0.8386705681423526 -0.5446390347117838 0
    outer loop
      vertex 16.16615130007267 -9.393922723829746 0
      vertex 16.16615130007267 -9.393922723829746 75
      vertex 15.157141543924809 -10.947661496698856 75
    endloop
  endfacet
  facet normal 0.8660253921623664 -0.5000000201300191 0
    outer loop
      vertex 16.218451373279095 -9.303336344659328 0
      vertex 16.218451373279095 -9.303336344659328 75
      vertex 16.16615130007267 -9.393922723829746 75
    endloop
  endfacet
  facet normal 0.8910065244537644 -0.45399049921867685 0
    outer loop
      vertex 17.090411111712456 -7.592018999159336 0
      vertex 17.090411111712456 -7.592018999159336 75
      vertex 16.218451373279095 -9.303336344659328 75
    endloop
  endfacet
  facet normal 0.8672129408114941 -0.49793746122287286 0
    outer loop
      vertex 17.189917095005512 -7.418718367815018 0
      vertex 17.189917095005512 -7.418718367815018 75
      vertex 17.090411111712456 -7.592018999159336 75
    endloop
  endfacet
  facet normal 0.8131931327165286 -0.5819939251424178 0
    outer loop
      vertex 17.30622061342001 -7.25621285289526 0
      vertex 17.30622061342001 -7.25621285289526 75
      vertex 17.189917095005512 -7.418718367815018 75
    endloop
  endfacet
  facet normal 0.7510546523652205 -0.6602400390468286 0
    outer loop
      vertex 17.43816054612398 -7.106124863028526 0
      vertex 17.43816054612398 -7.106124863028526 75
      vertex 17.30622061342001 -7.25621285289526 75
    endloop
  endfacet
  facet normal 0.6814179301490868 -0.7318945309751496 0
    outer loop
      vertex 17.584419652819633 -6.969952814280987 0
      vertex 17.584419652819633 -6.969952814280987 75
      vertex 17.43816054612398 -7.106124863028526 75
    endloop
  endfacet
  facet normal 0.6049781861729308 -0.7962420450182914 0
    outer loop
      vertex 17.743537724018097 -6.849056206643581 0
      vertex 17.743537724018097 -6.849056206643581 75
      vertex 17.584419652819633 -6.969952814280987 75
    endloop
  endfacet
  facet normal 0.5224985818003665 -0.8526401538847475 0
    outer loop
      vertex 17.9139261841774 -6.744642019271851 0
      vertex 17.9139261841774 -6.744642019271851 75
      vertex 17.743537724018097 -6.849056206643581 75
    endloop
  endfacet
  facet normal 0.434802494180523 -0.9005258414140019 0
    outer loop
      vertex 18.09388394653797 -6.657752692699432 0
      vertex 18.09388394653797 -6.657752692699432 75
      vertex 17.9139261841774 -6.744642019271851 75
    endloop
  endfacet
  facet normal 0.3427655114331333 -0.9394209941085959 0
    outer loop
      vertex 18.281614370644093 -6.589255698025227 0
      vertex 18.281614370644093 -6.589255698025227 75
      vertex 18.09388394653797 -6.657752692699432 75
    endloop
  endfacet
  facet normal 0.2473065013361951 -0.968937301581919 0
    outer loop
      vertex 18.475243225693703 -6.539834879338741 0
      vertex 18.475243225693703 -6.539834879338741 75
      vertex 18.281614370644093 -6.589255698025227 75
    endloop
  endfacet
  facet normal 0.1493784728111356 -0.9887800927711949 0
    outer loop
      vertex 18.672837391495705 -6.509983636438847 0
      vertex 18.672837391495705 -6.509983636438847 75
      vertex 18.475243225693703 -6.539834879338741 75
    endloop
  endfacet
  facet normal 0.049959072098455196 -0.9987512658890908 0
    outer loop
      vertex 18.87242415547371 -6.5 0
      vertex 18.87242415547371 -6.5 75
      vertex 18.672837391495705 -6.509983636438847 75
    endloop
  endfacet
  facet normal 0 -1 0
    outer loop
      vertex 26.700000002980232 -6.5 0
      vertex 26.700000002980232 -6.5 75
      vertex 18.87242415547371 -6.5 75
    endloop
  endfacet
  facet normal 1 0 0
    outer loop
      vertex 26.700000002980232 -6.5 75
      vertex 26.700000002980232 -0.4 0
      vertex 26.700000002980232 -0.4 75
    endloop
  endfacet
  facet normal 0 0 1
    outer loop
      vertex 15.157141543924809 -10.947661496698856 75
      vertex 16.16615130007267 -9.393922723829746 75
      vertex 15.528093161649165 -3.3005980917319295 75
    endloop
  endfacet
  facet normal 0 0 1
    outer loop
      vertex 16.16615130007267 -9.393922723829746 75
      vertex 16.218451373279095 -9.303336344659328 75
      vertex 15.854036888286783 -0.4 75
    endloop
  endfacet
  facet normal 0 0 1
    outer loop
      vertex 16.16615130007267 -9.393922723829746 75
      vertex 15.788035088971338 -1.6593893543739988 75
      vertex 15.528093161649165 -3.3005980917319295 75
    endloop
  endfacet
  facet normal 0 0 1
    outer loop
      vertex 16.218451373279095 -9.303336344659328 75
      vertex 17.090411111712456 -7.592018999159336 75
      vertex 15.854036888286783 -0.4 75
    endloop
  endfacet
  facet normal 0 0 1
    outer loop
      vertex 17.090411111712456 -7.592018999159336 75
      vertex 17.189917095005512 -7.418718367815018 75
      vertex 15.854036888286783 -0.4 75
    endloop
  endfacet
  facet normal 0 0 1
    outer loop
      vertex 17.189917095005512 -7.418718367815018 75
      vertex 17.30622061342001 -7.25621285289526 75
      vertex 15.854036888286783 -0.4 75
    endloop
  endfacet
  facet normal 0 0 1
    outer loop
      vertex 17.30622061342001 -7.25621285289526 75
      vertex 17.43816054612398 -7.106124863028526 75
      vertex 15.854036888286783 -0.4 75
    endloop
  endfacet
  facet normal 0 0 1
    outer loop
      vertex 17.43816054612398 -7.106124863028526 75
      vertex 17.584419652819633 -6.969952814280987 75
      vertex 15.854036888286783 -0.4 75
    endloop
  endfacet
  facet normal 0 0 1
    outer loop
      vertex 17.584419652819633 -6.969952814280987 75
      vertex 17.743537724018097 -6.849056206643581 75
      vertex 15.854036888286783 -0.4 75
    endloop
  endfacet
  facet normal 0 0 1
    outer loop
      vertex 16.16615130007267 -9.393922723829746 75
      vertex 15.854036888286783 -0.4 75
      vertex 15.788035088971338 -1.6593893543739988 75
    endloop
  endfacet
  facet normal 0 0 1
    outer loop
      vertex 17.743537724018097 -6.849056206643581 75
      vertex 17.9139261841774 -6.744642019271851 75
      vertex 15.854036888286783 -0.4 75
    endloop
  endfacet
  facet normal 0 0 1
    outer loop
      vertex 17.9139261841774 -6.744642019271851 75
      vertex 18.09388394653797 -6.657752692699432 75
      vertex 15.854036888286783 -0.4 75
    endloop
  endfacet
  facet normal 0 0 1
    outer loop
      vertex 18.09388394653797 -6.657752692699432 75
      vertex 18.281614370644093 -6.589255698025227 75
      vertex 15.854036888286783 -0.4 75
    endloop
  endfacet
  facet normal 0 0 1
    outer loop
      vertex 18.281614370644093 -6.589255698025227 75
      vertex 18.475243225693703 -6.539834879338741 75
      vertex 15.854036888286783 -0.4 75
    endloop
  endfacet
  facet normal 0 0 1
    outer loop
      vertex 18.475243225693703 -6.539834879338741 75
      vertex 18.672837391495705 -6.509983636438847 75
      vertex 15.854036888286783 -0.4 75
    endloop
  endfacet
  facet normal 0 0 1
    outer loop
      vertex 18.672837391495705 -6.509983636438847 75
      vertex 18.87242415547371 -6.5 75
      vertex 15.854036888286783 -0.4 75
    endloop
  endfacet
  facet normal 0 0 1
    outer loop
      vertex 18.87242415547371 -6.5 75
      vertex 26.700000002980232 -6.5 75
      vertex 15.854036888286783 -0.4 75
    endloop
  endfacet
  facet normal 0 0 1
    outer loop
      vertex 26.700000002980232 -6.5 75
      vertex 26.700000002980232 -0.4 75
      vertex 15.854036888286783 -0.4 75
    endloop
  endfacet
  facet normal 0 0 -1
    outer loop
      vertex 15.095659129321575 11.032284781336784 0
      vertex 12.679036888286783 0.4 0
      vertex 12.63042807117707 1.327511483499199 0
    endloop
  endfacet
  facet normal 0 0 -1
    outer loop
      vertex 12.549774825572968 13.859775751829147 0
      vertex 11.60202731206103 5.165555367062662 0
      vertex 10.99852262806237 6.35 0
    endloop
  endfacet
  facet normal 0 0 -1
    outer loop
      vertex 12.47204177081585 13.929766908288002 0
      vertex 10.99852262806237 6.35 0
      vertex 10.274515828561832 7.464872704114408 0
    endloop
  endfacet
  facet normal 0 0 -1
    outer loop
      vertex 15.095659129321575 11.032284781336784 0
      vertex 12.63042807117707 1.327511483499199 0
      vertex 12.42247452931933 2.6404784733855435 0
    endloop
  endfacet
  facet normal 0 0 -1
    outer loop
      vertex 15.095659129321575 11.032284781336784 0
      vertex 12.42247452931933 2.6404784733855435 0
      vertex 12.078417756948449 3.9245158285618316 0
    endloop
  endfacet
  facet normal 0 0 -1
    outer loop
      vertex 16.218451373279095 9.303336344659328 0
      vertex 17.090411111712456 7.592018999159336 0
      vertex 12.679036888286783 0.4 0
    endloop
  endfacet
  facet normal 0 0 -1
    outer loop
      vertex 16.218451373279095 9.303336344659328 0
      vertex 12.679036888286783 0.4 0
      vertex 16.16615130007267 9.393922723829746 0
    endloop
  endfacet
  facet normal 0 0 -1
    outer loop
      vertex 15.157141543924809 10.947661496698856 0
      vertex 16.16615130007267 9.393922723829746 0
      vertex 12.679036888286783 0.4 0
    endloop
  endfacet
  facet normal 0 0 -1
    outer loop
      vertex 13.859775751829147 12.549774825572968 0
      vertex 12.078417756948449 3.9245158285618316 0
      vertex 11.60202731206103 5.165555367062662 0
    endloop
  endfacet
  facet normal 0 0 -1
    outer loop
      vertex 15.095659129321575 11.032284781336784 0
      vertex 12.078417756948449 3.9245158285618316 0
      vertex 13.929766908288002 12.47204177081585 0
    endloop
  endfacet
  facet normal 0 0 -1
    outer loop
      vertex 15.157141543924809 10.947661496698856 0
      vertex 12.679036888286783 0.4 0
      vertex 15.095659129321575 11.032284781336784 0
    endloop
  endfacet
  facet normal 0 0 -1
    outer loop
      vertex 5.827511124312878 17.76598846167326 0
      vertex 5.165555367062662 11.60202731206103 0
      vertex 3.9245158285618316 12.078417756948449 0
    endloop
  endfacet
  facet normal 0 0 -1
    outer loop
      vertex 7.557081900537014 17.102068446576595 0
      vertex 6.35 10.99852262806237 0
      vertex 5.165555367062662 11.60202731206103 0
    endloop
  endfacet
  facet normal 0 0 -1
    outer loop
      vertex 10.991584219038486 15.12861779332161 0
      vertex 9.437939283562907 8.497958700757499 0
      vertex 8.497958700757499 9.437939283562907 0
    endloop
  endfacet
  facet normal 0 0 -1
    outer loop
      vertex 9.303336344659328 16.218451373279095 0
      vertex 7.464872704114408 10.274515828561832 0
      vertex 6.35 10.99852262806237 0
    endloop
  endfacet
  facet normal 0 0 -1
    outer loop
      vertex 9.303336344659328 16.218451373279095 0
      vertex 8.497958700757499 9.437939283562907 0
      vertex 7.464872704114408 10.274515828561832 0
    endloop
  endfacet
  facet normal 0 0 -1
    outer loop
      vertex 9.303336344659328 16.218451373279095 0
      vertex 9.393922723829746 16.16615130007267 0
      vertex 8.497958700757499 9.437939283562907 0
    endloop
  endfacet
  facet normal 0 0 -1
    outer loop
      vertex 9.393922723829746 16.16615130007267 0
      vertex 10.991584219038486 15.12861779332161 0
      vertex 8.497958700757499 9.437939283562907 0
    endloop
  endfacet
  facet normal 0 0 -1
    outer loop
      vertex 5.728030480444431 17.798311688005924 0
      vertex 3.9245158285618316 12.078417756948449 0
      vertex 2.6404784733855435 12.42247452931933 0
    endloop
  endfacet
  facet normal 0 0 -1
    outer loop
      vertex 3.938535936176777 18.2778053060174 0
      vertex 5.728030480444431 17.798311688005924 0
      vertex 2.6404784733855435 12.42247452931933 0
    endloop
  endfacet
  facet normal 0 0 -1
    outer loop
      vertex 5.728030480444431 17.798311688005924 0
      vertex 5.827511124312878 17.76598846167326 0
      vertex 3.9245158285618316 12.078417756948449 0
    endloop
  endfacet
  facet normal 0 0 -1
    outer loop
      vertex 5.827511124312878 17.76598846167326 0
      vertex 7.557081900537014 17.102068446576595 0
      vertex 5.165555367062662 11.60202731206103 0
    endloop
  endfacet
  facet normal 0 0 -1
    outer loop
      vertex 7.652638882398605 17.05952373892069 0
      vertex 6.35 10.99852262806237 0
      vertex 7.557081900537014 17.102068446576595 0
    endloop
  endfacet
  facet normal 0 0 -1
    outer loop
      vertex 9.303336344659328 16.218451373279095 0
      vertex 6.35 10.99852262806237 0
      vertex 7.652638882398605 17.05952373892069 0
    endloop
  endfacet
  facet normal 0 0 -1
    outer loop
      vertex 10.991584219038486 15.12861779332161 0
      vertex 10.274515828561832 7.464872704114408 0
      vertex 9.437939283562907 8.497958700757499 0
    endloop
  endfacet
  facet normal 0 0 -1
    outer loop
      vertex 12.47204177081585 13.929766908288002 0
      vertex 12.549774825572968 13.859775751829147 0
      vertex 10.99852262806237 6.35 0
    endloop
  endfacet
  facet normal 0 0 -1
    outer loop
      vertex 12.47204177081585 13.929766908288002 0
      vertex 10.274515828561832 7.464872704114408 0
      vertex 10.991584219038486 15.12861779332161 0
    endloop
  endfacet
  facet normal 0 0 -1
    outer loop
      vertex 13.929766908288002 12.47204177081585 0
      vertex 12.078417756948449 3.9245158285618316 0
      vertex 13.859775751829147 12.549774825572968 0
    endloop
  endfacet
  facet normal 0 0 -1
    outer loop
      vertex 13.859775751829147 12.549774825572968 0
      vertex 11.60202731206103 5.165555367062662 0
      vertex 12.549774825572968 13.859775751829147 0
    endloop
  endfacet
  facet normal 0.25881904511010356 0.9659258262870366 0
    outer loop
      vertex 3.938535936176777 18.2778053060174 0
      vertex 5.728030480444431 17.798311688005924 75
      vertex 5.728030480444431 17.798311688005924 0
    endloop
  endfacet
  facet normal 0.3090170440612351 0.9510565001510987 0
    outer loop
      vertex 5.728030480444431 17.798311688005924 0
      vertex 5.827511124312878 17.76598846167326 75
      vertex 5.827511124312878 17.76598846167326 0
    endloop
  endfacet
  facet normal 0.5000000201300191 0.8660253921623664 0
    outer loop
      vertex 9.303336344659328 16.218451373279095 0
      vertex 9.393922723829746 16.16615130007267 75
      vertex 9.393922723829746 16.16615130007267 0
    endloop
  endfacet
  facet normal 0.358367948630706 0.9335804268482816 0
    outer loop
      vertex 5.827511124312878 17.76598846167326 0
      vertex 7.557081900537014 17.102068446576595 75
      vertex 7.557081900537014 17.102068446576595 0
    endloop
  endfacet
  facet normal 0.406736629110164 0.9135454638605027 0
    outer loop
      vertex 7.652638882398605 17.05952373892069 0
      vertex 7.557081900537014 17.102068446576595 0
      vertex 7.652638882398605 17.05952373892069 75
    endloop
  endfacet
  facet normal 0.4539904993983928 0.8910065243621944 0
    outer loop
      vertex 9.303336344659328 16.218451373279095 0
      vertex 7.652638882398605 17.05952373892069 0
      vertex 9.303336344659328 16.218451373279095 75
    endloop
  endfacet
  facet normal 0.8090169968558929 0.5877852488777445 0
    outer loop
      vertex 15.157141543924809 10.947661496698856 0
      vertex 15.095659129321575 11.032284781336784 0
      vertex 15.157141543924809 10.947661496698856 75
    endloop
  endfacet
  facet normal 0.7771459616490201 0.6293203908126767 0
    outer loop
      vertex 15.095659129321575 11.032284781336784 0
      vertex 13.929766908288002 12.47204177081585 0
      vertex 15.095659129321575 11.032284781336784 75
    endloop
  endfacet
  facet normal 0.743144827474422 0.6691306041409342 0
    outer loop
      vertex 13.929766908288002 12.47204177081585 0
      vertex 13.859775751829147 12.549774825572968 0
      vertex 13.929766908288002 12.47204177081585 75
    endloop
  endfacet
  facet normal 0.6691306041409342 0.743144827474422 0
    outer loop
      vertex 12.47204177081585 13.929766908288002 0
      vertex 12.549774825572968 13.859775751829147 75
      vertex 12.549774825572968 13.859775751829147 0
    endloop
  endfacet
  facet normal 0.7071067811865475 0.7071067811865475 0
    outer loop
      vertex 13.859775751829147 12.549774825572968 0
      vertex 12.549774825572968 13.859775751829147 0
      vertex 13.859775751829147 12.549774825572968 75
    endloop
  endfacet
  facet normal 0.5446390351639041 0.838670567848742 0
    outer loop
      vertex 9.393922723829746 16.16615130007267 0
      vertex 10.991584219038486 15.12861779332161 75
      vertex 10.991584219038486 15.12861779332161 0
    endloop
  endfacet
  facet normal 0.6293203903464335 0.7771459620265762 0
    outer loop
      vertex 12.47204177081585 13.929766908288002 0
      vertex 10.991584219038486 15.12861779332161 0
      vertex 12.47204177081585 13.929766908288002 75
    endloop
  endfacet
  facet normal 0 0 -1
    outer loop
      vertex 17.743537724018097 6.849056206643581 0
      vertex 17.9139261841774 6.744642019271851 0
      vertex 12.679036888286783 0.4 0
    endloop
  endfacet
  facet normal 0 0 -1
    outer loop
      vertex 18.09388394653797 6.657752692699432 0
      vertex 12.679036888286783 0.4 0
      vertex 17.9139261841774 6.744642019271851 0
    endloop
  endfacet
  facet normal 0 0 -1
    outer loop
      vertex 18.09388394653797 6.657752692699432 0
      vertex 18.281614370644093 6.589255698025227 0
      vertex 12.679036888286783 0.4 0
    endloop
  endfacet
  facet normal 0 0 -1
    outer loop
      vertex 18.281614370644093 6.589255698025227 0
      vertex 18.475243225693703 6.539834879338741 0
      vertex 12.679036888286783 0.4 0
    endloop
  endfacet
  facet normal 0 0 -1
    outer loop
      vertex 18.475243225693703 6.539834879338741 0
      vertex 18.672837391495705 6.509983636438847 0
      vertex 12.679036888286783 0.4 0
    endloop
  endfacet
  facet normal 0 0 -1
    outer loop
      vertex 18.672837391495705 6.509983636438847 0
      vertex 18.87242415547371 6.5 0
      vertex 12.679036888286783 0.4 0
    endloop
  endfacet
  facet normal 0 0 -1
    outer loop
      vertex 18.87242415547371 6.5 0
      vertex 26.700000002980232 6.5 0
      vertex 12.679036888286783 0.4 0
    endloop
  endfacet
  facet normal 0 0 -1
    outer loop
      vertex 17.090411111712456 7.592018999159336 0
      vertex 17.189917095005512 7.418718367815018 0
      vertex 12.679036888286783 0.4 0
    endloop
  endfacet
  facet normal 0 0 -1
    outer loop
      vertex 17.43816054612398 7.106124863028526 0
      vertex 12.679036888286783 0.4 0
      vertex 17.30622061342001 7.25621285289526 0
    endloop
  endfacet
  facet normal 0 0 -1
    outer loop
      vertex 17.584419652819633 6.969952814280987 0
      vertex 17.743537724018097 6.849056206643581 0
      vertex 12.679036888286783 0.4 0
    endloop
  endfacet
  facet normal 0 0 -1
    outer loop
      vertex 17.584419652819633 6.969952814280987 0
      vertex 12.679036888286783 0.4 0
      vertex 17.43816054612398 7.106124863028526 0
    endloop
  endfacet
  facet normal 0 0 -1
    outer loop
      vertex 17.30622061342001 7.25621285289526 0
      vertex 12.679036888286783 0.4 0
      vertex 17.189917095005512 7.418718367815018 0
    endloop
  endfacet
  facet normal 0 0 -1
    outer loop
      vertex 26.700000002980232 6.5 0
      vertex 26.700000002980232 0.4 0
      vertex 12.679036888286783 0.4 0
    endloop
  endfacet
  facet normal 0.6049781861729308 0.7962420450182914 0
    outer loop
      vertex 17.584419652819633 6.969952814280987 0
      vertex 17.743537724018097 6.849056206643581 75
      vertex 17.743537724018097 6.849056206643581 0
    endloop
  endfacet
  facet normal 0.434802494180523 0.9005258414140019 0
    outer loop
      vertex 18.09388394653797 6.657752692699432 0
      vertex 17.9139261841774 6.744642019271851 0
      vertex 18.09388394653797 6.657752692699432 75
    endloop
  endfacet
  facet normal 0.5224985818003665 0.8526401538847475 0
    outer loop
      vertex 17.743537724018097 6.849056206643581 0
      vertex 17.9139261841774 6.744642019271851 75
      vertex 17.9139261841774 6.744642019271851 0
    endloop
  endfacet
  facet normal 0.8660253921623664 0.5000000201300191 0
    outer loop
      vertex 16.218451373279095 9.303336344659328 0
      vertex 16.16615130007267 9.393922723829746 0
      vertex 16.218451373279095 9.303336344659328 75
    endloop
  endfacet
  facet normal 0.7510546523652205 0.6602400390468286 0
    outer loop
      vertex 17.43816054612398 7.106124863028526 0
      vertex 17.30622061342001 7.25621285289526 0
      vertex 17.43816054612398 7.106124863028526 75
    endloop
  endfacet
  facet normal 0.8131931327165286 0.5819939251424178 0
    outer loop
      vertex 17.30622061342001 7.25621285289526 0
      vertex 17.189917095005512 7.418718367815018 0
      vertex 17.30622061342001 7.25621285289526 75
    endloop
  endfacet
  facet normal 0.8672129408114941 0.49793746122287286 0
    outer loop
      vertex 17.090411111712456 7.592018999159336 0
      vertex 17.189917095005512 7.418718367815018 75
      vertex 17.189917095005512 7.418718367815018 0
    endloop
  endfacet
  facet normal 0.8910065244537644 0.45399049921867685 -7.707247372059169e-19
    outer loop
      vertex 16.218451373279095 9.303336344659328 0
      vertex 17.090411111712456 7.592018999159336 75
      vertex 17.090411111712456 7.592018999159336 0
    endloop
  endfacet
  facet normal 0.6814179301490868 0.7318945309751496 0
    outer loop
      vertex 17.584419652819633 6.969952814280987 0
      vertex 17.43816054612398 7.106124863028526 0
      vertex 17.584419652819633 6.969952814280987 75
    endloop
  endfacet
  facet normal 0.3427655114331333 0.9394209941085959 0
    outer loop
      vertex 18.09388394653797 6.657752692699432 0
      vertex 18.281614370644093 6.589255698025227 75
      vertex 18.281614370644093 6.589255698025227 0
    endloop
  endfacet
  facet normal 0.2473065013361951 0.968937301581919 0
    outer loop
      vertex 18.281614370644093 6.589255698025227 0
      vertex 18.475243225693703 6.539834879338741 75
      vertex 18.475243225693703 6.539834879338741 0
    endloop
  endfacet
  facet normal 0.1493784728111356 0.9887800927711949 0
    outer loop
      vertex 18.475243225693703 6.539834879338741 0
      vertex 18.672837391495705 6.509983636438847 75
      vertex 18.672837391495705 6.509983636438847 0
    endloop
  endfacet
  facet normal 0.049959072098455196 0.9987512658890908 0
    outer loop
      vertex 18.672837391495705 6.509983636438847 0
      vertex 18.87242415547371 6.5 75
      vertex 18.87242415547371 6.5 0
    endloop
  endfacet
  facet normal 1 0 0
    outer loop
      vertex 26.700000002980232 6.5 0
      vertex 26.700000002980232 6.5 75
      vertex 26.700000002980232 0.4 0
    endloop
  endfacet
  facet normal 0 1 0
    outer loop
      vertex 18.87242415547371 6.5 0
      vertex 26.700000002980232 6.5 75
      vertex 26.700000002980232 6.5 0
    endloop
  endfacet
  facet normal 0.8386705681423526 0.5446390347117838 0
    outer loop
      vertex 15.157141543924809 10.947661496698856 0
      vertex 16.16615130007267 9.393922723829746 75
      vertex 16.16615130007267 9.393922723829746 0
    endloop
  endfacet
  facet normal 0 0 1
    outer loop
      vertex 15.157141543924809 10.947661496698856 75
      vertex 15.098022196185562 4.90564478570229 75
      vertex 15.528093161649165 3.3005980917319295 75
    endloop
  endfacet
  facet normal 0 0 1
    outer loop
      vertex 15.157141543924809 10.947661496698856 75
      vertex 14.502534140076289 6.456944208828328 75
      vertex 15.098022196185562 4.90564478570229 75
    endloop
  endfacet
  facet normal 0 0 1
    outer loop
      vertex 15.095659129321575 11.032284781336784 75
      vertex 13.748153285077963 7.9375 75
      vertex 14.502534140076289 6.456944208828328 75
    endloop
  endfacet
  facet normal 0.25881904511010356 0.9659258262870366 0
    outer loop
      vertex 3.938535936176777 18.2778053060174 0
      vertex 3.938535936176777 18.2778053060174 75
      vertex 5.728030480444431 17.798311688005924 75
    endloop
  endfacet
  facet normal 0.3090170440612351 0.9510565001510987 0
    outer loop
      vertex 5.728030480444431 17.798311688005924 0
      vertex 5.728030480444431 17.798311688005924 75
      vertex 5.827511124312878 17.76598846167326 75
    endloop
  endfacet
  facet normal 0.358367948630706 0.9335804268482816 0
    outer loop
      vertex 5.827511124312878 17.76598846167326 0
      vertex 5.827511124312878 17.76598846167326 75
      vertex 7.557081900537014 17.102068446576595 75
    endloop
  endfacet
  facet normal 0.5000000201300191 0.8660253921623664 0
    outer loop
      vertex 9.303336344659328 16.218451373279095 0
      vertex 9.303336344659328 16.218451373279095 75
      vertex 9.393922723829746 16.16615130007267 75
    endloop
  endfacet
  facet normal 0.4539904993983928 0.8910065243621944 0
    outer loop
      vertex 7.652638882398605 17.05952373892069 0
      vertex 7.652638882398605 17.05952373892069 75
      vertex 9.303336344659328 16.218451373279095 75
    endloop
  endfacet
  facet normal 0.406736629110164 0.9135454638605027 0
    outer loop
      vertex 7.557081900537014 17.102068446576595 0
      vertex 7.557081900537014 17.102068446576595 75
      vertex 7.652638882398605 17.05952373892069 75
    endloop
  endfacet
  facet normal 0.6691306041409342 0.743144827474422 0
    outer loop
      vertex 12.47204177081585 13.929766908288002 0
      vertex 12.47204177081585 13.929766908288002 75
      vertex 12.549774825572968 13.859775751829147 75
    endloop
  endfacet
  facet normal 0.8090169968558929 0.5877852488777445 0
    outer loop
      vertex 15.095659129321575 11.032284781336784 0
      vertex 15.095659129321575 11.032284781336784 75
      vertex 15.157141543924809 10.947661496698856 75
    endloop
  endfacet
  facet normal 0.743144827474422 0.6691306041409342 0
    outer loop
      vertex 13.859775751829147 12.549774825572968 0
      vertex 13.859775751829147 12.549774825572968 75
      vertex 13.929766908288002 12.47204177081585 75
    endloop
  endfacet
  facet normal 0.7071067811865475 0.7071067811865475 0
    outer loop
      vertex 12.549774825572968 13.859775751829147 0
      vertex 12.549774825572968 13.859775751829147 75
      vertex 13.859775751829147 12.549774825572968 75
    endloop
  endfacet
  facet normal 0.7771459616490201 0.6293203908126767 0
    outer loop
      vertex 13.929766908288002 12.47204177081585 0
      vertex 13.929766908288002 12.47204177081585 75
      vertex 15.095659129321575 11.032284781336784 75
    endloop
  endfacet
  facet normal 0.5446390351639041 0.838670567848742 0
    outer loop
      vertex 9.393922723829746 16.16615130007267 0
      vertex 9.393922723829746 16.16615130007267 75
      vertex 10.991584219038486 15.12861779332161 75
    endloop
  endfacet
  facet normal 0.6293203903464335 0.7771459620265762 0
    outer loop
      vertex 10.991584219038486 15.12861779332161 0
      vertex 10.991584219038486 15.12861779332161 75
      vertex 12.47204177081585 13.929766908288002 75
    endloop
  endfacet
  facet normal 0 0 1
    outer loop
      vertex 3.938535936176777 18.2778053060174 75
      vertex 3.3005980917319295 15.528093161649165 75
      vertex 4.90564478570229 15.098022196185562 75
    endloop
  endfacet
  facet normal 0 0 1
    outer loop
      vertex 5.827511124312878 17.76598846167326 75
      vertex 4.90564478570229 15.098022196185562 75
      vertex 6.456944208828328 14.502534140076289 75
    endloop
  endfacet
  facet normal 0 0 1
    outer loop
      vertex 3.938535936176777 18.2778053060174 75
      vertex 4.90564478570229 15.098022196185562 75
      vertex 5.728030480444431 17.798311688005924 75
    endloop
  endfacet
  facet normal 0 0 1
    outer loop
      vertex 5.728030480444431 17.798311688005924 75
      vertex 4.90564478570229 15.098022196185562 75
      vertex 5.827511124312878 17.76598846167326 75
    endloop
  endfacet
  facet normal 0 0 1
    outer loop
      vertex 5.827511124312878 17.76598846167326 75
      vertex 6.456944208828328 14.502534140076289 75
      vertex 7.557081900537014 17.102068446576595 75
    endloop
  endfacet
  facet normal 0 0 1
    outer loop
      vertex 7.557081900537014 17.102068446576595 75
      vertex 6.456944208828328 14.502534140076289 75
      vertex 7.9375 13.748153285077963 75
    endloop
  endfacet
  facet normal 0 0 1
    outer loop
      vertex 7.652638882398605 17.05952373892069 75
      vertex 7.557081900537014 17.102068446576595 75
      vertex 7.9375 13.748153285077963 75
    endloop
  endfacet
  facet normal 0 0 1
    outer loop
      vertex 9.303336344659328 16.218451373279095 75
      vertex 7.9375 13.748153285077963 75
      vertex 9.33109088014301 12.843144785702291 75
    endloop
  endfacet
  facet normal 0 0 1
    outer loop
      vertex 9.303336344659328 16.218451373279095 75
      vertex 9.33109088014301 12.843144785702291 75
      vertex 9.393922723829746 16.16615130007267 75
    endloop
  endfacet
  facet normal 0 0 1
    outer loop
      vertex 9.303336344659328 16.218451373279095 75
      vertex 7.652638882398605 17.05952373892069 75
      vertex 7.9375 13.748153285077963 75
    endloop
  endfacet
  facet normal 0 0 1
    outer loop
      vertex 12.47204177081585 13.929766908288002 75
      vertex 11.797424104453633 10.622448375946874 75
      vertex 12.843144785702291 9.33109088014301 75
    endloop
  endfacet
  facet normal 0 0 1
    outer loop
      vertex 9.393922723829746 16.16615130007267 75
      vertex 9.33109088014301 12.843144785702291 75
      vertex 10.622448375946874 11.797424104453633 75
    endloop
  endfacet
  facet normal 0 0 1
    outer loop
      vertex 10.991584219038486 15.12861779332161 75
      vertex 10.622448375946874 11.797424104453633 75
      vertex 11.797424104453633 10.622448375946874 75
    endloop
  endfacet
  facet normal 0 0 1
    outer loop
      vertex 12.47204177081585 13.929766908288002 75
      vertex 10.991584219038486 15.12861779332161 75
      vertex 11.797424104453633 10.622448375946874 75
    endloop
  endfacet
  facet normal 0 0 1
    outer loop
      vertex 13.859775751829147 12.549774825572968 75
      vertex 12.843144785702291 9.33109088014301 75
      vertex 13.748153285077963 7.9375 75
    endloop
  endfacet
  facet normal 0 0 1
    outer loop
      vertex 13.929766908288002 12.47204177081585 75
      vertex 13.859775751829147 12.549774825572968 75
      vertex 13.748153285077963 7.9375 75
    endloop
  endfacet
  facet normal 0 0 1
    outer loop
      vertex 15.095659129321575 11.032284781336784 75
      vertex 13.929766908288002 12.47204177081585 75
      vertex 13.748153285077963 7.9375 75
    endloop
  endfacet
  facet normal 0 0 1
    outer loop
      vertex 15.157141543924809 10.947661496698856 75
      vertex 15.095659129321575 11.032284781336784 75
      vertex 14.502534140076289 6.456944208828328 75
    endloop
  endfacet
  facet normal 0 0 1
    outer loop
      vertex 13.859775751829147 12.549774825572968 75
      vertex 12.549774825572968 13.859775751829147 75
      vertex 12.843144785702291 9.33109088014301 75
    endloop
  endfacet
  facet normal 0 0 1
    outer loop
      vertex 12.47204177081585 13.929766908288002 75
      vertex 12.843144785702291 9.33109088014301 75
      vertex 12.549774825572968 13.859775751829147 75
    endloop
  endfacet
  facet normal 0 0 1
    outer loop
      vertex 9.393922723829746 16.16615130007267 75
      vertex 10.622448375946874 11.797424104453633 75
      vertex 10.991584219038486 15.12861779332161 75
    endloop
  endfacet
  facet normal 0.6049781861729308 0.7962420450182914 0
    outer loop
      vertex 17.584419652819633 6.969952814280987 0
      vertex 17.584419652819633 6.969952814280987 75
      vertex 17.743537724018097 6.849056206643581 75
    endloop
  endfacet
  facet normal 0.5224985818003665 0.8526401538847475 0
    outer loop
      vertex 17.743537724018097 6.849056206643581 0
      vertex 17.743537724018097 6.849056206643581 75
      vertex 17.9139261841774 6.744642019271851 75
    endloop
  endfacet
  facet normal 0.434802494180523 0.9005258414140019 0
    outer loop
      vertex 17.9139261841774 6.744642019271851 0
      vertex 17.9139261841774 6.744642019271851 75
      vertex 18.09388394653797 6.657752692699432 75
    endloop
  endfacet
  facet normal 0.3427655114331333 0.9394209941085959 0
    outer loop
      vertex 18.09388394653797 6.657752692699432 0
      vertex 18.09388394653797 6.657752692699432 75
      vertex 18.281614370644093 6.589255698025227 75
    endloop
  endfacet
  facet normal 0.8910065244537644 0.45399049921867685 0
    outer loop
      vertex 16.218451373279095 9.303336344659328 0
      vertex 16.218451373279095 9.303336344659328 75
      vertex 17.090411111712456 7.592018999159336 75
    endloop
  endfacet
  facet normal 0.8672129408114941 0.49793746122287286 0
    outer loop
      vertex 17.090411111712456 7.592018999159336 0
      vertex 17.090411111712456 7.592018999159336 75
      vertex 17.189917095005512 7.418718367815018 75
    endloop
  endfacet
  facet normal 0.7510546523652205 0.6602400390468286 0
    outer loop
      vertex 17.30622061342001 7.25621285289526 0
      vertex 17.30622061342001 7.25621285289526 75
      vertex 17.43816054612398 7.106124863028526 75
    endloop
  endfacet
  facet normal 0.8131931327165286 0.5819939251424178 0
    outer loop
      vertex 17.189917095005512 7.418718367815018 0
      vertex 17.189917095005512 7.418718367815018 75
      vertex 17.30622061342001 7.25621285289526 75
    endloop
  endfacet
  facet normal 0.6814179301490868 0.7318945309751496 0
    outer loop
      vertex 17.43816054612398 7.106124863028526 0
      vertex 17.43816054612398 7.106124863028526 75
      vertex 17.584419652819633 6.969952814280987 75
    endloop
  endfacet
  facet normal 0.2473065013361951 0.968937301581919 0
    outer loop
      vertex 18.281614370644093 6.589255698025227 0
      vertex 18.281614370644093 6.589255698025227 75
      vertex 18.475243225693703 6.539834879338741 75
    endloop
  endfacet
  facet normal 0.1493784728111356 0.9887800927711949 0
    outer loop
      vertex 18.475243225693703 6.539834879338741 0
      vertex 18.475243225693703 6.539834879338741 75
      vertex 18.672837391495705 6.509983636438847 75
    endloop
  endfacet
  facet normal 0.049959072098455196 0.9987512658890908 0
    outer loop
      vertex 18.672837391495705 6.509983636438847 0
      vertex 18.672837391495705 6.509983636438847 75
      vertex 18.87242415547371 6.5 75
    endloop
  endfacet
  facet normal 1 0 0
    outer loop
      vertex 26.700000002980232 6.5 75
      vertex 26.700000002980232 0.4 75
      vertex 26.700000002980232 0.4 0
    endloop
  endfacet
  facet normal 0 1 0
    outer loop
      vertex 18.87242415547371 6.5 0
      vertex 18.87242415547371 6.5 75
      vertex 26.700000002980232 6.5 75
    endloop
  endfacet
  facet normal 0 0 1
    outer loop
      vertex 16.218451373279095 9.303336344659328 75
      vertex 15.788035088971338 1.6593893543739988 75
      vertex 15.854036888286783 0.4 75
    endloop
  endfacet
  facet normal 0 0 1
    outer loop
      vertex 17.743537724018097 6.849056206643581 75
      vertex 15.854036888286783 0.4 75
      vertex 17.9139261841774 6.744642019271851 75
    endloop
  endfacet
  facet normal 0 0 1
    outer loop
      vertex 18.09388394653797 6.657752692699432 75
      vertex 17.9139261841774 6.744642019271851 75
      vertex 15.854036888286783 0.4 75
    endloop
  endfacet
  facet normal 0 0 1
    outer loop
      vertex 18.09388394653797 6.657752692699432 75
      vertex 15.854036888286783 0.4 75
      vertex 18.281614370644093 6.589255698025227 75
    endloop
  endfacet
  facet normal 0 0 1
    outer loop
      vertex 18.281614370644093 6.589255698025227 75
      vertex 15.854036888286783 0.4 75
      vertex 18.475243225693703 6.539834879338741 75
    endloop
  endfacet
  facet normal 0 0 1
    outer loop
      vertex 18.475243225693703 6.539834879338741 75
      vertex 15.854036888286783 0.4 75
      vertex 18.672837391495705 6.509983636438847 75
    endloop
  endfacet
  facet normal 0 0 1
    outer loop
      vertex 18.672837391495705 6.509983636438847 75
      vertex 15.854036888286783 0.4 75
      vertex 18.87242415547371 6.5 75
    endloop
  endfacet
  facet normal 0 0 1
    outer loop
      vertex 18.87242415547371 6.5 75
      vertex 15.854036888286783 0.4 75
      vertex 26.700000002980232 0.4 75
    endloop
  endfacet
  facet normal 0 0 1
    outer loop
      vertex 16.16615130007267 9.393922723829746 75
      vertex 15.528093161649165 3.3005980917319295 75
      vertex 15.788035088971338 1.6593893543739988 75
    endloop
  endfacet
  facet normal 0 0 1
    outer loop
      vertex 17.090411111712456 7.592018999159336 75
      vertex 15.854036888286783 0.4 75
      vertex 17.189917095005512 7.418718367815018 75
    endloop
  endfacet
  facet normal 0 0 1
    outer loop
      vertex 16.218451373279095 9.303336344659328 75
      vertex 15.854036888286783 0.4 75
      vertex 17.090411111712456 7.592018999159336 75
    endloop
  endfacet
  facet normal 0 0 1
    outer loop
      vertex 16.218451373279095 9.303336344659328 75
      vertex 16.16615130007267 9.393922723829746 75
      vertex 15.788035088971338 1.6593893543739988 75
    endloop
  endfacet
  facet normal 0 0 1
    outer loop
      vertex 17.43816054612398 7.106124863028526 75
      vertex 17.30622061342001 7.25621285289526 75
      vertex 15.854036888286783 0.4 75
    endloop
  endfacet
  facet normal 0 0 1
    outer loop
      vertex 17.584419652819633 6.969952814280987 75
      vertex 15.854036888286783 0.4 75
      vertex 17.743537724018097 6.849056206643581 75
    endloop
  endfacet
  facet normal 0 0 1
    outer loop
      vertex 17.584419652819633 6.969952814280987 75
      vertex 17.43816054612398 7.106124863028526 75
      vertex 15.854036888286783 0.4 75
    endloop
  endfacet
  facet normal 0 0 1
    outer loop
      vertex 17.30622061342001 7.25621285289526 75
      vertex 17.189917095005512 7.418718367815018 75
      vertex 15.854036888286783 0.4 75
    endloop
  endfacet
  facet normal 0 0 1
    outer loop
      vertex 15.157141543924809 10.947661496698856 75
      vertex 15.528093161649165 3.3005980917319295 75
      vertex 16.16615130007267 9.393922723829746 75
    endloop
  endfacet
  facet normal 0 0 1
    outer loop
      vertex 18.87242415547371 6.5 75
      vertex 26.700000002980232 0.4 75
      vertex 26.700000002980232 6.5 75
    endloop
  endfacet
  facet normal 0.8386705681423526 0.5446390347117838 0
    outer loop
      vertex 15.157141543924809 10.947661496698856 0
      vertex 15.157141543924809 10.947661496698856 75
      vertex 16.16615130007267 9.393922723829746 75
    endloop
  endfacet
  facet normal 0.8660253921623664 0.5000000201300191 0
    outer loop
      vertex 16.16615130007267 9.393922723829746 0
      vertex 16.16615130007267 9.393922723829746 75
      vertex 16.218451373279095 9.303336344659328 75
    endloop
  endfacet
  facet normal 0.6293203910498374 0.7771459614569711 0
    outer loop
      vertex -7.464872704114408 -10.274515828561832 49.6
      vertex -7.464872704114408 -10.274515828561832 0
      vertex -8.497958700757499 -9.437939283562907 0
    endloop
  endfacet
  facet normal 0.6293203910498374 0.7771459614569711 0
    outer loop
      vertex -8.497958700757499 -9.437939283562907 49.6
      vertex -7.464872704114408 -10.274515828561832 49.6
      vertex -8.497958700757499 -9.437939283562907 0
    endloop
  endfacet
  facet normal 0.8386705679454243 0.5446390350150269 0
    outer loop
      vertex -10.274515828561832 -7.464872704114408 49.6
      vertex -10.274515828561832 -7.464872704114408 0
      vertex -10.99852262806237 -6.35 0
    endloop
  endfacet
  facet normal 0.933580426497202 0.3583679495452994 0
    outer loop
      vertex -11.60202731206103 -5.165555367062662 49.6
      vertex -11.60202731206103 -5.165555367062662 0
      vertex -12.078417756948449 -3.9245158285618316 0
    endloop
  endfacet
  facet normal 0.8910065241883677 0.4539904997395473 0
    outer loop
      vertex -10.99852262806237 -6.35 49.6
      vertex -10.99852262806237 -6.35 0
      vertex -11.60202731206103 -5.165555367062662 0
    endloop
  endfacet
  facet normal 0.7071067811865476 0.7071067811865476 0
    outer loop
      vertex -8.497958700757499 -9.437939283562907 49.6
      vertex -8.497958700757499 -9.437939283562907 0
      vertex -9.437939283562907 -8.497958700757499 0
    endloop
  endfacet
  facet normal 0.7771459614569711 0.6293203910498374 0
    outer loop
      vertex -9.437939283562907 -8.497958700757499 49.6
      vertex -9.437939283562907 -8.497958700757499 0
      vertex -10.274515828561832 -7.464872704114408 0
    endloop
  endfacet
  facet normal 0.9659258262890681 0.25881904510252146 0
    outer loop
      vertex -12.078417756948449 -3.9245158285618316 49.6
      vertex -12.078417756948449 -3.9245158285618316 0
      vertex -12.42247452931933 -2.6404784733855435 0
    endloop
  endfacet
  facet normal 0.9876883405951379 0.15643446504023029 0
    outer loop
      vertex -12.42247452931933 -2.6404784733855435 49.6
      vertex -12.42247452931933 -2.6404784733855435 0
      vertex -12.63042807117707 -1.327511483499199 0
    endloop
  endfacet
  facet normal 0.9986295347545738 0.052335956242944494 0
    outer loop
      vertex -12.63042807117707 -1.327511483499199 49.6
      vertex -12.63042807117707 -1.327511483499199 0
      vertex -12.7 0 0
    endloop
  endfacet
  facet normal 0.8386705679454243 0.5446390350150269 -2.952854727446673e-19
    outer loop
      vertex -10.274515828561832 -7.464872704114408 49.6
      vertex -10.99852262806237 -6.35 0
      vertex -10.99852262806237 -6.35 49.6
    endloop
  endfacet
  facet normal 0.8910065241883677 0.4539904997395473 -2.5960230085062555e-19
    outer loop
      vertex -10.99852262806237 -6.35 49.6
      vertex -11.60202731206103 -5.165555367062662 0
      vertex -11.60202731206103 -5.165555367062662 49.6
    endloop
  endfacet
  facet normal 0.7071067811865476 0.7071067811865476 -2.6591972592054314e-19
    outer loop
      vertex -8.497958700757499 -9.437939283562907 49.6
      vertex -9.437939283562907 -8.497958700757499 0
      vertex -9.437939283562907 -8.497958700757499 49.6
    endloop
  endfacet
  facet normal 0.7771459614569711 0.6293203910498374 -2.663424406101435e-19
    outer loop
      vertex -9.437939283562907 -8.497958700757499 49.6
      vertex -10.274515828561832 -7.464872704114408 0
      vertex -10.274515828561832 -7.464872704114408 49.6
    endloop
  endfacet
  facet normal 0.933580426497202 0.3583679495452994 9.698288108585132e-20
    outer loop
      vertex -11.60202731206103 -5.165555367062662 49.6
      vertex -12.078417756948449 -3.9245158285618316 0
      vertex -12.078417756948449 -3.9245158285618316 49.6
    endloop
  endfacet
  facet normal 0.9659258262890681 0.25881904510252146 -2.1251015028444023e-19
    outer loop
      vertex -12.078417756948449 -3.9245158285618316 49.6
      vertex -12.42247452931933 -2.6404784733855435 0
      vertex -12.42247452931933 -2.6404784733855435 49.6
    endloop
  endfacet
  facet normal 0.9876883405951379 0.15643446504023029 2.3935505826605096e-19
    outer loop
      vertex -12.42247452931933 -2.6404784733855435 49.6
      vertex -12.63042807117707 -1.327511483499199 0
      vertex -12.63042807117707 -1.327511483499199 49.6
    endloop
  endfacet
  facet normal 0.9986295347545738 0.052335956242944494 5.942407371305269e-20
    outer loop
      vertex -12.63042807117707 -1.327511483499199 49.6
      vertex -12.7 0 0
      vertex -12.7 0 49.6
    endloop
  endfacet
  facet normal 0.5446390350150269 0.8386705679454243 0
    outer loop
      vertex -6.35 -10.99852262806237 49.6
      vertex -6.35 -10.99852262806237 0
      vertex -7.464872704114408 -10.274515828561832 0
    endloop
  endfacet
  facet normal 0.4539904997395473 0.8910065241883677 0
    outer loop
      vertex -5.165555367062662 -11.60202731206103 49.6
      vertex -5.165555367062662 -11.60202731206103 0
      vertex -6.35 -10.99852262806237 0
    endloop
  endfacet
  facet normal 0.3583679495452994 0.933580426497202 0
    outer loop
      vertex -3.9245158285618316 -12.078417756948449 49.6
      vertex -3.9245158285618316 -12.078417756948449 0
      vertex -5.165555367062662 -11.60202731206103 0
    endloop
  endfacet
  facet normal 0.25881904510252146 0.9659258262890681 0
    outer loop
      vertex -2.6404784733855435 -12.42247452931933 49.6
      vertex -2.6404784733855435 -12.42247452931933 0
      vertex -3.9245158285618316 -12.078417756948449 0
    endloop
  endfacet
  facet normal 0.15643446504023029 0.9876883405951379 0
    outer loop
      vertex -1.327511483499199 -12.63042807117707 49.6
      vertex -1.327511483499199 -12.63042807117707 0
      vertex -2.6404784733855435 -12.42247452931933 0
    endloop
  endfacet
  facet normal 0.052335956242944494 0.9986295347545738 0
    outer loop
      vertex 0 -12.7 49.6
      vertex 0 -12.7 0
      vertex -1.327511483499199 -12.63042807117707 0
    endloop
  endfacet
  facet normal -0.052335956242944494 0.9986295347545738 0
    outer loop
      vertex 1.327511483499199 -12.63042807117707 49.6
      vertex 1.327511483499199 -12.63042807117707 0
      vertex 0 -12.7 0
    endloop
  endfacet
  facet normal -0.15643446504023029 0.9876883405951379 0
    outer loop
      vertex 2.6404784733855435 -12.42247452931933 49.6
      vertex 2.6404784733855435 -12.42247452931933 0
      vertex 1.327511483499199 -12.63042807117707 0
    endloop
  endfacet
  facet normal -0.25881904510252146 0.9659258262890681 0
    outer loop
      vertex 3.9245158285618316 -12.078417756948449 49.6
      vertex 3.9245158285618316 -12.078417756948449 0
      vertex 2.6404784733855435 -12.42247452931933 0
    endloop
  endfacet
  facet normal 0.3583679495452994 0.933580426497202 9.698288108585132e-20
    outer loop
      vertex -3.9245158285618316 -12.078417756948449 49.6
      vertex -5.165555367062662 -11.60202731206103 0
      vertex -5.165555367062662 -11.60202731206103 49.6
    endloop
  endfacet
  facet normal 0.4539904997395473 0.8910065241883677 0
    outer loop
      vertex -6.35 -10.99852262806237 49.6
      vertex -5.165555367062662 -11.60202731206103 49.6
      vertex -6.35 -10.99852262806237 0
    endloop
  endfacet
  facet normal 0.5446390350150269 0.8386705679454243 -2.952854727446673e-19
    outer loop
      vertex -6.35 -10.99852262806237 49.6
      vertex -7.464872704114408 -10.274515828561832 0
      vertex -7.464872704114408 -10.274515828561832 49.6
    endloop
  endfacet
  facet normal 0.25881904510252146 0.9659258262890681 0
    outer loop
      vertex -3.9245158285618316 -12.078417756948449 49.6
      vertex -2.6404784733855435 -12.42247452931933 49.6
      vertex -3.9245158285618316 -12.078417756948449 0
    endloop
  endfacet
  facet normal 0.15643446504023029 0.9876883405951379 0
    outer loop
      vertex -2.6404784733855435 -12.42247452931933 49.6
      vertex -1.327511483499199 -12.63042807117707 49.6
      vertex -2.6404784733855435 -12.42247452931933 0
    endloop
  endfacet
  facet normal 0.052335956242944494 0.9986295347545738 0
    outer loop
      vertex -1.327511483499199 -12.63042807117707 49.6
      vertex 0 -12.7 49.6
      vertex -1.327511483499199 -12.63042807117707 0
    endloop
  endfacet
  facet normal -0.052335956242944494 0.9986295347545738 0
    outer loop
      vertex 0 -12.7 49.6
      vertex 1.327511483499199 -12.63042807117707 49.6
      vertex 0 -12.7 0
    endloop
  endfacet
  facet normal -0.15643446504023029 0.9876883405951379 0
    outer loop
      vertex 1.327511483499199 -12.63042807117707 49.6
      vertex 2.6404784733855435 -12.42247452931933 49.6
      vertex 1.327511483499199 -12.63042807117707 0
    endloop
  endfacet
  facet normal -0.25881904510252146 0.9659258262890681 0
    outer loop
      vertex 2.6404784733855435 -12.42247452931933 49.6
      vertex 3.9245158285618316 -12.078417756948449 49.6
      vertex 2.6404784733855435 -12.42247452931933 0
    endloop
  endfacet
  facet normal 0.9986295347545738 -0.052335956242944494 0
    outer loop
      vertex -12.7 0 49.6
      vertex -12.7 0 0
      vertex -12.63042807117707 1.327511483499199 0
    endloop
  endfacet
  facet normal 0.9876883405951379 -0.15643446504023029 0
    outer loop
      vertex -12.63042807117707 1.327511483499199 49.6
      vertex -12.63042807117707 1.327511483499199 0
      vertex -12.42247452931933 2.6404784733855435 0
    endloop
  endfacet
  facet normal 0.9659258262890681 -0.25881904510252146 0
    outer loop
      vertex -12.42247452931933 2.6404784733855435 49.6
      vertex -12.42247452931933 2.6404784733855435 0
      vertex -12.078417756948449 3.9245158285618316 0
    endloop
  endfacet
  facet normal 0.933580426497202 -0.3583679495452994 0
    outer loop
      vertex -12.078417756948449 3.9245158285618316 49.6
      vertex -12.078417756948449 3.9245158285618316 0
      vertex -11.60202731206103 5.165555367062662 0
    endloop
  endfacet
  facet normal 0.8910065241883677 -0.4539904997395473 0
    outer loop
      vertex -11.60202731206103 5.165555367062662 49.6
      vertex -11.60202731206103 5.165555367062662 0
      vertex -10.99852262806237 6.35 0
    endloop
  endfacet
  facet normal 0.8386705679454243 -0.5446390350150269 0
    outer loop
      vertex -10.99852262806237 6.35 49.6
      vertex -10.99852262806237 6.35 0
      vertex -10.274515828561832 7.464872704114408 0
    endloop
  endfacet
  facet normal 0.7771459614569711 -0.6293203910498374 0
    outer loop
      vertex -10.274515828561832 7.464872704114408 49.6
      vertex -10.274515828561832 7.464872704114408 0
      vertex -9.437939283562907 8.497958700757499 0
    endloop
  endfacet
  facet normal 0.7071067811865476 -0.7071067811865476 0
    outer loop
      vertex -9.437939283562907 8.497958700757499 49.6
      vertex -9.437939283562907 8.497958700757499 0
      vertex -8.497958700757499 9.437939283562907 0
    endloop
  endfacet
  facet normal 0.9986295347545738 -0.052335956242944494 -5.942407371305269e-20
    outer loop
      vertex -12.7 0 49.6
      vertex -12.63042807117707 1.327511483499199 0
      vertex -12.63042807117707 1.327511483499199 49.6
    endloop
  endfacet
  facet normal 0.9876883405951379 -0.15643446504023029 -2.3935505826605096e-19
    outer loop
      vertex -12.63042807117707 1.327511483499199 49.6
      vertex -12.42247452931933 2.6404784733855435 0
      vertex -12.42247452931933 2.6404784733855435 49.6
    endloop
  endfacet
  facet normal 0.9659258262890681 -0.25881904510252146 2.1251015028444023e-19
    outer loop
      vertex -12.42247452931933 2.6404784733855435 49.6
      vertex -12.078417756948449 3.9245158285618316 0
      vertex -12.078417756948449 3.9245158285618316 49.6
    endloop
  endfacet
  facet normal 0.933580426497202 -0.3583679495452994 -9.698288108585132e-20
    outer loop
      vertex -12.078417756948449 3.9245158285618316 49.6
      vertex -11.60202731206103 5.165555367062662 0
      vertex -11.60202731206103 5.165555367062662 49.6
    endloop
  endfacet
  facet normal 0.8910065241883677 -0.4539904997395473 2.5960230085062555e-19
    outer loop
      vertex -11.60202731206103 5.165555367062662 49.6
      vertex -10.99852262806237 6.35 0
      vertex -10.99852262806237 6.35 49.6
    endloop
  endfacet
  facet normal 0.8386705679454243 -0.5446390350150269 2.952854727446673e-19
    outer loop
      vertex -10.99852262806237 6.35 49.6
      vertex -10.274515828561832 7.464872704114408 0
      vertex -10.274515828561832 7.464872704114408 49.6
    endloop
  endfacet
  facet normal 0.7771459614569711 -0.6293203910498374 2.663424406101435e-19
    outer loop
      vertex -10.274515828561832 7.464872704114408 49.6
      vertex -9.437939283562907 8.497958700757499 0
      vertex -9.437939283562907 8.497958700757499 49.6
    endloop
  endfacet
  facet normal 0.7071067811865476 -0.7071067811865476 2.6591972592054314e-19
    outer loop
      vertex -9.437939283562907 8.497958700757499 49.6
      vertex -8.497958700757499 9.437939283562907 0
      vertex -8.497958700757499 9.437939283562907 49.6
    endloop
  endfacet
  facet normal 0.6293203910498374 -0.7771459614569711 0
    outer loop
      vertex -8.497958700757499 9.437939283562907 49.6
      vertex -8.497958700757499 9.437939283562907 0
      vertex -7.464872704114408 10.274515828561832 0
    endloop
  endfacet
  facet normal 0.6293203910498374 -0.7771459614569711 2.663424406101435e-19
    outer loop
      vertex -8.497958700757499 9.437939283562907 49.6
      vertex -7.464872704114408 10.274515828561832 0
      vertex -7.464872704114408 10.274515828561832 49.6
    endloop
  endfacet
  facet normal 0.5446390350150269 -0.8386705679454243 0
    outer loop
      vertex -7.464872704114408 10.274515828561832 49.6
      vertex -7.464872704114408 10.274515828561832 0
      vertex -6.35 10.99852262806237 0
    endloop
  endfacet
  facet normal 0.4539904997395473 -0.8910065241883677 0
    outer loop
      vertex -6.35 10.99852262806237 49.6
      vertex -6.35 10.99852262806237 0
      vertex -5.165555367062662 11.60202731206103 0
    endloop
  endfacet
  facet normal 0.3583679495452994 -0.933580426497202 0
    outer loop
      vertex -5.165555367062662 11.60202731206103 49.6
      vertex -5.165555367062662 11.60202731206103 0
      vertex -3.9245158285618316 12.078417756948449 0
    endloop
  endfacet
  facet normal 0.25881904510252146 -0.9659258262890681 0
    outer loop
      vertex -3.9245158285618316 12.078417756948449 49.6
      vertex -3.9245158285618316 12.078417756948449 0
      vertex -2.6404784733855435 12.42247452931933 0
    endloop
  endfacet
  facet normal 0.15643446504023029 -0.9876883405951379 0
    outer loop
      vertex -2.6404784733855435 12.42247452931933 49.6
      vertex -2.6404784733855435 12.42247452931933 0
      vertex -1.327511483499199 12.63042807117707 0
    endloop
  endfacet
  facet normal 0.052335956242944494 -0.9986295347545738 0
    outer loop
      vertex -1.327511483499199 12.63042807117707 49.6
      vertex -1.327511483499199 12.63042807117707 0
      vertex 0 12.7 0
    endloop
  endfacet
  facet normal -0.052335956242944494 -0.9986295347545738 0
    outer loop
      vertex 0 12.7 49.6
      vertex 0 12.7 0
      vertex 1.327511483499199 12.63042807117707 0
    endloop
  endfacet
  facet normal -0.15643446504023029 -0.9876883405951379 0
    outer loop
      vertex 1.327511483499199 12.63042807117707 49.6
      vertex 1.327511483499199 12.63042807117707 0
      vertex 2.6404784733855435 12.42247452931933 0
    endloop
  endfacet
  facet normal -0.25881904510252146 -0.9659258262890681 0
    outer loop
      vertex 2.6404784733855435 12.42247452931933 49.6
      vertex 2.6404784733855435 12.42247452931933 0
      vertex 3.9245158285618316 12.078417756948449 0
    endloop
  endfacet
  facet normal 0.5446390350150269 -0.8386705679454243 2.952854727446673e-19
    outer loop
      vertex -7.464872704114408 10.274515828561832 49.6
      vertex -6.35 10.99852262806237 0
      vertex -6.35 10.99852262806237 49.6
    endloop
  endfacet
  facet normal 0.4539904997395473 -0.8910065241883677 2.5960230085062555e-19
    outer loop
      vertex -6.35 10.99852262806237 49.6
      vertex -5.165555367062662 11.60202731206103 0
      vertex -5.165555367062662 11.60202731206103 49.6
    endloop
  endfacet
  facet normal 0.3583679495452994 -0.933580426497202 -9.698288108585132e-20
    outer loop
      vertex -5.165555367062662 11.60202731206103 49.6
      vertex -3.9245158285618316 12.078417756948449 0
      vertex -3.9245158285618316 12.078417756948449 49.6
    endloop
  endfacet
  facet normal 0.25881904510252146 -0.9659258262890681 2.1251015028444023e-19
    outer loop
      vertex -3.9245158285618316 12.078417756948449 49.6
      vertex -2.6404784733855435 12.42247452931933 0
      vertex -2.6404784733855435 12.42247452931933 49.6
    endloop
  endfacet
  facet normal 0.15643446504023029 -0.9876883405951379 -2.3935505826605096e-19
    outer loop
      vertex -2.6404784733855435 12.42247452931933 49.6
      vertex -1.327511483499199 12.63042807117707 0
      vertex -1.327511483499199 12.63042807117707 49.6
    endloop
  endfacet
  facet normal 0.052335956242944494 -0.9986295347545738 -5.942407371305269e-20
    outer loop
      vertex -1.327511483499199 12.63042807117707 49.6
      vertex 0 12.7 0
      vertex 0 12.7 49.6
    endloop
  endfacet
  facet normal -0.052335956242944494 -0.9986295347545738 5.942407371305269e-20
    outer loop
      vertex 0 12.7 49.6
      vertex 1.327511483499199 12.63042807117707 0
      vertex 1.327511483499199 12.63042807117707 49.6
    endloop
  endfacet
  facet normal -0.15643446504023029 -0.9876883405951379 2.3935505826605096e-19
    outer loop
      vertex 1.327511483499199 12.63042807117707 49.6
      vertex 2.6404784733855435 12.42247452931933 0
      vertex 2.6404784733855435 12.42247452931933 49.6
    endloop
  endfacet
  facet normal -0.25881904510252146 -0.9659258262890681 -2.1251015028444023e-19
    outer loop
      vertex 2.6404784733855435 12.42247452931933 49.6
      vertex 3.9245158285618316 12.078417756948449 0
      vertex 3.9245158285618316 12.078417756948449 49.6
    endloop
  endfacet
  facet normal -0.3583679495452994 0.933580426497202 0
    outer loop
      vertex 5.165555367062662 -11.60202731206103 49.6
      vertex 5.165555367062662 -11.60202731206103 0
      vertex 3.9245158285618316 -12.078417756948449 0
    endloop
  endfacet
  facet normal -0.4539904997395473 0.8910065241883677 0
    outer loop
      vertex 6.35 -10.99852262806237 49.6
      vertex 6.35 -10.99852262806237 0
      vertex 5.165555367062662 -11.60202731206103 0
    endloop
  endfacet
  facet normal -0.5446390350150269 0.8386705679454243 0
    outer loop
      vertex 7.464872704114408 -10.274515828561832 49.6
      vertex 7.464872704114408 -10.274515828561832 0
      vertex 6.35 -10.99852262806237 0
    endloop
  endfacet
  facet normal -0.6293203910498374 0.7771459614569711 0
    outer loop
      vertex 8.497958700757499 -9.437939283562907 49.6
      vertex 8.497958700757499 -9.437939283562907 0
      vertex 7.464872704114408 -10.274515828561832 0
    endloop
  endfacet
  facet normal -0.3583679495452994 0.933580426497202 0
    outer loop
      vertex 3.9245158285618316 -12.078417756948449 49.6
      vertex 5.165555367062662 -11.60202731206103 49.6
      vertex 3.9245158285618316 -12.078417756948449 0
    endloop
  endfacet
  facet normal -0.4539904997395473 0.8910065241883677 0
    outer loop
      vertex 5.165555367062662 -11.60202731206103 49.6
      vertex 6.35 -10.99852262806237 49.6
      vertex 5.165555367062662 -11.60202731206103 0
    endloop
  endfacet
  facet normal -0.5446390350150269 0.8386705679454243 0
    outer loop
      vertex 6.35 -10.99852262806237 49.6
      vertex 7.464872704114408 -10.274515828561832 49.6
      vertex 6.35 -10.99852262806237 0
    endloop
  endfacet
  facet normal -0.6293203910498374 0.7771459614569711 0
    outer loop
      vertex 7.464872704114408 -10.274515828561832 49.6
      vertex 8.497958700757499 -9.437939283562907 49.6
      vertex 7.464872704114408 -10.274515828561832 0
    endloop
  endfacet
  facet normal -0.7071067811865476 0.7071067811865476 0
    outer loop
      vertex 9.437939283562907 -8.497958700757499 49.6
      vertex 9.437939283562907 -8.497958700757499 0
      vertex 8.497958700757499 -9.437939283562907 0
    endloop
  endfacet
  facet normal -0.7771459614569711 0.6293203910498374 0
    outer loop
      vertex 10.274515828561832 -7.464872704114408 49.6
      vertex 10.274515828561832 -7.464872704114408 0
      vertex 9.437939283562907 -8.497958700757499 0
    endloop
  endfacet
  facet normal -0.8386705679454243 0.5446390350150269 0
    outer loop
      vertex 10.99852262806237 -6.35 49.6
      vertex 10.99852262806237 -6.35 0
      vertex 10.274515828561832 -7.464872704114408 0
    endloop
  endfacet
  facet normal -0.8910065241883677 0.4539904997395473 0
    outer loop
      vertex 11.60202731206103 -5.165555367062662 49.6
      vertex 11.60202731206103 -5.165555367062662 0
      vertex 10.99852262806237 -6.35 0
    endloop
  endfacet
  facet normal -0.933580426497202 0.3583679495452994 0
    outer loop
      vertex 12.078417756948449 -3.9245158285618316 49.6
      vertex 12.078417756948449 -3.9245158285618316 0
      vertex 11.60202731206103 -5.165555367062662 0
    endloop
  endfacet
  facet normal -0.9659258262890681 0.25881904510252146 0
    outer loop
      vertex 12.42247452931933 -2.6404784733855435 49.6
      vertex 12.42247452931933 -2.6404784733855435 0
      vertex 12.078417756948449 -3.9245158285618316 0
    endloop
  endfacet
  facet normal -0.9876883405951379 0.15643446504023029 0
    outer loop
      vertex 12.63042807117707 -1.327511483499199 49.6
      vertex 12.63042807117707 -1.327511483499199 0
      vertex 12.42247452931933 -2.6404784733855435 0
    endloop
  endfacet
  facet normal -0.9986295347545738 0.05233595624294475 0
    outer loop
      vertex 12.679036888286783 -0.4 49.6
      vertex 12.679036888286783 -0.4 0
      vertex 12.63042807117707 -1.327511483499199 0
    endloop
  endfacet
  facet normal -0.7071067811865476 0.7071067811865476 0
    outer loop
      vertex 8.497958700757499 -9.437939283562907 49.6
      vertex 9.437939283562907 -8.497958700757499 49.6
      vertex 8.497958700757499 -9.437939283562907 0
    endloop
  endfacet
  facet normal -0.7771459614569711 0.6293203910498374 0
    outer loop
      vertex 9.437939283562907 -8.497958700757499 49.6
      vertex 10.274515828561832 -7.464872704114408 49.6
      vertex 9.437939283562907 -8.497958700757499 0
    endloop
  endfacet
  facet normal -0.8386705679454243 0.5446390350150269 0
    outer loop
      vertex 10.274515828561832 -7.464872704114408 49.6
      vertex 10.99852262806237 -6.35 49.6
      vertex 10.274515828561832 -7.464872704114408 0
    endloop
  endfacet
  facet normal -0.8910065241883677 0.4539904997395473 0
    outer loop
      vertex 10.99852262806237 -6.35 49.6
      vertex 11.60202731206103 -5.165555367062662 49.6
      vertex 10.99852262806237 -6.35 0
    endloop
  endfacet
  facet normal -0.933580426497202 0.3583679495452994 0
    outer loop
      vertex 11.60202731206103 -5.165555367062662 49.6
      vertex 12.078417756948449 -3.9245158285618316 49.6
      vertex 11.60202731206103 -5.165555367062662 0
    endloop
  endfacet
  facet normal -0.9659258262890681 0.25881904510252146 0
    outer loop
      vertex 12.078417756948449 -3.9245158285618316 49.6
      vertex 12.42247452931933 -2.6404784733855435 49.6
      vertex 12.078417756948449 -3.9245158285618316 0
    endloop
  endfacet
  facet normal -0.9876883405951379 0.15643446504023029 0
    outer loop
      vertex 12.42247452931933 -2.6404784733855435 49.6
      vertex 12.63042807117707 -1.327511483499199 49.6
      vertex 12.42247452931933 -2.6404784733855435 0
    endloop
  endfacet
  facet normal -0.9986295347545738 0.05233595624294475 0
    outer loop
      vertex 12.63042807117707 -1.327511483499199 49.6
      vertex 12.679036888286783 -0.4 49.6
      vertex 12.63042807117707 -1.327511483499199 0
    endloop
  endfacet
  facet normal -0.7071067811865476 -0.7071067811865476 0
    outer loop
      vertex 8.497958700757499 9.437939283562907 49.6
      vertex 8.497958700757499 9.437939283562907 0
      vertex 9.437939283562907 8.497958700757499 0
    endloop
  endfacet
  facet normal -0.9876883405951379 -0.15643446504023029 0
    outer loop
      vertex 12.42247452931933 2.6404784733855435 49.6
      vertex 12.42247452931933 2.6404784733855435 0
      vertex 12.63042807117707 1.327511483499199 0
    endloop
  endfacet
  facet normal -0.9659258262890681 -0.25881904510252146 0
    outer loop
      vertex 12.078417756948449 3.9245158285618316 49.6
      vertex 12.078417756948449 3.9245158285618316 0
      vertex 12.42247452931933 2.6404784733855435 0
    endloop
  endfacet
  facet normal -0.9986295347545738 -0.05233595624294475 0
    outer loop
      vertex 12.63042807117707 1.327511483499199 49.6
      vertex 12.63042807117707 1.327511483499199 0
      vertex 12.679036888286783 0.4 0
    endloop
  endfacet
  facet normal -0.933580426497202 -0.3583679495452994 0
    outer loop
      vertex 11.60202731206103 5.165555367062662 49.6
      vertex 11.60202731206103 5.165555367062662 0
      vertex 12.078417756948449 3.9245158285618316 0
    endloop
  endfacet
  facet normal -0.8910065241883677 -0.4539904997395473 0
    outer loop
      vertex 10.99852262806237 6.35 49.6
      vertex 10.99852262806237 6.35 0
      vertex 11.60202731206103 5.165555367062662 0
    endloop
  endfacet
  facet normal -0.7771459614569711 -0.6293203910498374 0
    outer loop
      vertex 9.437939283562907 8.497958700757499 49.6
      vertex 9.437939283562907 8.497958700757499 0
      vertex 10.274515828561832 7.464872704114408 0
    endloop
  endfacet
  facet normal -0.8386705679454243 -0.5446390350150269 0
    outer loop
      vertex 10.274515828561832 7.464872704114408 49.6
      vertex 10.274515828561832 7.464872704114408 0
      vertex 10.99852262806237 6.35 0
    endloop
  endfacet
  facet normal -0.7071067811865476 -0.7071067811865476 -2.6591972592054314e-19
    outer loop
      vertex 8.497958700757499 9.437939283562907 49.6
      vertex 9.437939283562907 8.497958700757499 0
      vertex 9.437939283562907 8.497958700757499 49.6
    endloop
  endfacet
  facet normal -0.9659258262890681 -0.25881904510252146 0
    outer loop
      vertex 12.42247452931933 2.6404784733855435 49.6
      vertex 12.078417756948449 3.9245158285618316 49.6
      vertex 12.42247452931933 2.6404784733855435 0
    endloop
  endfacet
  facet normal -0.933580426497202 -0.3583679495452994 0
    outer loop
      vertex 12.078417756948449 3.9245158285618316 49.6
      vertex 11.60202731206103 5.165555367062662 49.6
      vertex 12.078417756948449 3.9245158285618316 0
    endloop
  endfacet
  facet normal -0.9986295347545738 -0.05233595624294475 0
    outer loop
      vertex 12.679036888286783 0.4 49.6
      vertex 12.63042807117707 1.327511483499199 49.6
      vertex 12.679036888286783 0.4 0
    endloop
  endfacet
  facet normal -0.9876883405951379 -0.15643446504023029 0
    outer loop
      vertex 12.63042807117707 1.327511483499199 49.6
      vertex 12.42247452931933 2.6404784733855435 49.6
      vertex 12.63042807117707 1.327511483499199 0
    endloop
  endfacet
  facet normal -0.8386705679454243 -0.5446390350150269 0
    outer loop
      vertex 10.99852262806237 6.35 49.6
      vertex 10.274515828561832 7.464872704114408 49.6
      vertex 10.99852262806237 6.35 0
    endloop
  endfacet
  facet normal -0.8910065241883677 -0.4539904997395473 0
    outer loop
      vertex 11.60202731206103 5.165555367062662 49.6
      vertex 10.99852262806237 6.35 49.6
      vertex 11.60202731206103 5.165555367062662 0
    endloop
  endfacet
  facet normal -0.7771459614569711 -0.6293203910498374 0
    outer loop
      vertex 10.274515828561832 7.464872704114408 49.6
      vertex 9.437939283562907 8.497958700757499 49.6
      vertex 10.274515828561832 7.464872704114408 0
    endloop
  endfacet
  facet normal -0.4539904997395473 -0.8910065241883677 0
    outer loop
      vertex 5.165555367062662 11.60202731206103 49.6
      vertex 5.165555367062662 11.60202731206103 0
      vertex 6.35 10.99852262806237 0
    endloop
  endfacet
  facet normal -0.5446390350150269 -0.8386705679454243 0
    outer loop
      vertex 6.35 10.99852262806237 49.6
      vertex 6.35 10.99852262806237 0
      vertex 7.464872704114408 10.274515828561832 0
    endloop
  endfacet
  facet normal -0.3583679495452994 -0.933580426497202 0
    outer loop
      vertex 3.9245158285618316 12.078417756948449 49.6
      vertex 3.9245158285618316 12.078417756948449 0
      vertex 5.165555367062662 11.60202731206103 0
    endloop
  endfacet
  facet normal -0.6293203910498374 -0.7771459614569711 0
    outer loop
      vertex 7.464872704114408 10.274515828561832 49.6
      vertex 7.464872704114408 10.274515828561832 0
      vertex 8.497958700757499 9.437939283562907 0
    endloop
  endfacet
  facet normal -0.4539904997395473 -0.8910065241883677 -2.5960230085062555e-19
    outer loop
      vertex 5.165555367062662 11.60202731206103 49.6
      vertex 6.35 10.99852262806237 0
      vertex 6.35 10.99852262806237 49.6
    endloop
  endfacet
  facet normal -0.3583679495452994 -0.933580426497202 0
    outer loop
      vertex 5.165555367062662 11.60202731206103 49.6
      vertex 3.9245158285618316 12.078417756948449 49.6
      vertex 5.165555367062662 11.60202731206103 0
    endloop
  endfacet
  facet normal -0.5446390350150269 -0.8386705679454243 -2.952854727446673e-19
    outer loop
      vertex 6.35 10.99852262806237 49.6
      vertex 7.464872704114408 10.274515828561832 0
      vertex 7.464872704114408 10.274515828561832 49.6
    endloop
  endfacet
  facet normal -0.6293203910498374 -0.7771459614569711 0
    outer loop
      vertex 8.497958700757499 9.437939283562907 49.6
      vertex 7.464872704114408 10.274515828561832 49.6
      vertex 8.497958700757499 9.437939283562907 0
    endloop
  endfacet
  facet normal 0 1 0
    outer loop
      vertex 12.679036888286783 -0.4 49.6
      vertex 18.87242415547371 -0.4 0
      vertex 12.679036888286783 -0.4 0
    endloop
  endfacet
  facet normal 0 1 0
    outer loop
      vertex 18.87242415547371 -0.4 0
      vertex 12.679036888286783 -0.4 49.6
      vertex 26.700000002980232 -0.4 0
    endloop
  endfacet
  facet normal 0 1 0
    outer loop
      vertex 12.679036888286783 -0.4 49.6
      vertex 15.854036888286783 -0.4 52.775
      vertex 26.700000002980232 -0.4 0
    endloop
  endfacet
  facet normal 0 1 0
    outer loop
      vertex 15.854036888286783 -0.4 52.775
      vertex 26.700000002980232 -0.4 75
      vertex 26.700000002980232 -0.4 0
    endloop
  endfacet
  facet normal 0 1 0
    outer loop
      vertex 15.854036888286783 -0.4 52.775
      vertex 15.854036888286783 -0.4 75
      vertex 26.700000002980232 -0.4 75
    endloop
  endfacet
  facet normal 0 -1 0
    outer loop
      vertex 12.679036888286783 0.4 49.6
      vertex 12.679036888286783 0.4 0
      vertex 26.700000002980232 0.4 0
    endloop
  endfacet
  facet normal 0 -1 0
    outer loop
      vertex 12.679036888286783 0.4 49.6
      vertex 26.700000002980232 0.4 0
      vertex 15.854036888286783 0.4 52.775
    endloop
  endfacet
  facet normal 0 -1 0
    outer loop
      vertex 15.854036888286783 0.4 52.775
      vertex 26.700000002980232 0.4 0
      vertex 15.854036888286783 0.4 75
    endloop
  endfacet
  facet normal 0 -1 0
    outer loop
      vertex 15.854036888286783 0.4 75
      vertex 26.700000002980232 0.4 0
      vertex 26.700000002980232 0.4 75
    endloop
  endfacet
endsolid OpenSCAD_Model
