solid OpenSCAD_Model
  facet normal 0.104528450418663 -0.9945218967187566 0
    outer loop
      vertex 1.7764467000961304 -16.401418514549732 0
      vertex 1.6724195778369904 -16.412352204322815 75
      vertex 1.6724195778369904 -16.412352204322815 0
    endloop
  endfacet
  facet normal 0.104528450418663 -0.9945218967187566 0
    outer loop
      vertex 1.7764467000961304 -16.401418514549732 0
      vertex 1.7764467000961304 -16.401418514549732 75
      vertex 1.6724195778369904 -16.412352204322815 75
    endloop
  endfacet
  facet normal 0.1564344664493616 -0.9876883403719533 0
    outer loop
      vertex 3.3788158372044563 -16.14762817323208 0
      vertex 1.7764467000961304 -16.401418514549732 75
      vertex 1.7764467000961304 -16.401418514549732 0
    endloop
  endfacet
  facet normal 0.1564344664493616 -0.9876883403719533 0
    outer loop
      vertex 3.3788158372044563 -16.14762817323208 0
      vertex 3.3788158372044563 -16.14762817323208 75
      vertex 1.7764467000961304 -16.401418514549732 75
    endloop
  endfacet
  facet normal 0.2079116659329397 -0.978147606023237 0
    outer loop
      vertex 3.481130212545395 -16.12588058412075 0
      vertex 3.3788158372044563 -16.14762817323208 75
      vertex 3.3788158372044563 -16.14762817323208 0
    endloop
  endfacet
  facet normal 0.2079116659329397 -0.978147606023237 0
    outer loop
      vertex 3.481130212545395 -16.12588058412075 0
      vertex 3.481130212545395 -16.12588058412075 75
      vertex 3.3788158372044563 -16.14762817323208 75
    endloop
  endfacet
  facet normal 0.25881904657217575 -0.9659258258952753 0
    outer loop
      vertex 5.048193089663982 -15.705987349152565 0
      vertex 3.481130212545395 -16.12588058412075 75
      vertex 3.481130212545395 -16.12588058412075 0
    endloop
  endfacet
  facet normal 0.25881904657217575 -0.9659258258952753 0
    outer loop
      vertex 5.048193089663982 -15.705987349152565 0
      vertex 5.048193089663982 -15.705987349152565 75
      vertex 3.481130212545395 -16.12588058412075 75
    endloop
  endfacet
  facet normal 0.309016979633851 -0.9510565210848261 0
    outer loop
      vertex 5.147673733532429 -15.673664130270481 0
      vertex 5.048193089663982 -15.705987349152565 75
      vertex 5.048193089663982 -15.705987349152565 0
    endloop
  endfacet
  facet normal 0.309016979633851 -0.9510565210848261 0
    outer loop
      vertex 5.147673733532429 -15.673664130270481 0
      vertex 5.147673733532429 -15.673664130270481 75
      vertex 5.048193089663982 -15.705987349152565 75
    endloop
  endfacet
  facet normal 0.358367949683589 -0.9335804264441177 4.419550847223923e-19
    outer loop
      vertex 6.711154609918594 -15.07350005209446 0
      vertex 5.147673733532429 -15.673664130270481 75
      vertex 5.147673733532429 -15.673664130270481 0
    endloop
  endfacet
  facet normal 0.358367949683589 -0.9335804264441177 0
    outer loop
      vertex 6.711154609918594 -15.07350005209446 0
      vertex 6.711154609918594 -15.07350005209446 75
      vertex 5.147673733532429 -15.673664130270481 75
    endloop
  endfacet
  facet normal 0.453990500609973 -0.8910065237448636 0
    outer loop
      vertex 8.203336343169212 -14.3131954818964 0
      vertex 6.711154609918594 -15.07350005209446 75
      vertex 6.711154609918594 -15.07350005209446 0
    endloop
  endfacet
  facet normal 0.453990500609973 -0.8910065237448636 0
    outer loop
      vertex 8.203336343169212 -14.3131954818964 0
      vertex 8.203336343169212 -14.3131954818964 75
      vertex 6.711154609918594 -15.07350005209446 75
    endloop
  endfacet
  facet normal 0.5000000201300191 -0.8660253921623664 0
    outer loop
      vertex 8.29392272233963 -14.260895408689976 0
      vertex 8.203336343169212 -14.3131954818964 75
      vertex 8.203336343169212 -14.3131954818964 0
    endloop
  endfacet
  facet normal 0.5000000201300191 -0.8660253921623664 0
    outer loop
      vertex 8.29392272233963 -14.260895408689976 0
      vertex 8.29392272233963 -14.260895408689976 75
      vertex 8.203336343169212 -14.3131954818964 75
    endloop
  endfacet
  facet normal 0.5446390328570825 -0.8386705693468096 0
    outer loop
      vertex 9.654533937573433 -13.377304159104824 0
      vertex 8.29392272233963 -14.260895408689976 75
      vertex 8.29392272233963 -14.260895408689976 0
    endloop
  endfacet
  facet normal 0.5446390328570825 -0.8386705693468096 0
    outer loop
      vertex 9.654533937573433 -13.377304159104824 0
      vertex 9.654533937573433 -13.377304159104824 75
      vertex 8.29392272233963 -14.260895408689976 75
    endloop
  endfacet
  facet normal 0.5877852616263575 -0.8090169875934834 0
    outer loop
      vertex 9.739157229661942 -13.31582173705101 0
      vertex 9.654533937573433 -13.377304159104824 75
      vertex 9.654533937573433 -13.377304159104824 0
    endloop
  endfacet
  facet normal 0.5877852616263575 -0.8090169875934834 0
    outer loop
      vertex 9.739157229661942 -13.31582173705101 0
      vertex 9.739157229661942 -13.31582173705101 75
      vertex 9.654533937573433 -13.377304159104824 75
    endloop
  endfacet
  facet normal 0.6293203916641704 -0.7771459609594937 4.562221069243789e-19
    outer loop
      vertex 10.99995443969965 -12.294848285615444 0
      vertex 9.739157229661942 -13.31582173705101 75
      vertex 9.739157229661942 -13.31582173705101 0
    endloop
  endfacet
  facet normal 0.6293203916641704 -0.7771459609594937 0
    outer loop
      vertex 10.99995443969965 -12.294848285615444 0
      vertex 10.99995443969965 -12.294848285615444 75
      vertex 9.739157229661942 -13.31582173705101 75
    endloop
  endfacet
  facet normal 0.6691306002230957 -0.7431448310020596 0
    outer loop
      vertex 11.077687487006187 -12.22485713660717 0
      vertex 10.99995443969965 -12.294848285615444 75
      vertex 10.99995443969965 -12.294848285615444 0
    endloop
  endfacet
  facet normal 0.6691306002230957 -0.7431448310020596 0
    outer loop
      vertex 11.077687487006187 -12.22485713660717 0
      vertex 11.077687487006187 -12.22485713660717 75
      vertex 10.99995443969965 -12.294848285615444 75
    endloop
  endfacet
  facet normal 0.7071067811865475 -0.7071067811865475 0
    outer loop
      vertex 12.22485713660717 -11.077687487006187 0
      vertex 11.077687487006187 -12.22485713660717 75
      vertex 11.077687487006187 -12.22485713660717 0
    endloop
  endfacet
  facet normal 0.7071067811865475 -0.7071067811865475 0
    outer loop
      vertex 12.22485713660717 -11.077687487006187 0
      vertex 12.22485713660717 -11.077687487006187 75
      vertex 11.077687487006187 -12.22485713660717 75
    endloop
  endfacet
  facet normal 0.7431448310020596 -0.6691306002230957 0
    outer loop
      vertex 12.294848285615444 -10.99995443969965 0
      vertex 12.22485713660717 -11.077687487006187 75
      vertex 12.22485713660717 -11.077687487006187 0
    endloop
  endfacet
  facet normal 0.7431448310020596 -0.6691306002230957 0
    outer loop
      vertex 12.294848285615444 -10.99995443969965 0
      vertex 12.294848285615444 -10.99995443969965 75
      vertex 12.22485713660717 -11.077687487006187 75
    endloop
  endfacet
  facet normal 0.7771459609594937 -0.6293203916641704 4.562221069243789e-19
    outer loop
      vertex 13.31582173705101 -9.739157229661942 0
      vertex 12.294848285615444 -10.99995443969965 75
      vertex 12.294848285615444 -10.99995443969965 0
    endloop
  endfacet
  facet normal 0.7771459609594937 -0.6293203916641704 0
    outer loop
      vertex 13.31582173705101 -9.739157229661942 0
      vertex 13.31582173705101 -9.739157229661942 75
      vertex 12.294848285615444 -10.99995443969965 75
    endloop
  endfacet
  facet normal 0.8090169875934834 -0.5877852616263575 0
    outer loop
      vertex 13.377304159104824 -9.654533937573433 0
      vertex 13.31582173705101 -9.739157229661942 75
      vertex 13.31582173705101 -9.739157229661942 0
    endloop
  endfacet
  facet normal 0.8090169875934834 -0.5877852616263575 0
    outer loop
      vertex 13.377304159104824 -9.654533937573433 0
      vertex 13.377304159104824 -9.654533937573433 75
      vertex 13.31582173705101 -9.739157229661942 75
    endloop
  endfacet
  facet normal 0.8386705693468096 -0.5446390328570825 0
    outer loop
      vertex 14.260895408689976 -8.29392272233963 0
      vertex 13.377304159104824 -9.654533937573433 75
      vertex 13.377304159104824 -9.654533937573433 0
    endloop
  endfacet
  facet normal 0.8386705693468096 -0.5446390328570825 0
    outer loop
      vertex 14.260895408689976 -8.29392272233963 0
      vertex 14.260895408689976 -8.29392272233963 75
      vertex 13.377304159104824 -9.654533937573433 75
    endloop
  endfacet
  facet normal 0.8660253921623664 -0.5000000201300191 0
    outer loop
      vertex 14.3131954818964 -8.203336343169212 0
      vertex 14.260895408689976 -8.29392272233963 75
      vertex 14.260895408689976 -8.29392272233963 0
    endloop
  endfacet
  facet normal 0.8660253921623664 -0.5000000201300191 0
    outer loop
      vertex 14.3131954818964 -8.203336343169212 0
      vertex 14.3131954818964 -8.203336343169212 75
      vertex 14.260895408689976 -8.29392272233963 75
    endloop
  endfacet
  facet normal 0.8910065245596039 -0.4539904990109549 0
    outer loop
      vertex 14.879439949989319 -7.092018999159336 0
      vertex 14.3131954818964 -8.203336343169212 75
      vertex 14.3131954818964 -8.203336343169212 0
    endloop
  endfacet
  facet normal 0.8910065245596039 -0.4539904990109549 0
    outer loop
      vertex 14.879439949989319 -7.092018999159336 0
      vertex 14.879439949989319 -7.092018999159336 75
      vertex 14.3131954818964 -8.203336343169212 75
    endloop
  endfacet
  facet normal 0.8672129408114941 -0.49793746122287286 0
    outer loop
      vertex 14.978945933282375 -6.918718367815018 0
      vertex 14.879439949989319 -7.092018999159336 75
      vertex 14.879439949989319 -7.092018999159336 0
    endloop
  endfacet
  facet normal 0.8672129408114941 -0.49793746122287286 0
    outer loop
      vertex 14.978945933282375 -6.918718367815018 0
      vertex 14.978945933282375 -6.918718367815018 75
      vertex 14.879439949989319 -7.092018999159336 75
    endloop
  endfacet
  facet normal 0.8131931150712765 -0.5819939497973099 0
    outer loop
      vertex 15.095249459147453 -6.75621285289526 0
      vertex 14.978945933282375 -6.918718367815018 75
      vertex 14.978945933282375 -6.918718367815018 0
    endloop
  endfacet
  facet normal 0.8131931150712765 -0.5819939497973099 0
    outer loop
      vertex 15.095249459147453 -6.75621285289526 0
      vertex 15.095249459147453 -6.75621285289526 75
      vertex 14.978945933282375 -6.918718367815018 75
    endloop
  endfacet
  facet normal 0.7510546523652205 -0.6602400390468286 0
    outer loop
      vertex 15.227189391851425 -6.606124863028526 0
      vertex 15.095249459147453 -6.75621285289526 75
      vertex 15.095249459147453 -6.75621285289526 0
    endloop
  endfacet
  facet normal 0.7510546523652205 -0.6602400390468286 0
    outer loop
      vertex 15.227189391851425 -6.606124863028526 0
      vertex 15.227189391851425 -6.606124863028526 75
      vertex 15.095249459147453 -6.75621285289526 75
    endloop
  endfacet
  facet normal 0.6814179487432984 -0.7318945136633254 0
    outer loop
      vertex 15.373448491096497 -6.469952814280987 0
      vertex 15.227189391851425 -6.606124863028526 75
      vertex 15.227189391851425 -6.606124863028526 0
    endloop
  endfacet
  facet normal 0.6814179487432984 -0.7318945136633254 0
    outer loop
      vertex 15.373448491096497 -6.469952814280987 0
      vertex 15.373448491096497 -6.469952814280987 75
      vertex 15.227189391851425 -6.606124863028526 75
    endloop
  endfacet
  facet normal 0.6049781861729308 -0.7962420450182914 0
    outer loop
      vertex 15.53256656229496 -6.349056206643581 0
      vertex 15.373448491096497 -6.469952814280987 75
      vertex 15.373448491096497 -6.469952814280987 0
    endloop
  endfacet
  facet normal 0.6049781861729308 -0.7962420450182914 0
    outer loop
      vertex 15.53256656229496 -6.349056206643581 0
      vertex 15.53256656229496 -6.349056206643581 75
      vertex 15.373448491096497 -6.469952814280987 75
    endloop
  endfacet
  facet normal 0.5224985651904821 -0.8526401640632978 0
    outer loop
      vertex 15.702955029904842 -6.244642019271851 0
      vertex 15.53256656229496 -6.349056206643581 75
      vertex 15.53256656229496 -6.349056206643581 0
    endloop
  endfacet
  facet normal 0.5224985651904821 -0.8526401640632978 0
    outer loop
      vertex 15.702955029904842 -6.244642019271851 0
      vertex 15.702955029904842 -6.244642019271851 75
      vertex 15.53256656229496 -6.349056206643581 75
    endloop
  endfacet
  facet normal 0.43480250877887844 -0.9005258343654519 0
    outer loop
      vertex 15.882912784814835 -6.157752692699432 0
      vertex 15.702955029904842 -6.244642019271851 75
      vertex 15.702955029904842 -6.244642019271851 0
    endloop
  endfacet
  facet normal 0.43480250877887844 -0.9005258343654519 0
    outer loop
      vertex 15.882912784814835 -6.157752692699432 0
      vertex 15.882912784814835 -6.157752692699432 75
      vertex 15.702955029904842 -6.244642019271851 75
    endloop
  endfacet
  facet normal 0.3427655114331333 -0.9394209941085959 0
    outer loop
      vertex 16.070643208920956 -6.089255698025227 0
      vertex 15.882912784814835 -6.157752692699432 75
      vertex 15.882912784814835 -6.157752692699432 0
    endloop
  endfacet
  facet normal 0.3427655114331333 -0.9394209941085959 0
    outer loop
      vertex 16.070643208920956 -6.089255698025227 0
      vertex 16.070643208920956 -6.089255698025227 75
      vertex 15.882912784814835 -6.157752692699432 75
    endloop
  endfacet
  facet normal 0.2473065013361951 -0.968937301581919 0
    outer loop
      vertex 16.264272063970566 -6.039834879338741 0
      vertex 16.070643208920956 -6.089255698025227 75
      vertex 16.070643208920956 -6.089255698025227 0
    endloop
  endfacet
  facet normal 0.2473065013361951 -0.968937301581919 0
    outer loop
      vertex 16.264272063970566 -6.039834879338741 0
      vertex 16.264272063970566 -6.039834879338741 75
      vertex 16.070643208920956 -6.089255698025227 75
    endloop
  endfacet
  facet normal 0.1493784728111356 -0.9887800927711949 0
    outer loop
      vertex 16.461866229772568 -6.009983636438847 0
      vertex 16.264272063970566 -6.039834879338741 75
      vertex 16.264272063970566 -6.039834879338741 0
    endloop
  endfacet
  facet normal 0.1493784728111356 -0.9887800927711949 0
    outer loop
      vertex 16.461866229772568 -6.009983636438847 0
      vertex 16.461866229772568 -6.009983636438847 75
      vertex 16.264272063970566 -6.039834879338741 75
    endloop
  endfacet
  facet normal 0.04995907023813623 -0.9987512659821468 0
    outer loop
      vertex 16.661453001201153 -6 0
      vertex 16.461866229772568 -6.009983636438847 75
      vertex 16.461866229772568 -6.009983636438847 0
    endloop
  endfacet
  facet normal 0.04995907023813623 -0.9987512659821468 0
    outer loop
      vertex 16.661453001201153 -6 0
      vertex 16.661453001201153 -6 75
      vertex 16.461866229772568 -6.009983636438847 75
    endloop
  endfacet
  facet normal 0 -1 0
    outer loop
      vertex 26.5 -6 0
      vertex 16.661453001201153 -6 75
      vertex 16.661453001201153 -6 0
    endloop
  endfacet
  facet normal 0 -1 0
    outer loop
      vertex 26.5 -6 0
      vertex 26.5 -6 75
      vertex 16.661453001201153 -6 75
    endloop
  endfacet
  facet normal 1 0 0
    outer loop
      vertex 26.5 -0.5 0
      vertex 26.5 -6 75
      vertex 26.5 -6 0
    endloop
  endfacet
  facet normal 1 0 0
    outer loop
      vertex 26.5 -0.5 0
      vertex 26.5 -0.5 75
      vertex 26.5 -6 75
    endloop
  endfacet
  facet normal 0 1 0
    outer loop
      vertex 12.473796114325523 -0.5 0
      vertex 26.5 -0.5 75
      vertex 26.5 -0.5 0
    endloop
  endfacet
  facet normal 0 1 0
    outer loop
      vertex 12.473796114325523 -0.5 0
      vertex 12.473796114325523 -0.5 75
      vertex 26.5 -0.5 75
    endloop
  endfacet
  facet normal -0.9986295347324851 0.05233595666442376 0
    outer loop
      vertex 12.431523695588112 -1.3066057935357094 0
      vertex 12.473796114325523 -0.5 75
      vertex 12.473796114325523 -0.5 0
    endloop
  endfacet
  facet normal -0.9986295347324851 0.05233595666442376 0
    outer loop
      vertex 12.431523695588112 -1.3066057935357094 0
      vertex 12.431523695588112 -1.3066057935357094 75
      vertex 12.473796114325523 -0.5 75
    endloop
  endfacet
  facet normal -0.987688340421587 0.15643446613598677 0
    outer loop
      vertex 12.226845011115074 -2.598896138370037 0
      vertex 12.431523695588112 -1.3066057935357094 75
      vertex 12.431523695588112 -1.3066057935357094 0
    endloop
  endfacet
  facet normal -0.987688340421587 0.15643446613598677 0
    outer loop
      vertex 12.226845011115074 -2.598896138370037 0
      vertex 12.226845011115074 -2.598896138370037 75
      vertex 12.431523695588112 -1.3066057935357094 75
    endloop
  endfacet
  facet normal -0.9659258253713071 0.25881904852765203 0
    outer loop
      vertex 11.888206452131271 -3.8627124279737473 0
      vertex 12.226845011115074 -2.598896138370037 75
      vertex 12.226845011115074 -2.598896138370037 0
    endloop
  endfacet
  facet normal -0.9659258253713071 0.25881904852765203 0
    outer loop
      vertex 11.888206452131271 -3.8627124279737473 0
      vertex 11.888206452131271 -3.8627124279737473 75
      vertex 12.226845011115074 -2.598896138370037 75
    endloop
  endfacet
  facet normal -0.933580427606295 0.3583679466560136 0
    outer loop
      vertex 11.419318221509457 -5.08420804142952 0
      vertex 11.888206452131271 -3.8627124279737473 75
      vertex 11.888206452131271 -3.8627124279737473 0
    endloop
  endfacet
  facet normal -0.933580427606295 0.3583679466560136 0
    outer loop
      vertex 11.419318221509457 -5.08420804142952 0
      vertex 11.419318221509457 -5.08420804142952 75
      vertex 11.888206452131271 -3.8627124279737473 75
    endloop
  endfacet
  facet normal -0.8910065232372066 0.4539905016063058 0
    outer loop
      vertex 10.825317546725273 -6.25 0
      vertex 11.419318221509457 -5.08420804142952 75
      vertex 11.419318221509457 -5.08420804142952 0
    endloop
  endfacet
  facet normal -0.8910065232372066 0.4539905016063058 0
    outer loop
      vertex 10.825317546725273 -6.25 0
      vertex 10.825317546725273 -6.25 75
      vertex 11.419318221509457 -5.08420804142952 75
    endloop
  endfacet
  facet normal -0.8386705676638884 0.5446390354485541 0
    outer loop
      vertex 10.112712427973747 -7.347315654158592 0
      vertex 10.825317546725273 -6.25 75
      vertex 10.825317546725273 -6.25 0
    endloop
  endfacet
  facet normal -0.8386705676638884 0.5446390354485541 0
    outer loop
      vertex 10.112712427973747 -7.347315654158592 0
      vertex 10.112712427973747 -7.347315654158592 75
      vertex 10.825317546725273 -6.25 75
    endloop
  endfacet
  facet normal -0.7771459640775279 0.6293203878137191 0
    outer loop
      vertex 9.289310321211815 -8.364132583141327 0
      vertex 10.112712427973747 -7.347315654158592 75
      vertex 10.112712427973747 -7.347315654158592 0
    endloop
  endfacet
  facet normal -0.7771459640775279 0.6293203878137191 0
    outer loop
      vertex 9.289310321211815 -8.364132583141327 0
      vertex 9.289310321211815 -8.364132583141327 75
      vertex 10.112712427973747 -7.347315654158592 75
    endloop
  endfacet
  facet normal -0.7071067811865476 0.7071067811865476 0
    outer loop
      vertex 8.364132583141327 -9.289310321211815 0
      vertex 9.289310321211815 -8.364132583141327 75
      vertex 9.289310321211815 -8.364132583141327 0
    endloop
  endfacet
  facet normal -0.7071067811865476 0.7071067811865476 0
    outer loop
      vertex 8.364132583141327 -9.289310321211815 0
      vertex 8.364132583141327 -9.289310321211815 75
      vertex 9.289310321211815 -8.364132583141327 75
    endloop
  endfacet
  facet normal -0.6293203878137191 0.7771459640775279 0
    outer loop
      vertex 7.347315654158592 -10.112712427973747 0
      vertex 8.364132583141327 -9.289310321211815 75
      vertex 8.364132583141327 -9.289310321211815 0
    endloop
  endfacet
  facet normal -0.6293203878137191 0.7771459640775279 0
    outer loop
      vertex 7.347315654158592 -10.112712427973747 0
      vertex 7.347315654158592 -10.112712427973747 75
      vertex 8.364132583141327 -9.289310321211815 75
    endloop
  endfacet
  facet normal -0.5446390354485541 0.8386705676638884 0
    outer loop
      vertex 6.25 -10.825317546725273 0
      vertex 7.347315654158592 -10.112712427973747 75
      vertex 7.347315654158592 -10.112712427973747 0
    endloop
  endfacet
  facet normal -0.5446390354485541 0.8386705676638884 0
    outer loop
      vertex 6.25 -10.825317546725273 0
      vertex 6.25 -10.825317546725273 75
      vertex 7.347315654158592 -10.112712427973747 75
    endloop
  endfacet
  facet normal -0.4539905016063058 0.8910065232372066 0
    outer loop
      vertex 5.08420804142952 -11.419318221509457 0
      vertex 6.25 -10.825317546725273 75
      vertex 6.25 -10.825317546725273 0
    endloop
  endfacet
  facet normal -0.4539905016063058 0.8910065232372066 0
    outer loop
      vertex 5.08420804142952 -11.419318221509457 0
      vertex 5.08420804142952 -11.419318221509457 75
      vertex 6.25 -10.825317546725273 75
    endloop
  endfacet
  facet normal -0.3583679466560136 0.933580427606295 0
    outer loop
      vertex 3.8627124279737473 -11.888206452131271 0
      vertex 5.08420804142952 -11.419318221509457 75
      vertex 5.08420804142952 -11.419318221509457 0
    endloop
  endfacet
  facet normal -0.3583679466560136 0.933580427606295 0
    outer loop
      vertex 3.8627124279737473 -11.888206452131271 0
      vertex 3.8627124279737473 -11.888206452131271 75
      vertex 5.08420804142952 -11.419318221509457 75
    endloop
  endfacet
  facet normal -0.25881904852765203 0.9659258253713071 0
    outer loop
      vertex 2.598896138370037 -12.226845011115074 0
      vertex 3.8627124279737473 -11.888206452131271 75
      vertex 3.8627124279737473 -11.888206452131271 0
    endloop
  endfacet
  facet normal -0.25881904852765203 0.9659258253713071 0
    outer loop
      vertex 2.598896138370037 -12.226845011115074 0
      vertex 2.598896138370037 -12.226845011115074 75
      vertex 3.8627124279737473 -11.888206452131271 75
    endloop
  endfacet
  facet normal -0.15643446613598677 0.987688340421587 0
    outer loop
      vertex 1.3066057935357094 -12.431523695588112 0
      vertex 2.598896138370037 -12.226845011115074 75
      vertex 2.598896138370037 -12.226845011115074 0
    endloop
  endfacet
  facet normal -0.15643446613598677 0.987688340421587 0
    outer loop
      vertex 1.3066057935357094 -12.431523695588112 0
      vertex 1.3066057935357094 -12.431523695588112 75
      vertex 2.598896138370037 -12.226845011115074 75
    endloop
  endfacet
  facet normal -0.05233595347945687 0.9986295348994021 0
    outer loop
      vertex 0 -12.5 0
      vertex 1.3066057935357094 -12.431523695588112 75
      vertex 1.3066057935357094 -12.431523695588112 0
    endloop
  endfacet
  facet normal -0.05233595347945687 0.9986295348994021 0
    outer loop
      vertex 0 -12.5 0
      vertex 0 -12.5 75
      vertex 1.3066057935357094 -12.431523695588112 75
    endloop
  endfacet
  facet normal 0.05233595347945687 0.9986295348994021 0
    outer loop
      vertex -1.3066057935357094 -12.431523695588112 0
      vertex 0 -12.5 75
      vertex 0 -12.5 0
    endloop
  endfacet
  facet normal 0.05233595347945687 0.9986295348994021 0
    outer loop
      vertex -1.3066057935357094 -12.431523695588112 0
      vertex -1.3066057935357094 -12.431523695588112 75
      vertex 0 -12.5 75
    endloop
  endfacet
  facet normal 0.15643446613598677 0.987688340421587 0
    outer loop
      vertex -2.598896138370037 -12.226845011115074 0
      vertex -1.3066057935357094 -12.431523695588112 75
      vertex -1.3066057935357094 -12.431523695588112 0
    endloop
  endfacet
  facet normal 0.15643446613598677 0.987688340421587 0
    outer loop
      vertex -2.598896138370037 -12.226845011115074 0
      vertex -2.598896138370037 -12.226845011115074 75
      vertex -1.3066057935357094 -12.431523695588112 75
    endloop
  endfacet
  facet normal 0.25881904852765203 0.9659258253713071 0
    outer loop
      vertex -3.8627124279737473 -11.888206452131271 0
      vertex -2.598896138370037 -12.226845011115074 75
      vertex -2.598896138370037 -12.226845011115074 0
    endloop
  endfacet
  facet normal 0.25881904852765203 0.9659258253713071 0
    outer loop
      vertex -3.8627124279737473 -11.888206452131271 0
      vertex -3.8627124279737473 -11.888206452131271 75
      vertex -2.598896138370037 -12.226845011115074 75
    endloop
  endfacet
  facet normal 0.3583679466560136 0.933580427606295 0
    outer loop
      vertex -5.08420804142952 -11.419318221509457 0
      vertex -3.8627124279737473 -11.888206452131271 75
      vertex -3.8627124279737473 -11.888206452131271 0
    endloop
  endfacet
  facet normal 0.3583679466560136 0.933580427606295 0
    outer loop
      vertex -5.08420804142952 -11.419318221509457 0
      vertex -5.08420804142952 -11.419318221509457 75
      vertex -3.8627124279737473 -11.888206452131271 75
    endloop
  endfacet
  facet normal 0.4539905016063058 0.8910065232372066 0
    outer loop
      vertex -6.25 -10.825317546725273 0
      vertex -5.08420804142952 -11.419318221509457 75
      vertex -5.08420804142952 -11.419318221509457 0
    endloop
  endfacet
  facet normal 0.4539905016063058 0.8910065232372066 0
    outer loop
      vertex -6.25 -10.825317546725273 0
      vertex -6.25 -10.825317546725273 75
      vertex -5.08420804142952 -11.419318221509457 75
    endloop
  endfacet
  facet normal 0.5446390354485541 0.8386705676638884 0
    outer loop
      vertex -7.347315654158592 -10.112712427973747 0
      vertex -6.25 -10.825317546725273 75
      vertex -6.25 -10.825317546725273 0
    endloop
  endfacet
  facet normal 0.5446390354485541 0.8386705676638884 0
    outer loop
      vertex -7.347315654158592 -10.112712427973747 0
      vertex -7.347315654158592 -10.112712427973747 75
      vertex -6.25 -10.825317546725273 75
    endloop
  endfacet
  facet normal 0.6293203878137191 0.7771459640775279 0
    outer loop
      vertex -8.364132583141327 -9.289310321211815 0
      vertex -7.347315654158592 -10.112712427973747 75
      vertex -7.347315654158592 -10.112712427973747 0
    endloop
  endfacet
  facet normal 0.6293203878137191 0.7771459640775279 0
    outer loop
      vertex -8.364132583141327 -9.289310321211815 0
      vertex -8.364132583141327 -9.289310321211815 75
      vertex -7.347315654158592 -10.112712427973747 75
    endloop
  endfacet
  facet normal 0.7071067811865476 0.7071067811865476 0
    outer loop
      vertex -9.289310321211815 -8.364132583141327 0
      vertex -8.364132583141327 -9.289310321211815 75
      vertex -8.364132583141327 -9.289310321211815 0
    endloop
  endfacet
  facet normal 0.7071067811865476 0.7071067811865476 0
    outer loop
      vertex -9.289310321211815 -8.364132583141327 0
      vertex -9.289310321211815 -8.364132583141327 75
      vertex -8.364132583141327 -9.289310321211815 75
    endloop
  endfacet
  facet normal 0.7771459640775279 0.6293203878137191 0
    outer loop
      vertex -10.112712427973747 -7.347315654158592 0
      vertex -9.289310321211815 -8.364132583141327 75
      vertex -9.289310321211815 -8.364132583141327 0
    endloop
  endfacet
  facet normal 0.7771459640775279 0.6293203878137191 0
    outer loop
      vertex -10.112712427973747 -7.347315654158592 0
      vertex -10.112712427973747 -7.347315654158592 75
      vertex -9.289310321211815 -8.364132583141327 75
    endloop
  endfacet
  facet normal 0.8386705676638884 0.5446390354485541 0
    outer loop
      vertex -10.825317546725273 -6.25 0
      vertex -10.112712427973747 -7.347315654158592 75
      vertex -10.112712427973747 -7.347315654158592 0
    endloop
  endfacet
  facet normal 0.8386705676638884 0.5446390354485541 0
    outer loop
      vertex -10.825317546725273 -6.25 0
      vertex -10.825317546725273 -6.25 75
      vertex -10.112712427973747 -7.347315654158592 75
    endloop
  endfacet
  facet normal 0.8910065232372066 0.4539905016063058 0
    outer loop
      vertex -11.419318221509457 -5.08420804142952 0
      vertex -10.825317546725273 -6.25 75
      vertex -10.825317546725273 -6.25 0
    endloop
  endfacet
  facet normal 0.8910065232372066 0.4539905016063058 0
    outer loop
      vertex -11.419318221509457 -5.08420804142952 0
      vertex -11.419318221509457 -5.08420804142952 75
      vertex -10.825317546725273 -6.25 75
    endloop
  endfacet
  facet normal 0.933580427606295 0.3583679466560136 0
    outer loop
      vertex -11.888206452131271 -3.8627124279737473 0
      vertex -11.419318221509457 -5.08420804142952 75
      vertex -11.419318221509457 -5.08420804142952 0
    endloop
  endfacet
  facet normal 0.933580427606295 0.3583679466560136 0
    outer loop
      vertex -11.888206452131271 -3.8627124279737473 0
      vertex -11.888206452131271 -3.8627124279737473 75
      vertex -11.419318221509457 -5.08420804142952 75
    endloop
  endfacet
  facet normal 0.9659258253713071 0.25881904852765203 0
    outer loop
      vertex -12.226845011115074 -2.598896138370037 0
      vertex -11.888206452131271 -3.8627124279737473 75
      vertex -11.888206452131271 -3.8627124279737473 0
    endloop
  endfacet
  facet normal 0.9659258253713071 0.25881904852765203 0
    outer loop
      vertex -12.226845011115074 -2.598896138370037 0
      vertex -12.226845011115074 -2.598896138370037 75
      vertex -11.888206452131271 -3.8627124279737473 75
    endloop
  endfacet
  facet normal 0.987688340421587 0.15643446613598677 0
    outer loop
      vertex -12.431523695588112 -1.3066057935357094 0
      vertex -12.226845011115074 -2.598896138370037 75
      vertex -12.226845011115074 -2.598896138370037 0
    endloop
  endfacet
  facet normal 0.987688340421587 0.15643446613598677 0
    outer loop
      vertex -12.431523695588112 -1.3066057935357094 0
      vertex -12.431523695588112 -1.3066057935357094 75
      vertex -12.226845011115074 -2.598896138370037 75
    endloop
  endfacet
  facet normal 0.9986295348994021 0.05233595347945687 0
    outer loop
      vertex -12.5 0 0
      vertex -12.431523695588112 -1.3066057935357094 75
      vertex -12.431523695588112 -1.3066057935357094 0
    endloop
  endfacet
  facet normal 0.9986295348994021 0.05233595347945687 0
    outer loop
      vertex -12.5 0 0
      vertex -12.5 0 75
      vertex -12.431523695588112 -1.3066057935357094 75
    endloop
  endfacet
  facet normal 0.9986295348994021 -0.05233595347945687 0
    outer loop
      vertex -12.431523695588112 1.3066057935357094 0
      vertex -12.5 0 75
      vertex -12.5 0 0
    endloop
  endfacet
  facet normal 0.9986295348994021 -0.05233595347945687 0
    outer loop
      vertex -12.431523695588112 1.3066057935357094 0
      vertex -12.431523695588112 1.3066057935357094 75
      vertex -12.5 0 75
    endloop
  endfacet
  facet normal 0.987688340421587 -0.15643446613598677 0
    outer loop
      vertex -12.226845011115074 2.598896138370037 0
      vertex -12.431523695588112 1.3066057935357094 75
      vertex -12.431523695588112 1.3066057935357094 0
    endloop
  endfacet
  facet normal 0.987688340421587 -0.15643446613598677 0
    outer loop
      vertex -12.226845011115074 2.598896138370037 0
      vertex -12.226845011115074 2.598896138370037 75
      vertex -12.431523695588112 1.3066057935357094 75
    endloop
  endfacet
  facet normal 0.9659258253713071 -0.25881904852765203 0
    outer loop
      vertex -11.888206452131271 3.8627124279737473 0
      vertex -12.226845011115074 2.598896138370037 75
      vertex -12.226845011115074 2.598896138370037 0
    endloop
  endfacet
  facet normal 0.9659258253713071 -0.25881904852765203 0
    outer loop
      vertex -11.888206452131271 3.8627124279737473 0
      vertex -11.888206452131271 3.8627124279737473 75
      vertex -12.226845011115074 2.598896138370037 75
    endloop
  endfacet
  facet normal 0.933580427606295 -0.3583679466560136 0
    outer loop
      vertex -11.419318221509457 5.08420804142952 0
      vertex -11.888206452131271 3.8627124279737473 75
      vertex -11.888206452131271 3.8627124279737473 0
    endloop
  endfacet
  facet normal 0.933580427606295 -0.3583679466560136 0
    outer loop
      vertex -11.419318221509457 5.08420804142952 0
      vertex -11.419318221509457 5.08420804142952 75
      vertex -11.888206452131271 3.8627124279737473 75
    endloop
  endfacet
  facet normal 0.8910065232372066 -0.4539905016063058 0
    outer loop
      vertex -10.825317546725273 6.25 0
      vertex -11.419318221509457 5.08420804142952 75
      vertex -11.419318221509457 5.08420804142952 0
    endloop
  endfacet
  facet normal 0.8910065232372066 -0.4539905016063058 0
    outer loop
      vertex -10.825317546725273 6.25 0
      vertex -10.825317546725273 6.25 75
      vertex -11.419318221509457 5.08420804142952 75
    endloop
  endfacet
  facet normal 0.8386705676638884 -0.5446390354485541 0
    outer loop
      vertex -10.112712427973747 7.347315654158592 0
      vertex -10.825317546725273 6.25 75
      vertex -10.825317546725273 6.25 0
    endloop
  endfacet
  facet normal 0.8386705676638884 -0.5446390354485541 0
    outer loop
      vertex -10.112712427973747 7.347315654158592 0
      vertex -10.112712427973747 7.347315654158592 75
      vertex -10.825317546725273 6.25 75
    endloop
  endfacet
  facet normal 0.7771459640775279 -0.6293203878137191 0
    outer loop
      vertex -9.289310321211815 8.364132583141327 0
      vertex -10.112712427973747 7.347315654158592 75
      vertex -10.112712427973747 7.347315654158592 0
    endloop
  endfacet
  facet normal 0.7771459640775279 -0.6293203878137191 0
    outer loop
      vertex -9.289310321211815 8.364132583141327 0
      vertex -9.289310321211815 8.364132583141327 75
      vertex -10.112712427973747 7.347315654158592 75
    endloop
  endfacet
  facet normal 0.7071067811865476 -0.7071067811865476 0
    outer loop
      vertex -8.364132583141327 9.289310321211815 0
      vertex -9.289310321211815 8.364132583141327 75
      vertex -9.289310321211815 8.364132583141327 0
    endloop
  endfacet
  facet normal 0.7071067811865476 -0.7071067811865476 0
    outer loop
      vertex -8.364132583141327 9.289310321211815 0
      vertex -8.364132583141327 9.289310321211815 75
      vertex -9.289310321211815 8.364132583141327 75
    endloop
  endfacet
  facet normal 0.6293203878137191 -0.7771459640775279 0
    outer loop
      vertex -7.347315654158592 10.112712427973747 0
      vertex -8.364132583141327 9.289310321211815 75
      vertex -8.364132583141327 9.289310321211815 0
    endloop
  endfacet
  facet normal 0.6293203878137191 -0.7771459640775279 0
    outer loop
      vertex -7.347315654158592 10.112712427973747 0
      vertex -7.347315654158592 10.112712427973747 75
      vertex -8.364132583141327 9.289310321211815 75
    endloop
  endfacet
  facet normal 0.5446390354485541 -0.8386705676638884 0
    outer loop
      vertex -6.25 10.825317546725273 0
      vertex -7.347315654158592 10.112712427973747 75
      vertex -7.347315654158592 10.112712427973747 0
    endloop
  endfacet
  facet normal 0.5446390354485541 -0.8386705676638884 0
    outer loop
      vertex -6.25 10.825317546725273 0
      vertex -6.25 10.825317546725273 75
      vertex -7.347315654158592 10.112712427973747 75
    endloop
  endfacet
  facet normal 0.4539905016063058 -0.8910065232372066 0
    outer loop
      vertex -5.08420804142952 11.419318221509457 0
      vertex -6.25 10.825317546725273 75
      vertex -6.25 10.825317546725273 0
    endloop
  endfacet
  facet normal 0.4539905016063058 -0.8910065232372066 0
    outer loop
      vertex -5.08420804142952 11.419318221509457 0
      vertex -5.08420804142952 11.419318221509457 75
      vertex -6.25 10.825317546725273 75
    endloop
  endfacet
  facet normal 0.3583679466560136 -0.933580427606295 0
    outer loop
      vertex -3.8627124279737473 11.888206452131271 0
      vertex -5.08420804142952 11.419318221509457 75
      vertex -5.08420804142952 11.419318221509457 0
    endloop
  endfacet
  facet normal 0.3583679466560136 -0.933580427606295 0
    outer loop
      vertex -3.8627124279737473 11.888206452131271 0
      vertex -3.8627124279737473 11.888206452131271 75
      vertex -5.08420804142952 11.419318221509457 75
    endloop
  endfacet
  facet normal 0.25881904852765203 -0.9659258253713071 0
    outer loop
      vertex -2.598896138370037 12.226845011115074 0
      vertex -3.8627124279737473 11.888206452131271 75
      vertex -3.8627124279737473 11.888206452131271 0
    endloop
  endfacet
  facet normal 0.25881904852765203 -0.9659258253713071 0
    outer loop
      vertex -2.598896138370037 12.226845011115074 0
      vertex -2.598896138370037 12.226845011115074 75
      vertex -3.8627124279737473 11.888206452131271 75
    endloop
  endfacet
  facet normal 0.15643446613598677 -0.987688340421587 0
    outer loop
      vertex -1.3066057935357094 12.431523695588112 0
      vertex -2.598896138370037 12.226845011115074 75
      vertex -2.598896138370037 12.226845011115074 0
    endloop
  endfacet
  facet normal 0.15643446613598677 -0.987688340421587 0
    outer loop
      vertex -1.3066057935357094 12.431523695588112 0
      vertex -1.3066057935357094 12.431523695588112 75
      vertex -2.598896138370037 12.226845011115074 75
    endloop
  endfacet
  facet normal 0.05233595347945687 -0.9986295348994021 0
    outer loop
      vertex 0 12.5 0
      vertex -1.3066057935357094 12.431523695588112 75
      vertex -1.3066057935357094 12.431523695588112 0
    endloop
  endfacet
  facet normal 0.05233595347945687 -0.9986295348994021 0
    outer loop
      vertex 0 12.5 0
      vertex 0 12.5 75
      vertex -1.3066057935357094 12.431523695588112 75
    endloop
  endfacet
  facet normal -0.05233595347945687 -0.9986295348994021 0
    outer loop
      vertex 1.3066057935357094 12.431523695588112 0
      vertex 0 12.5 75
      vertex 0 12.5 0
    endloop
  endfacet
  facet normal -0.05233595347945687 -0.9986295348994021 0
    outer loop
      vertex 1.3066057935357094 12.431523695588112 0
      vertex 1.3066057935357094 12.431523695588112 75
      vertex 0 12.5 75
    endloop
  endfacet
  facet normal -0.15643446613598677 -0.987688340421587 0
    outer loop
      vertex 2.598896138370037 12.226845011115074 0
      vertex 1.3066057935357094 12.431523695588112 75
      vertex 1.3066057935357094 12.431523695588112 0
    endloop
  endfacet
  facet normal -0.15643446613598677 -0.987688340421587 0
    outer loop
      vertex 2.598896138370037 12.226845011115074 0
      vertex 2.598896138370037 12.226845011115074 75
      vertex 1.3066057935357094 12.431523695588112 75
    endloop
  endfacet
  facet normal -0.25881904852765203 -0.9659258253713071 0
    outer loop
      vertex 3.8627124279737473 11.888206452131271 0
      vertex 2.598896138370037 12.226845011115074 75
      vertex 2.598896138370037 12.226845011115074 0
    endloop
  endfacet
  facet normal -0.25881904852765203 -0.9659258253713071 0
    outer loop
      vertex 3.8627124279737473 11.888206452131271 0
      vertex 3.8627124279737473 11.888206452131271 75
      vertex 2.598896138370037 12.226845011115074 75
    endloop
  endfacet
  facet normal -0.3583679466560136 -0.933580427606295 0
    outer loop
      vertex 5.08420804142952 11.419318221509457 0
      vertex 3.8627124279737473 11.888206452131271 75
      vertex 3.8627124279737473 11.888206452131271 0
    endloop
  endfacet
  facet normal -0.3583679466560136 -0.933580427606295 0
    outer loop
      vertex 5.08420804142952 11.419318221509457 0
      vertex 5.08420804142952 11.419318221509457 75
      vertex 3.8627124279737473 11.888206452131271 75
    endloop
  endfacet
  facet normal -0.4539905016063058 -0.8910065232372066 0
    outer loop
      vertex 6.25 10.825317546725273 0
      vertex 5.08420804142952 11.419318221509457 75
      vertex 5.08420804142952 11.419318221509457 0
    endloop
  endfacet
  facet normal -0.4539905016063058 -0.8910065232372066 0
    outer loop
      vertex 6.25 10.825317546725273 0
      vertex 6.25 10.825317546725273 75
      vertex 5.08420804142952 11.419318221509457 75
    endloop
  endfacet
  facet normal -0.5446390354485541 -0.8386705676638884 0
    outer loop
      vertex 7.347315654158592 10.112712427973747 0
      vertex 6.25 10.825317546725273 75
      vertex 6.25 10.825317546725273 0
    endloop
  endfacet
  facet normal -0.5446390354485541 -0.8386705676638884 0
    outer loop
      vertex 7.347315654158592 10.112712427973747 0
      vertex 7.347315654158592 10.112712427973747 75
      vertex 6.25 10.825317546725273 75
    endloop
  endfacet
  facet normal -0.6293203878137191 -0.7771459640775279 0
    outer loop
      vertex 8.364132583141327 9.289310321211815 0
      vertex 7.347315654158592 10.112712427973747 75
      vertex 7.347315654158592 10.112712427973747 0
    endloop
  endfacet
  facet normal -0.6293203878137191 -0.7771459640775279 0
    outer loop
      vertex 8.364132583141327 9.289310321211815 0
      vertex 8.364132583141327 9.289310321211815 75
      vertex 7.347315654158592 10.112712427973747 75
    endloop
  endfacet
  facet normal -0.7071067811865476 -0.7071067811865476 0
    outer loop
      vertex 9.289310321211815 8.364132583141327 0
      vertex 8.364132583141327 9.289310321211815 75
      vertex 8.364132583141327 9.289310321211815 0
    endloop
  endfacet
  facet normal -0.7071067811865476 -0.7071067811865476 0
    outer loop
      vertex 9.289310321211815 8.364132583141327 0
      vertex 9.289310321211815 8.364132583141327 75
      vertex 8.364132583141327 9.289310321211815 75
    endloop
  endfacet
  facet normal -0.7771459640775279 -0.6293203878137191 0
    outer loop
      vertex 10.112712427973747 7.347315654158592 0
      vertex 9.289310321211815 8.364132583141327 75
      vertex 9.289310321211815 8.364132583141327 0
    endloop
  endfacet
  facet normal -0.7771459640775279 -0.6293203878137191 0
    outer loop
      vertex 10.112712427973747 7.347315654158592 0
      vertex 10.112712427973747 7.347315654158592 75
      vertex 9.289310321211815 8.364132583141327 75
    endloop
  endfacet
  facet normal -0.8386705676638884 -0.5446390354485541 0
    outer loop
      vertex 10.825317546725273 6.25 0
      vertex 10.112712427973747 7.347315654158592 75
      vertex 10.112712427973747 7.347315654158592 0
    endloop
  endfacet
  facet normal -0.8386705676638884 -0.5446390354485541 0
    outer loop
      vertex 10.825317546725273 6.25 0
      vertex 10.825317546725273 6.25 75
      vertex 10.112712427973747 7.347315654158592 75
    endloop
  endfacet
  facet normal -0.8910065232372066 -0.4539905016063058 0
    outer loop
      vertex 11.419318221509457 5.08420804142952 0
      vertex 10.825317546725273 6.25 75
      vertex 10.825317546725273 6.25 0
    endloop
  endfacet
  facet normal -0.8910065232372066 -0.4539905016063058 0
    outer loop
      vertex 11.419318221509457 5.08420804142952 0
      vertex 11.419318221509457 5.08420804142952 75
      vertex 10.825317546725273 6.25 75
    endloop
  endfacet
  facet normal -0.933580427606295 -0.3583679466560136 0
    outer loop
      vertex 11.888206452131271 3.8627124279737473 0
      vertex 11.419318221509457 5.08420804142952 75
      vertex 11.419318221509457 5.08420804142952 0
    endloop
  endfacet
  facet normal -0.933580427606295 -0.3583679466560136 0
    outer loop
      vertex 11.888206452131271 3.8627124279737473 0
      vertex 11.888206452131271 3.8627124279737473 75
      vertex 11.419318221509457 5.08420804142952 75
    endloop
  endfacet
  facet normal -0.9659258253713071 -0.25881904852765203 0
    outer loop
      vertex 12.226845011115074 2.598896138370037 0
      vertex 11.888206452131271 3.8627124279737473 75
      vertex 11.888206452131271 3.8627124279737473 0
    endloop
  endfacet
  facet normal -0.9659258253713071 -0.25881904852765203 0
    outer loop
      vertex 12.226845011115074 2.598896138370037 0
      vertex 12.226845011115074 2.598896138370037 75
      vertex 11.888206452131271 3.8627124279737473 75
    endloop
  endfacet
  facet normal -0.987688340421587 -0.15643446613598677 0
    outer loop
      vertex 12.431523695588112 1.3066057935357094 0
      vertex 12.226845011115074 2.598896138370037 75
      vertex 12.226845011115074 2.598896138370037 0
    endloop
  endfacet
  facet normal -0.987688340421587 -0.15643446613598677 0
    outer loop
      vertex 12.431523695588112 1.3066057935357094 0
      vertex 12.431523695588112 1.3066057935357094 75
      vertex 12.226845011115074 2.598896138370037 75
    endloop
  endfacet
  facet normal -0.9986295347324851 -0.05233595666442376 0
    outer loop
      vertex 12.473796114325523 0.5 0
      vertex 12.431523695588112 1.3066057935357094 75
      vertex 12.431523695588112 1.3066057935357094 0
    endloop
  endfacet
  facet normal -0.9986295347324851 -0.05233595666442376 0
    outer loop
      vertex 12.473796114325523 0.5 0
      vertex 12.473796114325523 0.5 75
      vertex 12.431523695588112 1.3066057935357094 75
    endloop
  endfacet
  facet normal 0 -1 0
    outer loop
      vertex 26.5 0.5 0
      vertex 12.473796114325523 0.5 75
      vertex 12.473796114325523 0.5 0
    endloop
  endfacet
  facet normal 0 -1 0
    outer loop
      vertex 26.5 0.5 0
      vertex 26.5 0.5 75
      vertex 12.473796114325523 0.5 75
    endloop
  endfacet
  facet normal 1 0 0
    outer loop
      vertex 26.5 6 0
      vertex 26.5 0.5 75
      vertex 26.5 0.5 0
    endloop
  endfacet
  facet normal 1 0 0
    outer loop
      vertex 26.5 6 0
      vertex 26.5 6 75
      vertex 26.5 0.5 75
    endloop
  endfacet
  facet normal 0 1 0
    outer loop
      vertex 16.661453001201153 6 0
      vertex 26.5 6 75
      vertex 26.5 6 0
    endloop
  endfacet
  facet normal 0 1 0
    outer loop
      vertex 16.661453001201153 6 0
      vertex 16.661453001201153 6 75
      vertex 26.5 6 75
    endloop
  endfacet
  facet normal 0.04995907023813623 0.9987512659821468 0
    outer loop
      vertex 16.461866229772568 6.009983636438847 0
      vertex 16.661453001201153 6 75
      vertex 16.661453001201153 6 0
    endloop
  endfacet
  facet normal 0.04995907023813623 0.9987512659821468 0
    outer loop
      vertex 16.461866229772568 6.009983636438847 0
      vertex 16.461866229772568 6.009983636438847 75
      vertex 16.661453001201153 6 75
    endloop
  endfacet
  facet normal 0.1493784728111356 0.9887800927711949 0
    outer loop
      vertex 16.264272063970566 6.039834879338741 0
      vertex 16.461866229772568 6.009983636438847 75
      vertex 16.461866229772568 6.009983636438847 0
    endloop
  endfacet
  facet normal 0.1493784728111356 0.9887800927711949 0
    outer loop
      vertex 16.264272063970566 6.039834879338741 0
      vertex 16.264272063970566 6.039834879338741 75
      vertex 16.461866229772568 6.009983636438847 75
    endloop
  endfacet
  facet normal 0.2473065013361951 0.968937301581919 0
    outer loop
      vertex 16.070643208920956 6.089255698025227 0
      vertex 16.264272063970566 6.039834879338741 75
      vertex 16.264272063970566 6.039834879338741 0
    endloop
  endfacet
  facet normal 0.2473065013361951 0.968937301581919 0
    outer loop
      vertex 16.070643208920956 6.089255698025227 0
      vertex 16.070643208920956 6.089255698025227 75
      vertex 16.264272063970566 6.039834879338741 75
    endloop
  endfacet
  facet normal 0.3427655114331333 0.9394209941085959 0
    outer loop
      vertex 15.882912784814835 6.157752692699432 0
      vertex 16.070643208920956 6.089255698025227 75
      vertex 16.070643208920956 6.089255698025227 0
    endloop
  endfacet
  facet normal 0.3427655114331333 0.9394209941085959 0
    outer loop
      vertex 15.882912784814835 6.157752692699432 0
      vertex 15.882912784814835 6.157752692699432 75
      vertex 16.070643208920956 6.089255698025227 75
    endloop
  endfacet
  facet normal 0.43480250877887844 0.9005258343654519 0
    outer loop
      vertex 15.702955029904842 6.244642019271851 0
      vertex 15.882912784814835 6.157752692699432 75
      vertex 15.882912784814835 6.157752692699432 0
    endloop
  endfacet
  facet normal 0.43480250877887844 0.9005258343654519 0
    outer loop
      vertex 15.702955029904842 6.244642019271851 0
      vertex 15.702955029904842 6.244642019271851 75
      vertex 15.882912784814835 6.157752692699432 75
    endloop
  endfacet
  facet normal 0.5224985651904821 0.8526401640632978 0
    outer loop
      vertex 15.53256656229496 6.349056206643581 0
      vertex 15.702955029904842 6.244642019271851 75
      vertex 15.702955029904842 6.244642019271851 0
    endloop
  endfacet
  facet normal 0.5224985651904821 0.8526401640632978 0
    outer loop
      vertex 15.53256656229496 6.349056206643581 0
      vertex 15.53256656229496 6.349056206643581 75
      vertex 15.702955029904842 6.244642019271851 75
    endloop
  endfacet
  facet normal 0.6049781861729308 0.7962420450182914 0
    outer loop
      vertex 15.373448491096497 6.469952814280987 0
      vertex 15.53256656229496 6.349056206643581 75
      vertex 15.53256656229496 6.349056206643581 0
    endloop
  endfacet
  facet normal 0.6049781861729308 0.7962420450182914 0
    outer loop
      vertex 15.373448491096497 6.469952814280987 0
      vertex 15.373448491096497 6.469952814280987 75
      vertex 15.53256656229496 6.349056206643581 75
    endloop
  endfacet
  facet normal 0.6814179487432984 0.7318945136633254 0
    outer loop
      vertex 15.227189391851425 6.606124863028526 0
      vertex 15.373448491096497 6.469952814280987 75
      vertex 15.373448491096497 6.469952814280987 0
    endloop
  endfacet
  facet normal 0.6814179487432984 0.7318945136633254 0
    outer loop
      vertex 15.227189391851425 6.606124863028526 0
      vertex 15.227189391851425 6.606124863028526 75
      vertex 15.373448491096497 6.469952814280987 75
    endloop
  endfacet
  facet normal 0.7510546523652205 0.6602400390468286 0
    outer loop
      vertex 15.095249459147453 6.75621285289526 0
      vertex 15.227189391851425 6.606124863028526 75
      vertex 15.227189391851425 6.606124863028526 0
    endloop
  endfacet
  facet normal 0.7510546523652205 0.6602400390468286 0
    outer loop
      vertex 15.095249459147453 6.75621285289526 0
      vertex 15.095249459147453 6.75621285289526 75
      vertex 15.227189391851425 6.606124863028526 75
    endloop
  endfacet
  facet normal 0.8131931150712765 0.5819939497973099 0
    outer loop
      vertex 14.978945933282375 6.918718367815018 0
      vertex 15.095249459147453 6.75621285289526 75
      vertex 15.095249459147453 6.75621285289526 0
    endloop
  endfacet
  facet normal 0.8131931150712765 0.5819939497973099 0
    outer loop
      vertex 14.978945933282375 6.918718367815018 0
      vertex 14.978945933282375 6.918718367815018 75
      vertex 15.095249459147453 6.75621285289526 75
    endloop
  endfacet
  facet normal 0.8672129408114941 0.49793746122287286 0
    outer loop
      vertex 14.879439949989319 7.092018999159336 0
      vertex 14.978945933282375 6.918718367815018 75
      vertex 14.978945933282375 6.918718367815018 0
    endloop
  endfacet
  facet normal 0.8672129408114941 0.49793746122287286 0
    outer loop
      vertex 14.879439949989319 7.092018999159336 0
      vertex 14.879439949989319 7.092018999159336 75
      vertex 14.978945933282375 6.918718367815018 75
    endloop
  endfacet
  facet normal 0.8910065245596039 0.4539904990109549 0
    outer loop
      vertex 14.3131954818964 8.203336343169212 0
      vertex 14.879439949989319 7.092018999159336 75
      vertex 14.879439949989319 7.092018999159336 0
    endloop
  endfacet
  facet normal 0.8910065245596039 0.4539904990109549 0
    outer loop
      vertex 14.3131954818964 8.203336343169212 0
      vertex 14.3131954818964 8.203336343169212 75
      vertex 14.879439949989319 7.092018999159336 75
    endloop
  endfacet
  facet normal 0.8660253921623664 0.5000000201300191 0
    outer loop
      vertex 14.260895408689976 8.29392272233963 0
      vertex 14.3131954818964 8.203336343169212 75
      vertex 14.3131954818964 8.203336343169212 0
    endloop
  endfacet
  facet normal 0.8660253921623664 0.5000000201300191 0
    outer loop
      vertex 14.260895408689976 8.29392272233963 0
      vertex 14.260895408689976 8.29392272233963 75
      vertex 14.3131954818964 8.203336343169212 75
    endloop
  endfacet
  facet normal 0.8386705693468096 0.5446390328570825 0
    outer loop
      vertex 13.377304159104824 9.654533937573433 0
      vertex 14.260895408689976 8.29392272233963 75
      vertex 14.260895408689976 8.29392272233963 0
    endloop
  endfacet
  facet normal 0.8386705693468096 0.5446390328570825 0
    outer loop
      vertex 13.377304159104824 9.654533937573433 0
      vertex 13.377304159104824 9.654533937573433 75
      vertex 14.260895408689976 8.29392272233963 75
    endloop
  endfacet
  facet normal 0.8090169875934834 0.5877852616263575 0
    outer loop
      vertex 13.31582173705101 9.739157229661942 0
      vertex 13.377304159104824 9.654533937573433 75
      vertex 13.377304159104824 9.654533937573433 0
    endloop
  endfacet
  facet normal 0.8090169875934834 0.5877852616263575 0
    outer loop
      vertex 13.31582173705101 9.739157229661942 0
      vertex 13.31582173705101 9.739157229661942 75
      vertex 13.377304159104824 9.654533937573433 75
    endloop
  endfacet
  facet normal 0.7771459609594937 0.6293203916641704 -4.562221069243789e-19
    outer loop
      vertex 12.294848285615444 10.99995443969965 0
      vertex 13.31582173705101 9.739157229661942 75
      vertex 13.31582173705101 9.739157229661942 0
    endloop
  endfacet
  facet normal 0.7771459609594937 0.6293203916641704 0
    outer loop
      vertex 12.294848285615444 10.99995443969965 0
      vertex 12.294848285615444 10.99995443969965 75
      vertex 13.31582173705101 9.739157229661942 75
    endloop
  endfacet
  facet normal 0.7431448310020596 0.6691306002230957 0
    outer loop
      vertex 12.22485713660717 11.077687487006187 0
      vertex 12.294848285615444 10.99995443969965 75
      vertex 12.294848285615444 10.99995443969965 0
    endloop
  endfacet
  facet normal 0.7431448310020596 0.6691306002230957 0
    outer loop
      vertex 12.22485713660717 11.077687487006187 0
      vertex 12.22485713660717 11.077687487006187 75
      vertex 12.294848285615444 10.99995443969965 75
    endloop
  endfacet
  facet normal 0.7071067811865475 0.7071067811865475 0
    outer loop
      vertex 11.077687487006187 12.22485713660717 0
      vertex 12.22485713660717 11.077687487006187 75
      vertex 12.22485713660717 11.077687487006187 0
    endloop
  endfacet
  facet normal 0.7071067811865475 0.7071067811865475 0
    outer loop
      vertex 11.077687487006187 12.22485713660717 0
      vertex 11.077687487006187 12.22485713660717 75
      vertex 12.22485713660717 11.077687487006187 75
    endloop
  endfacet
  facet normal 0.6691306002230957 0.7431448310020596 0
    outer loop
      vertex 10.99995443969965 12.294848285615444 0
      vertex 11.077687487006187 12.22485713660717 75
      vertex 11.077687487006187 12.22485713660717 0
    endloop
  endfacet
  facet normal 0.6691306002230957 0.7431448310020596 0
    outer loop
      vertex 10.99995443969965 12.294848285615444 0
      vertex 10.99995443969965 12.294848285615444 75
      vertex 11.077687487006187 12.22485713660717 75
    endloop
  endfacet
  facet normal 0.6293203916641704 0.7771459609594937 -4.562221069243789e-19
    outer loop
      vertex 9.739157229661942 13.31582173705101 0
      vertex 10.99995443969965 12.294848285615444 75
      vertex 10.99995443969965 12.294848285615444 0
    endloop
  endfacet
  facet normal 0.6293203916641704 0.7771459609594937 0
    outer loop
      vertex 9.739157229661942 13.31582173705101 0
      vertex 9.739157229661942 13.31582173705101 75
      vertex 10.99995443969965 12.294848285615444 75
    endloop
  endfacet
  facet normal 0.5877852616263575 0.8090169875934834 0
    outer loop
      vertex 9.654533937573433 13.377304159104824 0
      vertex 9.739157229661942 13.31582173705101 75
      vertex 9.739157229661942 13.31582173705101 0
    endloop
  endfacet
  facet normal 0.5877852616263575 0.8090169875934834 0
    outer loop
      vertex 9.654533937573433 13.377304159104824 0
      vertex 9.654533937573433 13.377304159104824 75
      vertex 9.739157229661942 13.31582173705101 75
    endloop
  endfacet
  facet normal 0.5446390328570825 0.8386705693468096 0
    outer loop
      vertex 8.29392272233963 14.260895408689976 0
      vertex 9.654533937573433 13.377304159104824 75
      vertex 9.654533937573433 13.377304159104824 0
    endloop
  endfacet
  facet normal 0.5446390328570825 0.8386705693468096 0
    outer loop
      vertex 8.29392272233963 14.260895408689976 0
      vertex 8.29392272233963 14.260895408689976 75
      vertex 9.654533937573433 13.377304159104824 75
    endloop
  endfacet
  facet normal 0.5000000201300191 0.8660253921623664 0
    outer loop
      vertex 8.203336343169212 14.3131954818964 0
      vertex 8.29392272233963 14.260895408689976 75
      vertex 8.29392272233963 14.260895408689976 0
    endloop
  endfacet
  facet normal 0.5000000201300191 0.8660253921623664 0
    outer loop
      vertex 8.203336343169212 14.3131954818964 0
      vertex 8.203336343169212 14.3131954818964 75
      vertex 8.29392272233963 14.260895408689976 75
    endloop
  endfacet
  facet normal 0.453990500609973 0.8910065237448636 0
    outer loop
      vertex 6.711154609918594 15.07350005209446 0
      vertex 8.203336343169212 14.3131954818964 75
      vertex 8.203336343169212 14.3131954818964 0
    endloop
  endfacet
  facet normal 0.453990500609973 0.8910065237448636 0
    outer loop
      vertex 6.711154609918594 15.07350005209446 0
      vertex 6.711154609918594 15.07350005209446 75
      vertex 8.203336343169212 14.3131954818964 75
    endloop
  endfacet
  facet normal 0.358367949683589 0.9335804264441177 -4.419550847223923e-19
    outer loop
      vertex 5.147673733532429 15.673664130270481 0
      vertex 6.711154609918594 15.07350005209446 75
      vertex 6.711154609918594 15.07350005209446 0
    endloop
  endfacet
  facet normal 0.358367949683589 0.9335804264441177 0
    outer loop
      vertex 5.147673733532429 15.673664130270481 0
      vertex 5.147673733532429 15.673664130270481 75
      vertex 6.711154609918594 15.07350005209446 75
    endloop
  endfacet
  facet normal 0.309016979633851 0.9510565210848261 0
    outer loop
      vertex 5.048193089663982 15.705987349152565 0
      vertex 5.147673733532429 15.673664130270481 75
      vertex 5.147673733532429 15.673664130270481 0
    endloop
  endfacet
  facet normal 0.309016979633851 0.9510565210848261 0
    outer loop
      vertex 5.048193089663982 15.705987349152565 0
      vertex 5.048193089663982 15.705987349152565 75
      vertex 5.147673733532429 15.673664130270481 75
    endloop
  endfacet
  facet normal 0.25881904657217575 0.9659258258952753 0
    outer loop
      vertex 3.481130212545395 16.12588058412075 0
      vertex 5.048193089663982 15.705987349152565 75
      vertex 5.048193089663982 15.705987349152565 0
    endloop
  endfacet
  facet normal 0.25881904657217575 0.9659258258952753 0
    outer loop
      vertex 3.481130212545395 16.12588058412075 0
      vertex 3.481130212545395 16.12588058412075 75
      vertex 5.048193089663982 15.705987349152565 75
    endloop
  endfacet
  facet normal 0.2079116659329397 0.978147606023237 0
    outer loop
      vertex 3.3788158372044563 16.14762817323208 0
      vertex 3.481130212545395 16.12588058412075 75
      vertex 3.481130212545395 16.12588058412075 0
    endloop
  endfacet
  facet normal 0.2079116659329397 0.978147606023237 0
    outer loop
      vertex 3.3788158372044563 16.14762817323208 0
      vertex 3.3788158372044563 16.14762817323208 75
      vertex 3.481130212545395 16.12588058412075 75
    endloop
  endfacet
  facet normal 0.1564344664493616 0.9876883403719533 0
    outer loop
      vertex 1.7764467000961304 16.401418514549732 0
      vertex 3.3788158372044563 16.14762817323208 75
      vertex 3.3788158372044563 16.14762817323208 0
    endloop
  endfacet
  facet normal 0.1564344664493616 0.9876883403719533 0
    outer loop
      vertex 1.7764467000961304 16.401418514549732 0
      vertex 1.7764467000961304 16.401418514549732 75
      vertex 3.3788158372044563 16.14762817323208 75
    endloop
  endfacet
  facet normal 0.104528450418663 0.9945218967187566 0
    outer loop
      vertex 1.6724195778369904 16.412352204322815 0
      vertex 1.7764467000961304 16.401418514549732 75
      vertex 1.7764467000961304 16.401418514549732 0
    endloop
  endfacet
  facet normal 0.104528450418663 0.9945218967187566 0
    outer loop
      vertex 1.6724195778369904 16.412352204322815 0
      vertex 1.6724195778369904 16.412352204322815 75
      vertex 1.7764467000961304 16.401418514549732 75
    endloop
  endfacet
  facet normal 0.05233595798582136 0.9986295346632336 0
    outer loop
      vertex 0.052300065755844116 16.497259072959423 0
      vertex 1.6724195778369904 16.412352204322815 75
      vertex 1.6724195778369904 16.412352204322815 0
    endloop
  endfacet
  facet normal 0.05233595798582136 0.9986295346632336 0
    outer loop
      vertex 0.052300065755844116 16.497259072959423 0
      vertex 0.052300065755844116 16.497259072959423 75
      vertex 1.6724195778369904 16.412352204322815 75
    endloop
  endfacet
  facet normal 0 1 0
    outer loop
      vertex -0.052300065755844116 16.497259072959423 0
      vertex 0.052300065755844116 16.497259072959423 75
      vertex 0.052300065755844116 16.497259072959423 0
    endloop
  endfacet
  facet normal 0 1 0
    outer loop
      vertex -0.052300065755844116 16.497259072959423 0
      vertex -0.052300065755844116 16.497259072959423 75
      vertex 0.052300065755844116 16.497259072959423 75
    endloop
  endfacet
  facet normal -0.05233595798582136 0.9986295346632336 0
    outer loop
      vertex -1.6724195778369904 16.412352204322815 0
      vertex -0.052300065755844116 16.497259072959423 75
      vertex -0.052300065755844116 16.497259072959423 0
    endloop
  endfacet
  facet normal -0.05233595798582136 0.9986295346632336 0
    outer loop
      vertex -1.6724195778369904 16.412352204322815 0
      vertex -1.6724195778369904 16.412352204322815 75
      vertex -0.052300065755844116 16.497259072959423 75
    endloop
  endfacet
  facet normal -0.104528450418663 0.9945218967187566 0
    outer loop
      vertex -1.7764467000961304 16.401418514549732 0
      vertex -1.6724195778369904 16.412352204322815 75
      vertex -1.6724195778369904 16.412352204322815 0
    endloop
  endfacet
  facet normal -0.104528450418663 0.9945218967187566 0
    outer loop
      vertex -1.7764467000961304 16.401418514549732 0
      vertex -1.7764467000961304 16.401418514549732 75
      vertex -1.6724195778369904 16.412352204322815 75
    endloop
  endfacet
  facet normal -0.1564344664493616 0.9876883403719533 0
    outer loop
      vertex -3.3788158372044563 16.14762817323208 0
      vertex -1.7764467000961304 16.401418514549732 75
      vertex -1.7764467000961304 16.401418514549732 0
    endloop
  endfacet
  facet normal -0.1564344664493616 0.9876883403719533 0
    outer loop
      vertex -3.3788158372044563 16.14762817323208 0
      vertex -3.3788158372044563 16.14762817323208 75
      vertex -1.7764467000961304 16.401418514549732 75
    endloop
  endfacet
  facet normal -0.2079116659329397 0.978147606023237 0
    outer loop
      vertex -3.481130212545395 16.12588058412075 0
      vertex -3.3788158372044563 16.14762817323208 75
      vertex -3.3788158372044563 16.14762817323208 0
    endloop
  endfacet
  facet normal -0.2079116659329397 0.978147606023237 0
    outer loop
      vertex -3.481130212545395 16.12588058412075 0
      vertex -3.481130212545395 16.12588058412075 75
      vertex -3.3788158372044563 16.14762817323208 75
    endloop
  endfacet
  facet normal -0.25881904657217575 0.9659258258952753 0
    outer loop
      vertex -5.048193089663982 15.705987349152565 0
      vertex -3.481130212545395 16.12588058412075 75
      vertex -3.481130212545395 16.12588058412075 0
    endloop
  endfacet
  facet normal -0.25881904657217575 0.9659258258952753 0
    outer loop
      vertex -5.048193089663982 15.705987349152565 0
      vertex -5.048193089663982 15.705987349152565 75
      vertex -3.481130212545395 16.12588058412075 75
    endloop
  endfacet
  facet normal -0.309016979633851 0.9510565210848261 0
    outer loop
      vertex -5.147673733532429 15.673664130270481 0
      vertex -5.048193089663982 15.705987349152565 75
      vertex -5.048193089663982 15.705987349152565 0
    endloop
  endfacet
  facet normal -0.309016979633851 0.9510565210848261 0
    outer loop
      vertex -5.147673733532429 15.673664130270481 0
      vertex -5.147673733532429 15.673664130270481 75
      vertex -5.048193089663982 15.705987349152565 75
    endloop
  endfacet
  facet normal -0.358367949683589 0.9335804264441177 4.419550847223923e-19
    outer loop
      vertex -6.711154609918594 15.07350005209446 0
      vertex -5.147673733532429 15.673664130270481 75
      vertex -5.147673733532429 15.673664130270481 0
    endloop
  endfacet
  facet normal -0.358367949683589 0.9335804264441177 0
    outer loop
      vertex -6.711154609918594 15.07350005209446 0
      vertex -6.711154609918594 15.07350005209446 75
      vertex -5.147673733532429 15.673664130270481 75
    endloop
  endfacet
  facet normal -0.453990500609973 0.8910065237448636 0
    outer loop
      vertex -8.203336343169212 14.3131954818964 0
      vertex -6.711154609918594 15.07350005209446 75
      vertex -6.711154609918594 15.07350005209446 0
    endloop
  endfacet
  facet normal -0.453990500609973 0.8910065237448636 0
    outer loop
      vertex -8.203336343169212 14.3131954818964 0
      vertex -8.203336343169212 14.3131954818964 75
      vertex -6.711154609918594 15.07350005209446 75
    endloop
  endfacet
  facet normal -0.5000000201300191 0.8660253921623664 0
    outer loop
      vertex -8.29392272233963 14.260895408689976 0
      vertex -8.203336343169212 14.3131954818964 75
      vertex -8.203336343169212 14.3131954818964 0
    endloop
  endfacet
  facet normal -0.5000000201300191 0.8660253921623664 0
    outer loop
      vertex -8.29392272233963 14.260895408689976 0
      vertex -8.29392272233963 14.260895408689976 75
      vertex -8.203336343169212 14.3131954818964 75
    endloop
  endfacet
  facet normal -0.5446390328570825 0.8386705693468096 0
    outer loop
      vertex -9.654533937573433 13.377304159104824 0
      vertex -8.29392272233963 14.260895408689976 75
      vertex -8.29392272233963 14.260895408689976 0
    endloop
  endfacet
  facet normal -0.5446390328570825 0.8386705693468096 0
    outer loop
      vertex -9.654533937573433 13.377304159104824 0
      vertex -9.654533937573433 13.377304159104824 75
      vertex -8.29392272233963 14.260895408689976 75
    endloop
  endfacet
  facet normal -0.5877852616263575 0.8090169875934834 0
    outer loop
      vertex -9.739157229661942 13.31582173705101 0
      vertex -9.654533937573433 13.377304159104824 75
      vertex -9.654533937573433 13.377304159104824 0
    endloop
  endfacet
  facet normal -0.5877852616263575 0.8090169875934834 0
    outer loop
      vertex -9.739157229661942 13.31582173705101 0
      vertex -9.739157229661942 13.31582173705101 75
      vertex -9.654533937573433 13.377304159104824 75
    endloop
  endfacet
  facet normal -0.6293203916641704 0.7771459609594937 4.562221069243789e-19
    outer loop
      vertex -10.99995443969965 12.294848285615444 0
      vertex -9.739157229661942 13.31582173705101 75
      vertex -9.739157229661942 13.31582173705101 0
    endloop
  endfacet
  facet normal -0.6293203916641704 0.7771459609594937 0
    outer loop
      vertex -10.99995443969965 12.294848285615444 0
      vertex -10.99995443969965 12.294848285615444 75
      vertex -9.739157229661942 13.31582173705101 75
    endloop
  endfacet
  facet normal -0.6691306002230957 0.7431448310020596 0
    outer loop
      vertex -11.077687487006187 12.22485713660717 0
      vertex -10.99995443969965 12.294848285615444 75
      vertex -10.99995443969965 12.294848285615444 0
    endloop
  endfacet
  facet normal -0.6691306002230957 0.7431448310020596 0
    outer loop
      vertex -11.077687487006187 12.22485713660717 0
      vertex -11.077687487006187 12.22485713660717 75
      vertex -10.99995443969965 12.294848285615444 75
    endloop
  endfacet
  facet normal -0.7071067811865475 0.7071067811865475 0
    outer loop
      vertex -12.22485713660717 11.077687487006187 0
      vertex -11.077687487006187 12.22485713660717 75
      vertex -11.077687487006187 12.22485713660717 0
    endloop
  endfacet
  facet normal -0.7071067811865475 0.7071067811865475 0
    outer loop
      vertex -12.22485713660717 11.077687487006187 0
      vertex -12.22485713660717 11.077687487006187 75
      vertex -11.077687487006187 12.22485713660717 75
    endloop
  endfacet
  facet normal -0.7431448310020596 0.6691306002230957 0
    outer loop
      vertex -12.294848285615444 10.99995443969965 0
      vertex -12.22485713660717 11.077687487006187 75
      vertex -12.22485713660717 11.077687487006187 0
    endloop
  endfacet
  facet normal -0.7431448310020596 0.6691306002230957 0
    outer loop
      vertex -12.294848285615444 10.99995443969965 0
      vertex -12.294848285615444 10.99995443969965 75
      vertex -12.22485713660717 11.077687487006187 75
    endloop
  endfacet
  facet normal -0.7771459609594937 0.6293203916641704 4.562221069243789e-19
    outer loop
      vertex -13.31582173705101 9.739157229661942 0
      vertex -12.294848285615444 10.99995443969965 75
      vertex -12.294848285615444 10.99995443969965 0
    endloop
  endfacet
  facet normal -0.7771459609594937 0.6293203916641704 0
    outer loop
      vertex -13.31582173705101 9.739157229661942 0
      vertex -13.31582173705101 9.739157229661942 75
      vertex -12.294848285615444 10.99995443969965 75
    endloop
  endfacet
  facet normal -0.8090169875934834 0.5877852616263575 0
    outer loop
      vertex -13.377304159104824 9.654533937573433 0
      vertex -13.31582173705101 9.739157229661942 75
      vertex -13.31582173705101 9.739157229661942 0
    endloop
  endfacet
  facet normal -0.8090169875934834 0.5877852616263575 0
    outer loop
      vertex -13.377304159104824 9.654533937573433 0
      vertex -13.377304159104824 9.654533937573433 75
      vertex -13.31582173705101 9.739157229661942 75
    endloop
  endfacet
  facet normal -0.8386705693468096 0.5446390328570825 0
    outer loop
      vertex -14.260895408689976 8.29392272233963 0
      vertex -13.377304159104824 9.654533937573433 75
      vertex -13.377304159104824 9.654533937573433 0
    endloop
  endfacet
  facet normal -0.8386705693468096 0.5446390328570825 0
    outer loop
      vertex -14.260895408689976 8.29392272233963 0
      vertex -14.260895408689976 8.29392272233963 75
      vertex -13.377304159104824 9.654533937573433 75
    endloop
  endfacet
  facet normal -0.8660253921623664 0.5000000201300191 0
    outer loop
      vertex -14.3131954818964 8.203336343169212 0
      vertex -14.260895408689976 8.29392272233963 75
      vertex -14.260895408689976 8.29392272233963 0
    endloop
  endfacet
  facet normal -0.8660253921623664 0.5000000201300191 0
    outer loop
      vertex -14.3131954818964 8.203336343169212 0
      vertex -14.3131954818964 8.203336343169212 75
      vertex -14.260895408689976 8.29392272233963 75
    endloop
  endfacet
  facet normal -0.8910065237448636 0.453990500609973 0
    outer loop
      vertex -15.07350005209446 6.711154609918594 0
      vertex -14.3131954818964 8.203336343169212 75
      vertex -14.3131954818964 8.203336343169212 0
    endloop
  endfacet
  facet normal -0.8910065237448636 0.453990500609973 0
    outer loop
      vertex -15.07350005209446 6.711154609918594 0
      vertex -15.07350005209446 6.711154609918594 75
      vertex -14.3131954818964 8.203336343169212 75
    endloop
  endfacet
  facet normal -0.9335804264441177 0.358367949683589 4.419550847223923e-19
    outer loop
      vertex -15.673664130270481 5.147673733532429 0
      vertex -15.07350005209446 6.711154609918594 75
      vertex -15.07350005209446 6.711154609918594 0
    endloop
  endfacet
  facet normal -0.9335804264441177 0.358367949683589 0
    outer loop
      vertex -15.673664130270481 5.147673733532429 0
      vertex -15.673664130270481 5.147673733532429 75
      vertex -15.07350005209446 6.711154609918594 75
    endloop
  endfacet
  facet normal -0.9510565210848261 0.309016979633851 0
    outer loop
      vertex -15.705987349152565 5.048193089663982 0
      vertex -15.673664130270481 5.147673733532429 75
      vertex -15.673664130270481 5.147673733532429 0
    endloop
  endfacet
  facet normal -0.9510565210848261 0.309016979633851 0
    outer loop
      vertex -15.705987349152565 5.048193089663982 0
      vertex -15.705987349152565 5.048193089663982 75
      vertex -15.673664130270481 5.147673733532429 75
    endloop
  endfacet
  facet normal -0.9659258263337228 0.25881904493586777 0
    outer loop
      vertex -16.139435410499573 3.430542901158333 0
      vertex -15.705987349152565 5.048193089663982 75
      vertex -15.705987349152565 5.048193089663982 0
    endloop
  endfacet
  facet normal -0.9659258263337228 0.25881904493586777 0
    outer loop
      vertex -16.139435410499573 3.430542901158333 0
      vertex -16.139435410499573 3.430542901158333 75
      vertex -15.705987349152565 5.048193089663982 75
    endloop
  endfacet
  facet normal -0.9876883403181762 0.15643446678889716 0
    outer loop
      vertex -16.401418514549732 1.7764467000961304 0
      vertex -16.139435410499573 3.430542901158333 75
      vertex -16.139435410499573 3.430542901158333 0
    endloop
  endfacet
  facet normal -0.9876883403181762 0.15643446678889716 0
    outer loop
      vertex -16.401418514549732 1.7764467000961304 0
      vertex -16.401418514549732 1.7764467000961304 75
      vertex -16.139435410499573 3.430542901158333 75
    endloop
  endfacet
  facet normal -0.9945218967187566 0.104528450418663 0
    outer loop
      vertex -16.412352204322815 1.6724195778369904 0
      vertex -16.401418514549732 1.7764467000961304 75
      vertex -16.401418514549732 1.7764467000961304 0
    endloop
  endfacet
  facet normal -0.9945218967187566 0.104528450418663 0
    outer loop
      vertex -16.412352204322815 1.6724195778369904 0
      vertex -16.412352204322815 1.6724195778369904 75
      vertex -16.401418514549732 1.7764467000961304 75
    endloop
  endfacet
  facet normal -0.9986295346632336 0.05233595798582136 0
    outer loop
      vertex -16.497259072959423 0.052300065755844116 0
      vertex -16.412352204322815 1.6724195778369904 75
      vertex -16.412352204322815 1.6724195778369904 0
    endloop
  endfacet
  facet normal -0.9986295346632336 0.05233595798582136 0
    outer loop
      vertex -16.497259072959423 0.052300065755844116 0
      vertex -16.497259072959423 0.052300065755844116 75
      vertex -16.412352204322815 1.6724195778369904 75
    endloop
  endfacet
  facet normal -1 0 0
    outer loop
      vertex -16.497259072959423 -0.052300065755844116 0
      vertex -16.497259072959423 0.052300065755844116 75
      vertex -16.497259072959423 0.052300065755844116 0
    endloop
  endfacet
  facet normal -1 0 0
    outer loop
      vertex -16.497259072959423 -0.052300065755844116 0
      vertex -16.497259072959423 -0.052300065755844116 75
      vertex -16.497259072959423 0.052300065755844116 75
    endloop
  endfacet
  facet normal -0.9986295346632336 -0.05233595798582136 0
    outer loop
      vertex -16.412352204322815 -1.6724195778369904 0
      vertex -16.497259072959423 -0.052300065755844116 75
      vertex -16.497259072959423 -0.052300065755844116 0
    endloop
  endfacet
  facet normal -0.9986295346632336 -0.05233595798582136 0
    outer loop
      vertex -16.412352204322815 -1.6724195778369904 0
      vertex -16.412352204322815 -1.6724195778369904 75
      vertex -16.497259072959423 -0.052300065755844116 75
    endloop
  endfacet
  facet normal -0.9945218967187566 -0.104528450418663 0
    outer loop
      vertex -16.401418514549732 -1.7764467000961304 0
      vertex -16.412352204322815 -1.6724195778369904 75
      vertex -16.412352204322815 -1.6724195778369904 0
    endloop
  endfacet
  facet normal -0.9945218967187566 -0.104528450418663 0
    outer loop
      vertex -16.401418514549732 -1.7764467000961304 0
      vertex -16.401418514549732 -1.7764467000961304 75
      vertex -16.412352204322815 -1.6724195778369904 75
    endloop
  endfacet
  facet normal -0.9876883403181762 -0.15643446678889716 0
    outer loop
      vertex -16.139435410499573 -3.430542901158333 0
      vertex -16.401418514549732 -1.7764467000961304 75
      vertex -16.401418514549732 -1.7764467000961304 0
    endloop
  endfacet
  facet normal -0.9876883403181762 -0.15643446678889716 0
    outer loop
      vertex -16.139435410499573 -3.430542901158333 0
      vertex -16.139435410499573 -3.430542901158333 75
      vertex -16.401418514549732 -1.7764467000961304 75
    endloop
  endfacet
  facet normal -0.9659258263337228 -0.25881904493586777 0
    outer loop
      vertex -15.705987349152565 -5.048193089663982 0
      vertex -16.139435410499573 -3.430542901158333 75
      vertex -16.139435410499573 -3.430542901158333 0
    endloop
  endfacet
  facet normal -0.9659258263337228 -0.25881904493586777 0
    outer loop
      vertex -15.705987349152565 -5.048193089663982 0
      vertex -15.705987349152565 -5.048193089663982 75
      vertex -16.139435410499573 -3.430542901158333 75
    endloop
  endfacet
  facet normal -0.9510565210848261 -0.309016979633851 0
    outer loop
      vertex -15.673664130270481 -5.147673733532429 0
      vertex -15.705987349152565 -5.048193089663982 75
      vertex -15.705987349152565 -5.048193089663982 0
    endloop
  endfacet
  facet normal -0.9510565210848261 -0.309016979633851 0
    outer loop
      vertex -15.673664130270481 -5.147673733532429 0
      vertex -15.673664130270481 -5.147673733532429 75
      vertex -15.705987349152565 -5.048193089663982 75
    endloop
  endfacet
  facet normal -0.9335804264441177 -0.358367949683589 -4.419550847223923e-19
    outer loop
      vertex -15.07350005209446 -6.711154609918594 0
      vertex -15.673664130270481 -5.147673733532429 75
      vertex -15.673664130270481 -5.147673733532429 0
    endloop
  endfacet
  facet normal -0.9335804264441177 -0.358367949683589 0
    outer loop
      vertex -15.07350005209446 -6.711154609918594 0
      vertex -15.07350005209446 -6.711154609918594 75
      vertex -15.673664130270481 -5.147673733532429 75
    endloop
  endfacet
  facet normal -0.8910065237448636 -0.453990500609973 0
    outer loop
      vertex -14.3131954818964 -8.203336343169212 0
      vertex -15.07350005209446 -6.711154609918594 75
      vertex -15.07350005209446 -6.711154609918594 0
    endloop
  endfacet
  facet normal -0.8910065237448636 -0.453990500609973 0
    outer loop
      vertex -14.3131954818964 -8.203336343169212 0
      vertex -14.3131954818964 -8.203336343169212 75
      vertex -15.07350005209446 -6.711154609918594 75
    endloop
  endfacet
  facet normal -0.8660253921623664 -0.5000000201300191 0
    outer loop
      vertex -14.260895408689976 -8.29392272233963 0
      vertex -14.3131954818964 -8.203336343169212 75
      vertex -14.3131954818964 -8.203336343169212 0
    endloop
  endfacet
  facet normal -0.8660253921623664 -0.5000000201300191 0
    outer loop
      vertex -14.260895408689976 -8.29392272233963 0
      vertex -14.260895408689976 -8.29392272233963 75
      vertex -14.3131954818964 -8.203336343169212 75
    endloop
  endfacet
  facet normal -0.8386705693468096 -0.5446390328570825 0
    outer loop
      vertex -13.377304159104824 -9.654533937573433 0
      vertex -14.260895408689976 -8.29392272233963 75
      vertex -14.260895408689976 -8.29392272233963 0
    endloop
  endfacet
  facet normal -0.8386705693468096 -0.5446390328570825 0
    outer loop
      vertex -13.377304159104824 -9.654533937573433 0
      vertex -13.377304159104824 -9.654533937573433 75
      vertex -14.260895408689976 -8.29392272233963 75
    endloop
  endfacet
  facet normal -0.8090169875934834 -0.5877852616263575 0
    outer loop
      vertex -13.31582173705101 -9.739157229661942 0
      vertex -13.377304159104824 -9.654533937573433 75
      vertex -13.377304159104824 -9.654533937573433 0
    endloop
  endfacet
  facet normal -0.8090169875934834 -0.5877852616263575 0
    outer loop
      vertex -13.31582173705101 -9.739157229661942 0
      vertex -13.31582173705101 -9.739157229661942 75
      vertex -13.377304159104824 -9.654533937573433 75
    endloop
  endfacet
  facet normal -0.7771459609594937 -0.6293203916641704 -4.562221069243789e-19
    outer loop
      vertex -12.294848285615444 -10.99995443969965 0
      vertex -13.31582173705101 -9.739157229661942 75
      vertex -13.31582173705101 -9.739157229661942 0
    endloop
  endfacet
  facet normal -0.7771459609594937 -0.6293203916641704 0
    outer loop
      vertex -12.294848285615444 -10.99995443969965 0
      vertex -12.294848285615444 -10.99995443969965 75
      vertex -13.31582173705101 -9.739157229661942 75
    endloop
  endfacet
  facet normal -0.7431448310020596 -0.6691306002230957 0
    outer loop
      vertex -12.22485713660717 -11.077687487006187 0
      vertex -12.294848285615444 -10.99995443969965 75
      vertex -12.294848285615444 -10.99995443969965 0
    endloop
  endfacet
  facet normal -0.7431448310020596 -0.6691306002230957 0
    outer loop
      vertex -12.22485713660717 -11.077687487006187 0
      vertex -12.22485713660717 -11.077687487006187 75
      vertex -12.294848285615444 -10.99995443969965 75
    endloop
  endfacet
  facet normal -0.7071067811865475 -0.7071067811865475 0
    outer loop
      vertex -11.077687487006187 -12.22485713660717 0
      vertex -12.22485713660717 -11.077687487006187 75
      vertex -12.22485713660717 -11.077687487006187 0
    endloop
  endfacet
  facet normal -0.7071067811865475 -0.7071067811865475 0
    outer loop
      vertex -11.077687487006187 -12.22485713660717 0
      vertex -11.077687487006187 -12.22485713660717 75
      vertex -12.22485713660717 -11.077687487006187 75
    endloop
  endfacet
  facet normal -0.6691306002230957 -0.7431448310020596 0
    outer loop
      vertex -10.99995443969965 -12.294848285615444 0
      vertex -11.077687487006187 -12.22485713660717 75
      vertex -11.077687487006187 -12.22485713660717 0
    endloop
  endfacet
  facet normal -0.6691306002230957 -0.7431448310020596 0
    outer loop
      vertex -10.99995443969965 -12.294848285615444 0
      vertex -10.99995443969965 -12.294848285615444 75
      vertex -11.077687487006187 -12.22485713660717 75
    endloop
  endfacet
  facet normal -0.6293203916641704 -0.7771459609594937 -4.562221069243789e-19
    outer loop
      vertex -9.739157229661942 -13.31582173705101 0
      vertex -10.99995443969965 -12.294848285615444 75
      vertex -10.99995443969965 -12.294848285615444 0
    endloop
  endfacet
  facet normal -0.6293203916641704 -0.7771459609594937 0
    outer loop
      vertex -9.739157229661942 -13.31582173705101 0
      vertex -9.739157229661942 -13.31582173705101 75
      vertex -10.99995443969965 -12.294848285615444 75
    endloop
  endfacet
  facet normal -0.5877852616263575 -0.8090169875934834 0
    outer loop
      vertex -9.654533937573433 -13.377304159104824 0
      vertex -9.739157229661942 -13.31582173705101 75
      vertex -9.739157229661942 -13.31582173705101 0
    endloop
  endfacet
  facet normal -0.5877852616263575 -0.8090169875934834 0
    outer loop
      vertex -9.654533937573433 -13.377304159104824 0
      vertex -9.654533937573433 -13.377304159104824 75
      vertex -9.739157229661942 -13.31582173705101 75
    endloop
  endfacet
  facet normal -0.5446390328570825 -0.8386705693468096 0
    outer loop
      vertex -8.29392272233963 -14.260895408689976 0
      vertex -9.654533937573433 -13.377304159104824 75
      vertex -9.654533937573433 -13.377304159104824 0
    endloop
  endfacet
  facet normal -0.5446390328570825 -0.8386705693468096 0
    outer loop
      vertex -8.29392272233963 -14.260895408689976 0
      vertex -8.29392272233963 -14.260895408689976 75
      vertex -9.654533937573433 -13.377304159104824 75
    endloop
  endfacet
  facet normal -0.5000000201300191 -0.8660253921623664 0
    outer loop
      vertex -8.203336343169212 -14.3131954818964 0
      vertex -8.29392272233963 -14.260895408689976 75
      vertex -8.29392272233963 -14.260895408689976 0
    endloop
  endfacet
  facet normal -0.5000000201300191 -0.8660253921623664 0
    outer loop
      vertex -8.203336343169212 -14.3131954818964 0
      vertex -8.203336343169212 -14.3131954818964 75
      vertex -8.29392272233963 -14.260895408689976 75
    endloop
  endfacet
  facet normal -0.453990500609973 -0.8910065237448636 0
    outer loop
      vertex -6.711154609918594 -15.07350005209446 0
      vertex -8.203336343169212 -14.3131954818964 75
      vertex -8.203336343169212 -14.3131954818964 0
    endloop
  endfacet
  facet normal -0.453990500609973 -0.8910065237448636 0
    outer loop
      vertex -6.711154609918594 -15.07350005209446 0
      vertex -6.711154609918594 -15.07350005209446 75
      vertex -8.203336343169212 -14.3131954818964 75
    endloop
  endfacet
  facet normal -0.358367949683589 -0.9335804264441177 -4.419550847223923e-19
    outer loop
      vertex -5.147673733532429 -15.673664130270481 0
      vertex -6.711154609918594 -15.07350005209446 75
      vertex -6.711154609918594 -15.07350005209446 0
    endloop
  endfacet
  facet normal -0.358367949683589 -0.9335804264441177 0
    outer loop
      vertex -5.147673733532429 -15.673664130270481 0
      vertex -5.147673733532429 -15.673664130270481 75
      vertex -6.711154609918594 -15.07350005209446 75
    endloop
  endfacet
  facet normal -0.309016979633851 -0.9510565210848261 0
    outer loop
      vertex -5.048193089663982 -15.705987349152565 0
      vertex -5.147673733532429 -15.673664130270481 75
      vertex -5.147673733532429 -15.673664130270481 0
    endloop
  endfacet
  facet normal -0.309016979633851 -0.9510565210848261 0
    outer loop
      vertex -5.048193089663982 -15.705987349152565 0
      vertex -5.048193089663982 -15.705987349152565 75
      vertex -5.147673733532429 -15.673664130270481 75
    endloop
  endfacet
  facet normal -0.25881904657217575 -0.9659258258952753 0
    outer loop
      vertex -3.481130212545395 -16.12588058412075 0
      vertex -5.048193089663982 -15.705987349152565 75
      vertex -5.048193089663982 -15.705987349152565 0
    endloop
  endfacet
  facet normal -0.25881904657217575 -0.9659258258952753 0
    outer loop
      vertex -3.481130212545395 -16.12588058412075 0
      vertex -3.481130212545395 -16.12588058412075 75
      vertex -5.048193089663982 -15.705987349152565 75
    endloop
  endfacet
  facet normal -0.2079116659329397 -0.978147606023237 0
    outer loop
      vertex -3.3788158372044563 -16.14762817323208 0
      vertex -3.481130212545395 -16.12588058412075 75
      vertex -3.481130212545395 -16.12588058412075 0
    endloop
  endfacet
  facet normal -0.2079116659329397 -0.978147606023237 0
    outer loop
      vertex -3.3788158372044563 -16.14762817323208 0
      vertex -3.3788158372044563 -16.14762817323208 75
      vertex -3.481130212545395 -16.12588058412075 75
    endloop
  endfacet
  facet normal -0.1564344664493616 -0.9876883403719533 0
    outer loop
      vertex -1.7764467000961304 -16.401418514549732 0
      vertex -3.3788158372044563 -16.14762817323208 75
      vertex -3.3788158372044563 -16.14762817323208 0
    endloop
  endfacet
  facet normal -0.1564344664493616 -0.9876883403719533 0
    outer loop
      vertex -1.7764467000961304 -16.401418514549732 0
      vertex -1.7764467000961304 -16.401418514549732 75
      vertex -3.3788158372044563 -16.14762817323208 75
    endloop
  endfacet
  facet normal -0.104528450418663 -0.9945218967187566 0
    outer loop
      vertex -1.6724195778369904 -16.412352204322815 0
      vertex -1.7764467000961304 -16.401418514549732 75
      vertex -1.7764467000961304 -16.401418514549732 0
    endloop
  endfacet
  facet normal -0.104528450418663 -0.9945218967187566 0
    outer loop
      vertex -1.6724195778369904 -16.412352204322815 0
      vertex -1.6724195778369904 -16.412352204322815 75
      vertex -1.7764467000961304 -16.401418514549732 75
    endloop
  endfacet
  facet normal -0.05233595798582136 -0.9986295346632336 0
    outer loop
      vertex -0.052300065755844116 -16.497259072959423 0
      vertex -1.6724195778369904 -16.412352204322815 75
      vertex -1.6724195778369904 -16.412352204322815 0
    endloop
  endfacet
  facet normal -0.05233595798582136 -0.9986295346632336 0
    outer loop
      vertex -0.052300065755844116 -16.497259072959423 0
      vertex -0.052300065755844116 -16.497259072959423 75
      vertex -1.6724195778369904 -16.412352204322815 75
    endloop
  endfacet
  facet normal 0 -1 0
    outer loop
      vertex 0.052300065755844116 -16.497259072959423 0
      vertex -0.052300065755844116 -16.497259072959423 75
      vertex -0.052300065755844116 -16.497259072959423 0
    endloop
  endfacet
  facet normal 0 -1 0
    outer loop
      vertex 0.052300065755844116 -16.497259072959423 0
      vertex 0.052300065755844116 -16.497259072959423 75
      vertex -0.052300065755844116 -16.497259072959423 75
    endloop
  endfacet
  facet normal 0.05233595798582136 -0.9986295346632336 0
    outer loop
      vertex 1.6724195778369904 -16.412352204322815 0
      vertex 0.052300065755844116 -16.497259072959423 75
      vertex 0.052300065755844116 -16.497259072959423 0
    endloop
  endfacet
  facet normal 0.05233595798582136 -0.9986295346632336 0
    outer loop
      vertex 1.6724195778369904 -16.412352204322815 0
      vertex 1.6724195778369904 -16.412352204322815 75
      vertex 0.052300065755844116 -16.497259072959423 75
    endloop
  endfacet
  facet normal 0 0 -1
    outer loop
      vertex 26.5 -0.5 0
      vertex 26.5 -6 0
      vertex 16.661453001201153 -6 0
    endloop
  endfacet
  facet normal 0 0 -1
    outer loop
      vertex 16.661453001201153 6 0
      vertex 26.5 6 0
      vertex 26.5 0.5 0
    endloop
  endfacet
  facet normal 0 0 -1
    outer loop
      vertex 12.431523695588112 -1.3066057935357094 0
      vertex 12.473796114325523 -0.5 0
      vertex 26.5 -0.5 0
    endloop
  endfacet
  facet normal 0 0 -1
    outer loop
      vertex 26.5 0.5 0
      vertex 12.473796114325523 0.5 0
      vertex 12.431523695588112 1.3066057935357094 0
    endloop
  endfacet
  facet normal 0 0 -1
    outer loop
      vertex 12.431523695588112 -1.3066057935357094 0
      vertex 26.5 -0.5 0
      vertex 16.661453001201153 -6 0
    endloop
  endfacet
  facet normal 0 0 -1
    outer loop
      vertex 12.226845011115074 -2.598896138370037 0
      vertex 12.431523695588112 -1.3066057935357094 0
      vertex 16.661453001201153 -6 0
    endloop
  endfacet
  facet normal 0 0 -1
    outer loop
      vertex 12.226845011115074 -2.598896138370037 0
      vertex 16.661453001201153 -6 0
      vertex 16.461866229772568 -6.009983636438847 0
    endloop
  endfacet
  facet normal 0 0 -1
    outer loop
      vertex 12.226845011115074 -2.598896138370037 0
      vertex 16.461866229772568 -6.009983636438847 0
      vertex 16.264272063970566 -6.039834879338741 0
    endloop
  endfacet
  facet normal 0 0 -1
    outer loop
      vertex 12.226845011115074 -2.598896138370037 0
      vertex 16.264272063970566 -6.039834879338741 0
      vertex 16.070643208920956 -6.089255698025227 0
    endloop
  endfacet
  facet normal 0 0 -1
    outer loop
      vertex 12.226845011115074 -2.598896138370037 0
      vertex 16.070643208920956 -6.089255698025227 0
      vertex 15.882912784814835 -6.157752692699432 0
    endloop
  endfacet
  facet normal 0 0 -1
    outer loop
      vertex 11.888206452131271 -3.8627124279737473 0
      vertex 12.226845011115074 -2.598896138370037 0
      vertex 15.882912784814835 -6.157752692699432 0
    endloop
  endfacet
  facet normal 0 0 -1
    outer loop
      vertex 11.888206452131271 -3.8627124279737473 0
      vertex 15.882912784814835 -6.157752692699432 0
      vertex 15.702955029904842 -6.244642019271851 0
    endloop
  endfacet
  facet normal 0 0 -1
    outer loop
      vertex 11.888206452131271 -3.8627124279737473 0
      vertex 15.702955029904842 -6.244642019271851 0
      vertex 15.53256656229496 -6.349056206643581 0
    endloop
  endfacet
  facet normal 0 0 -1
    outer loop
      vertex 11.888206452131271 -3.8627124279737473 0
      vertex 15.53256656229496 -6.349056206643581 0
      vertex 15.373448491096497 -6.469952814280987 0
    endloop
  endfacet
  facet normal 0 0 -1
    outer loop
      vertex 11.888206452131271 -3.8627124279737473 0
      vertex 15.373448491096497 -6.469952814280987 0
      vertex 15.227189391851425 -6.606124863028526 0
    endloop
  endfacet
  facet normal 0 0 -1
    outer loop
      vertex 11.888206452131271 -3.8627124279737473 0
      vertex 15.227189391851425 -6.606124863028526 0
      vertex 15.095249459147453 -6.75621285289526 0
    endloop
  endfacet
  facet normal 0 0 -1
    outer loop
      vertex 11.419318221509457 -5.08420804142952 0
      vertex 11.888206452131271 -3.8627124279737473 0
      vertex 15.095249459147453 -6.75621285289526 0
    endloop
  endfacet
  facet normal 0 0 -1
    outer loop
      vertex 11.419318221509457 -5.08420804142952 0
      vertex 15.095249459147453 -6.75621285289526 0
      vertex 14.978945933282375 -6.918718367815018 0
    endloop
  endfacet
  facet normal 0 0 -1
    outer loop
      vertex 11.419318221509457 -5.08420804142952 0
      vertex 14.978945933282375 -6.918718367815018 0
      vertex 14.879439949989319 -7.092018999159336 0
    endloop
  endfacet
  facet normal 0 0 -1
    outer loop
      vertex 10.825317546725273 -6.25 0
      vertex 11.419318221509457 -5.08420804142952 0
      vertex 14.879439949989319 -7.092018999159336 0
    endloop
  endfacet
  facet normal 0 0 -1
    outer loop
      vertex 10.825317546725273 -6.25 0
      vertex 14.879439949989319 -7.092018999159336 0
      vertex 14.3131954818964 -8.203336343169212 0
    endloop
  endfacet
  facet normal 0 0 -1
    outer loop
      vertex 10.825317546725273 -6.25 0
      vertex 14.3131954818964 -8.203336343169212 0
      vertex 14.260895408689976 -8.29392272233963 0
    endloop
  endfacet
  facet normal 0 0 -1
    outer loop
      vertex 10.112712427973747 -7.347315654158592 0
      vertex 10.825317546725273 -6.25 0
      vertex 14.260895408689976 -8.29392272233963 0
    endloop
  endfacet
  facet normal 0 0 -1
    outer loop
      vertex 10.112712427973747 -7.347315654158592 0
      vertex 14.260895408689976 -8.29392272233963 0
      vertex 13.377304159104824 -9.654533937573433 0
    endloop
  endfacet
  facet normal 0 0 -1
    outer loop
      vertex 10.112712427973747 -7.347315654158592 0
      vertex 13.377304159104824 -9.654533937573433 0
      vertex 13.31582173705101 -9.739157229661942 0
    endloop
  endfacet
  facet normal 0 0 -1
    outer loop
      vertex 9.289310321211815 -8.364132583141327 0
      vertex 10.112712427973747 -7.347315654158592 0
      vertex 13.31582173705101 -9.739157229661942 0
    endloop
  endfacet
  facet normal 0 0 -1
    outer loop
      vertex 9.289310321211815 -8.364132583141327 0
      vertex 13.31582173705101 -9.739157229661942 0
      vertex 12.294848285615444 -10.99995443969965 0
    endloop
  endfacet
  facet normal 0 0 -1
    outer loop
      vertex 9.289310321211815 -8.364132583141327 0
      vertex 12.294848285615444 -10.99995443969965 0
      vertex 12.22485713660717 -11.077687487006187 0
    endloop
  endfacet
  facet normal 0 0 -1
    outer loop
      vertex 8.364132583141327 -9.289310321211815 0
      vertex 9.289310321211815 -8.364132583141327 0
      vertex 12.22485713660717 -11.077687487006187 0
    endloop
  endfacet
  facet normal 0 0 -1
    outer loop
      vertex 8.364132583141327 -9.289310321211815 0
      vertex 12.22485713660717 -11.077687487006187 0
      vertex 11.077687487006187 -12.22485713660717 0
    endloop
  endfacet
  facet normal 0 0 -1
    outer loop
      vertex 8.364132583141327 -9.289310321211815 0
      vertex 11.077687487006187 -12.22485713660717 0
      vertex 10.99995443969965 -12.294848285615444 0
    endloop
  endfacet
  facet normal 0 0 -1
    outer loop
      vertex 7.347315654158592 -10.112712427973747 0
      vertex 8.364132583141327 -9.289310321211815 0
      vertex 10.99995443969965 -12.294848285615444 0
    endloop
  endfacet
  facet normal 0 0 -1
    outer loop
      vertex 7.347315654158592 -10.112712427973747 0
      vertex 10.99995443969965 -12.294848285615444 0
      vertex 9.739157229661942 -13.31582173705101 0
    endloop
  endfacet
  facet normal 0 0 -1
    outer loop
      vertex 7.347315654158592 -10.112712427973747 0
      vertex 9.739157229661942 -13.31582173705101 0
      vertex 9.654533937573433 -13.377304159104824 0
    endloop
  endfacet
  facet normal 0 0 -1
    outer loop
      vertex 6.25 -10.825317546725273 0
      vertex 7.347315654158592 -10.112712427973747 0
      vertex 9.654533937573433 -13.377304159104824 0
    endloop
  endfacet
  facet normal 0 0 -1
    outer loop
      vertex 6.25 -10.825317546725273 0
      vertex 9.654533937573433 -13.377304159104824 0
      vertex 8.29392272233963 -14.260895408689976 0
    endloop
  endfacet
  facet normal 0 0 -1
    outer loop
      vertex 6.25 -10.825317546725273 0
      vertex 8.29392272233963 -14.260895408689976 0
      vertex 8.203336343169212 -14.3131954818964 0
    endloop
  endfacet
  facet normal 0 0 -1
    outer loop
      vertex 5.08420804142952 -11.419318221509457 0
      vertex 6.25 -10.825317546725273 0
      vertex 8.203336343169212 -14.3131954818964 0
    endloop
  endfacet
  facet normal 0 0 -1
    outer loop
      vertex 5.08420804142952 -11.419318221509457 0
      vertex 8.203336343169212 -14.3131954818964 0
      vertex 6.711154609918594 -15.07350005209446 0
    endloop
  endfacet
  facet normal 0 0 -1
    outer loop
      vertex 5.08420804142952 -11.419318221509457 0
      vertex 6.711154609918594 -15.07350005209446 0
      vertex 5.147673733532429 -15.673664130270481 0
    endloop
  endfacet
  facet normal 0 0 -1
    outer loop
      vertex 3.8627124279737473 -11.888206452131271 0
      vertex 5.08420804142952 -11.419318221509457 0
      vertex 5.147673733532429 -15.673664130270481 0
    endloop
  endfacet
  facet normal 0 0 -1
    outer loop
      vertex 3.8627124279737473 -11.888206452131271 0
      vertex 5.147673733532429 -15.673664130270481 0
      vertex 5.048193089663982 -15.705987349152565 0
    endloop
  endfacet
  facet normal 0 0 -1
    outer loop
      vertex 2.598896138370037 -12.226845011115074 0
      vertex 3.8627124279737473 -11.888206452131271 0
      vertex 5.048193089663982 -15.705987349152565 0
    endloop
  endfacet
  facet normal 0 0 -1
    outer loop
      vertex 2.598896138370037 -12.226845011115074 0
      vertex 5.048193089663982 -15.705987349152565 0
      vertex 3.481130212545395 -16.12588058412075 0
    endloop
  endfacet
  facet normal 0 0 -1
    outer loop
      vertex 2.598896138370037 -12.226845011115074 0
      vertex 3.481130212545395 -16.12588058412075 0
      vertex 3.3788158372044563 -16.14762817323208 0
    endloop
  endfacet
  facet normal 0 0 -1
    outer loop
      vertex 1.3066057935357094 -12.431523695588112 0
      vertex 2.598896138370037 -12.226845011115074 0
      vertex 3.3788158372044563 -16.14762817323208 0
    endloop
  endfacet
  facet normal 0 0 -1
    outer loop
      vertex 1.3066057935357094 -12.431523695588112 0
      vertex 3.3788158372044563 -16.14762817323208 0
      vertex 1.7764467000961304 -16.401418514549732 0
    endloop
  endfacet
  facet normal 0 0 -1
    outer loop
      vertex 1.3066057935357094 -12.431523695588112 0
      vertex 1.7764467000961304 -16.401418514549732 0
      vertex 1.6724195778369904 -16.412352204322815 0
    endloop
  endfacet
  facet normal 0 0 -1
    outer loop
      vertex 0 -12.5 0
      vertex 1.3066057935357094 -12.431523695588112 0
      vertex 1.6724195778369904 -16.412352204322815 0
    endloop
  endfacet
  facet normal 0 0 -1
    outer loop
      vertex 0 -12.5 0
      vertex 1.6724195778369904 -16.412352204322815 0
      vertex 0.052300065755844116 -16.497259072959423 0
    endloop
  endfacet
  facet normal 0 0 -1
    outer loop
      vertex 0 -12.5 0
      vertex 0.052300065755844116 -16.497259072959423 0
      vertex -0.052300065755844116 -16.497259072959423 0
    endloop
  endfacet
  facet normal 0 0 -1
    outer loop
      vertex -1.3066057935357094 -12.431523695588112 0
      vertex 0 -12.5 0
      vertex -0.052300065755844116 -16.497259072959423 0
    endloop
  endfacet
  facet normal 0 0 -1
    outer loop
      vertex -1.3066057935357094 -12.431523695588112 0
      vertex -0.052300065755844116 -16.497259072959423 0
      vertex -1.6724195778369904 -16.412352204322815 0
    endloop
  endfacet
  facet normal 0 0 -1
    outer loop
      vertex -1.3066057935357094 -12.431523695588112 0
      vertex -1.6724195778369904 -16.412352204322815 0
      vertex -1.7764467000961304 -16.401418514549732 0
    endloop
  endfacet
  facet normal 0 0 -1
    outer loop
      vertex -2.598896138370037 -12.226845011115074 0
      vertex -1.3066057935357094 -12.431523695588112 0
      vertex -1.7764467000961304 -16.401418514549732 0
    endloop
  endfacet
  facet normal 0 0 -1
    outer loop
      vertex -2.598896138370037 -12.226845011115074 0
      vertex -1.7764467000961304 -16.401418514549732 0
      vertex -3.3788158372044563 -16.14762817323208 0
    endloop
  endfacet
  facet normal 0 0 -1
    outer loop
      vertex -2.598896138370037 -12.226845011115074 0
      vertex -3.3788158372044563 -16.14762817323208 0
      vertex -3.481130212545395 -16.12588058412075 0
    endloop
  endfacet
  facet normal 0 0 -1
    outer loop
      vertex -3.8627124279737473 -11.888206452131271 0
      vertex -2.598896138370037 -12.226845011115074 0
      vertex -3.481130212545395 -16.12588058412075 0
    endloop
  endfacet
  facet normal 0 0 -1
    outer loop
      vertex -3.8627124279737473 -11.888206452131271 0
      vertex -3.481130212545395 -16.12588058412075 0
      vertex -5.048193089663982 -15.705987349152565 0
    endloop
  endfacet
  facet normal 0 0 -1
    outer loop
      vertex -3.8627124279737473 -11.888206452131271 0
      vertex -5.048193089663982 -15.705987349152565 0
      vertex -5.147673733532429 -15.673664130270481 0
    endloop
  endfacet
  facet normal 0 0 -1
    outer loop
      vertex -5.08420804142952 -11.419318221509457 0
      vertex -3.8627124279737473 -11.888206452131271 0
      vertex -5.147673733532429 -15.673664130270481 0
    endloop
  endfacet
  facet normal 0 0 -1
    outer loop
      vertex -5.08420804142952 -11.419318221509457 0
      vertex -5.147673733532429 -15.673664130270481 0
      vertex -6.711154609918594 -15.07350005209446 0
    endloop
  endfacet
  facet normal 0 0 -1
    outer loop
      vertex -5.08420804142952 -11.419318221509457 0
      vertex -6.711154609918594 -15.07350005209446 0
      vertex -8.203336343169212 -14.3131954818964 0
    endloop
  endfacet
  facet normal 0 0 -1
    outer loop
      vertex -6.25 -10.825317546725273 0
      vertex -5.08420804142952 -11.419318221509457 0
      vertex -8.203336343169212 -14.3131954818964 0
    endloop
  endfacet
  facet normal 0 0 -1
    outer loop
      vertex -6.25 -10.825317546725273 0
      vertex -8.203336343169212 -14.3131954818964 0
      vertex -8.29392272233963 -14.260895408689976 0
    endloop
  endfacet
  facet normal 0 0 -1
    outer loop
      vertex -7.347315654158592 -10.112712427973747 0
      vertex -6.25 -10.825317546725273 0
      vertex -8.29392272233963 -14.260895408689976 0
    endloop
  endfacet
  facet normal 0 0 -1
    outer loop
      vertex -7.347315654158592 -10.112712427973747 0
      vertex -8.29392272233963 -14.260895408689976 0
      vertex -9.654533937573433 -13.377304159104824 0
    endloop
  endfacet
  facet normal 0 0 -1
    outer loop
      vertex -7.347315654158592 -10.112712427973747 0
      vertex -9.654533937573433 -13.377304159104824 0
      vertex -9.739157229661942 -13.31582173705101 0
    endloop
  endfacet
  facet normal 0 0 -1
    outer loop
      vertex -8.364132583141327 -9.289310321211815 0
      vertex -7.347315654158592 -10.112712427973747 0
      vertex -9.739157229661942 -13.31582173705101 0
    endloop
  endfacet
  facet normal 0 0 -1
    outer loop
      vertex -8.364132583141327 -9.289310321211815 0
      vertex -9.739157229661942 -13.31582173705101 0
      vertex -10.99995443969965 -12.294848285615444 0
    endloop
  endfacet
  facet normal 0 0 -1
    outer loop
      vertex -8.364132583141327 -9.289310321211815 0
      vertex -10.99995443969965 -12.294848285615444 0
      vertex -11.077687487006187 -12.22485713660717 0
    endloop
  endfacet
  facet normal 0 0 -1
    outer loop
      vertex -9.289310321211815 -8.364132583141327 0
      vertex -8.364132583141327 -9.289310321211815 0
      vertex -11.077687487006187 -12.22485713660717 0
    endloop
  endfacet
  facet normal 0 0 -1
    outer loop
      vertex -9.289310321211815 -8.364132583141327 0
      vertex -11.077687487006187 -12.22485713660717 0
      vertex -12.22485713660717 -11.077687487006187 0
    endloop
  endfacet
  facet normal 0 0 -1
    outer loop
      vertex -9.289310321211815 -8.364132583141327 0
      vertex -12.22485713660717 -11.077687487006187 0
      vertex -12.294848285615444 -10.99995443969965 0
    endloop
  endfacet
  facet normal 0 0 -1
    outer loop
      vertex -10.112712427973747 -7.347315654158592 0
      vertex -9.289310321211815 -8.364132583141327 0
      vertex -12.294848285615444 -10.99995443969965 0
    endloop
  endfacet
  facet normal 0 0 -1
    outer loop
      vertex -10.112712427973747 -7.347315654158592 0
      vertex -12.294848285615444 -10.99995443969965 0
      vertex -13.31582173705101 -9.739157229661942 0
    endloop
  endfacet
  facet normal 0 0 -1
    outer loop
      vertex -10.112712427973747 -7.347315654158592 0
      vertex -13.31582173705101 -9.739157229661942 0
      vertex -13.377304159104824 -9.654533937573433 0
    endloop
  endfacet
  facet normal 0 0 -1
    outer loop
      vertex -10.825317546725273 -6.25 0
      vertex -10.112712427973747 -7.347315654158592 0
      vertex -13.377304159104824 -9.654533937573433 0
    endloop
  endfacet
  facet normal 0 0 -1
    outer loop
      vertex -10.825317546725273 -6.25 0
      vertex -13.377304159104824 -9.654533937573433 0
      vertex -14.260895408689976 -8.29392272233963 0
    endloop
  endfacet
  facet normal 0 0 -1
    outer loop
      vertex -10.825317546725273 -6.25 0
      vertex -14.260895408689976 -8.29392272233963 0
      vertex -14.3131954818964 -8.203336343169212 0
    endloop
  endfacet
  facet normal 0 0 -1
    outer loop
      vertex -11.419318221509457 -5.08420804142952 0
      vertex -10.825317546725273 -6.25 0
      vertex -14.3131954818964 -8.203336343169212 0
    endloop
  endfacet
  facet normal 0 0 -1
    outer loop
      vertex -11.419318221509457 -5.08420804142952 0
      vertex -14.3131954818964 -8.203336343169212 0
      vertex -15.07350005209446 -6.711154609918594 0
    endloop
  endfacet
  facet normal 0 0 -1
    outer loop
      vertex -11.419318221509457 -5.08420804142952 0
      vertex -15.07350005209446 -6.711154609918594 0
      vertex -15.673664130270481 -5.147673733532429 0
    endloop
  endfacet
  facet normal 0 0 -1
    outer loop
      vertex -11.888206452131271 -3.8627124279737473 0
      vertex -11.419318221509457 -5.08420804142952 0
      vertex -15.673664130270481 -5.147673733532429 0
    endloop
  endfacet
  facet normal 0 0 -1
    outer loop
      vertex -11.888206452131271 -3.8627124279737473 0
      vertex -15.673664130270481 -5.147673733532429 0
      vertex -15.705987349152565 -5.048193089663982 0
    endloop
  endfacet
  facet normal 0 0 -1
    outer loop
      vertex -12.226845011115074 -2.598896138370037 0
      vertex -11.888206452131271 -3.8627124279737473 0
      vertex -15.705987349152565 -5.048193089663982 0
    endloop
  endfacet
  facet normal 0 0 -1
    outer loop
      vertex -12.226845011115074 -2.598896138370037 0
      vertex -15.705987349152565 -5.048193089663982 0
      vertex -16.139435410499573 -3.430542901158333 0
    endloop
  endfacet
  facet normal 0 0 -1
    outer loop
      vertex -12.226845011115074 -2.598896138370037 0
      vertex -16.139435410499573 -3.430542901158333 0
      vertex -16.401418514549732 -1.7764467000961304 0
    endloop
  endfacet
  facet normal 0 0 -1
    outer loop
      vertex -12.431523695588112 -1.3066057935357094 0
      vertex -12.226845011115074 -2.598896138370037 0
      vertex -16.401418514549732 -1.7764467000961304 0
    endloop
  endfacet
  facet normal 0 0 -1
    outer loop
      vertex -12.431523695588112 -1.3066057935357094 0
      vertex -16.401418514549732 -1.7764467000961304 0
      vertex -16.412352204322815 -1.6724195778369904 0
    endloop
  endfacet
  facet normal 0 0 -1
    outer loop
      vertex -12.5 0 0
      vertex -12.431523695588112 -1.3066057935357094 0
      vertex -16.412352204322815 -1.6724195778369904 0
    endloop
  endfacet
  facet normal 0 0 -1
    outer loop
      vertex -12.5 0 0
      vertex -16.412352204322815 -1.6724195778369904 0
      vertex -16.497259072959423 -0.052300065755844116 0
    endloop
  endfacet
  facet normal 0 0 -1
    outer loop
      vertex -12.5 0 0
      vertex -16.497259072959423 -0.052300065755844116 0
      vertex -16.497259072959423 0.052300065755844116 0
    endloop
  endfacet
  facet normal 0 0 -1
    outer loop
      vertex -12.431523695588112 1.3066057935357094 0
      vertex -12.5 0 0
      vertex -16.497259072959423 0.052300065755844116 0
    endloop
  endfacet
  facet normal 0 0 -1
    outer loop
      vertex -12.431523695588112 1.3066057935357094 0
      vertex -16.497259072959423 0.052300065755844116 0
      vertex -16.412352204322815 1.6724195778369904 0
    endloop
  endfacet
  facet normal 0 0 -1
    outer loop
      vertex -12.431523695588112 1.3066057935357094 0
      vertex -16.412352204322815 1.6724195778369904 0
      vertex -16.401418514549732 1.7764467000961304 0
    endloop
  endfacet
  facet normal 0 0 -1
    outer loop
      vertex -12.226845011115074 2.598896138370037 0
      vertex -12.431523695588112 1.3066057935357094 0
      vertex -16.401418514549732 1.7764467000961304 0
    endloop
  endfacet
  facet normal 0 0 -1
    outer loop
      vertex -12.226845011115074 2.598896138370037 0
      vertex -16.401418514549732 1.7764467000961304 0
      vertex -16.139435410499573 3.430542901158333 0
    endloop
  endfacet
  facet normal 0 0 -1
    outer loop
      vertex -12.226845011115074 2.598896138370037 0
      vertex -16.139435410499573 3.430542901158333 0
      vertex -15.705987349152565 5.048193089663982 0
    endloop
  endfacet
  facet normal 0 0 -1
    outer loop
      vertex -11.888206452131271 3.8627124279737473 0
      vertex -12.226845011115074 2.598896138370037 0
      vertex -15.705987349152565 5.048193089663982 0
    endloop
  endfacet
  facet normal 0 0 -1
    outer loop
      vertex -11.888206452131271 3.8627124279737473 0
      vertex -15.705987349152565 5.048193089663982 0
      vertex -15.673664130270481 5.147673733532429 0
    endloop
  endfacet
  facet normal 0 0 -1
    outer loop
      vertex -11.419318221509457 5.08420804142952 0
      vertex -11.888206452131271 3.8627124279737473 0
      vertex -15.673664130270481 5.147673733532429 0
    endloop
  endfacet
  facet normal 0 0 -1
    outer loop
      vertex -11.419318221509457 5.08420804142952 0
      vertex -15.673664130270481 5.147673733532429 0
      vertex -15.07350005209446 6.711154609918594 0
    endloop
  endfacet
  facet normal 0 0 -1
    outer loop
      vertex -11.419318221509457 5.08420804142952 0
      vertex -15.07350005209446 6.711154609918594 0
      vertex -14.3131954818964 8.203336343169212 0
    endloop
  endfacet
  facet normal 0 0 -1
    outer loop
      vertex -10.825317546725273 6.25 0
      vertex -11.419318221509457 5.08420804142952 0
      vertex -14.3131954818964 8.203336343169212 0
    endloop
  endfacet
  facet normal 0 0 -1
    outer loop
      vertex -10.825317546725273 6.25 0
      vertex -14.3131954818964 8.203336343169212 0
      vertex -14.260895408689976 8.29392272233963 0
    endloop
  endfacet
  facet normal 0 0 -1
    outer loop
      vertex -10.112712427973747 7.347315654158592 0
      vertex -10.825317546725273 6.25 0
      vertex -14.260895408689976 8.29392272233963 0
    endloop
  endfacet
  facet normal 0 0 -1
    outer loop
      vertex -10.112712427973747 7.347315654158592 0
      vertex -14.260895408689976 8.29392272233963 0
      vertex -13.377304159104824 9.654533937573433 0
    endloop
  endfacet
  facet normal 0 0 -1
    outer loop
      vertex -10.112712427973747 7.347315654158592 0
      vertex -13.377304159104824 9.654533937573433 0
      vertex -13.31582173705101 9.739157229661942 0
    endloop
  endfacet
  facet normal 0 0 -1
    outer loop
      vertex -9.289310321211815 8.364132583141327 0
      vertex -10.112712427973747 7.347315654158592 0
      vertex -13.31582173705101 9.739157229661942 0
    endloop
  endfacet
  facet normal 0 0 -1
    outer loop
      vertex -9.289310321211815 8.364132583141327 0
      vertex -13.31582173705101 9.739157229661942 0
      vertex -12.294848285615444 10.99995443969965 0
    endloop
  endfacet
  facet normal 0 0 -1
    outer loop
      vertex -9.289310321211815 8.364132583141327 0
      vertex -12.294848285615444 10.99995443969965 0
      vertex -12.22485713660717 11.077687487006187 0
    endloop
  endfacet
  facet normal 0 0 -1
    outer loop
      vertex -8.364132583141327 9.289310321211815 0
      vertex -9.289310321211815 8.364132583141327 0
      vertex -12.22485713660717 11.077687487006187 0
    endloop
  endfacet
  facet normal 0 0 -1
    outer loop
      vertex -8.364132583141327 9.289310321211815 0
      vertex -12.22485713660717 11.077687487006187 0
      vertex -11.077687487006187 12.22485713660717 0
    endloop
  endfacet
  facet normal 0 0 -1
    outer loop
      vertex -8.364132583141327 9.289310321211815 0
      vertex -11.077687487006187 12.22485713660717 0
      vertex -10.99995443969965 12.294848285615444 0
    endloop
  endfacet
  facet normal 0 0 -1
    outer loop
      vertex -7.347315654158592 10.112712427973747 0
      vertex -8.364132583141327 9.289310321211815 0
      vertex -10.99995443969965 12.294848285615444 0
    endloop
  endfacet
  facet normal 0 0 -1
    outer loop
      vertex -7.347315654158592 10.112712427973747 0
      vertex -10.99995443969965 12.294848285615444 0
      vertex -9.739157229661942 13.31582173705101 0
    endloop
  endfacet
  facet normal 0 0 -1
    outer loop
      vertex -7.347315654158592 10.112712427973747 0
      vertex -9.739157229661942 13.31582173705101 0
      vertex -9.654533937573433 13.377304159104824 0
    endloop
  endfacet
  facet normal 0 0 -1
    outer loop
      vertex -6.25 10.825317546725273 0
      vertex -7.347315654158592 10.112712427973747 0
      vertex -9.654533937573433 13.377304159104824 0
    endloop
  endfacet
  facet normal 0 0 -1
    outer loop
      vertex -6.25 10.825317546725273 0
      vertex -9.654533937573433 13.377304159104824 0
      vertex -8.29392272233963 14.260895408689976 0
    endloop
  endfacet
  facet normal 0 0 -1
    outer loop
      vertex -6.25 10.825317546725273 0
      vertex -8.29392272233963 14.260895408689976 0
      vertex -8.203336343169212 14.3131954818964 0
    endloop
  endfacet
  facet normal 0 0 -1
    outer loop
      vertex -5.08420804142952 11.419318221509457 0
      vertex -6.25 10.825317546725273 0
      vertex -8.203336343169212 14.3131954818964 0
    endloop
  endfacet
  facet normal 0 0 -1
    outer loop
      vertex -5.08420804142952 11.419318221509457 0
      vertex -8.203336343169212 14.3131954818964 0
      vertex -6.711154609918594 15.07350005209446 0
    endloop
  endfacet
  facet normal 0 0 -1
    outer loop
      vertex -5.08420804142952 11.419318221509457 0
      vertex -6.711154609918594 15.07350005209446 0
      vertex -5.147673733532429 15.673664130270481 0
    endloop
  endfacet
  facet normal 0 0 -1
    outer loop
      vertex -3.8627124279737473 11.888206452131271 0
      vertex -5.08420804142952 11.419318221509457 0
      vertex -5.147673733532429 15.673664130270481 0
    endloop
  endfacet
  facet normal 0 0 -1
    outer loop
      vertex -3.8627124279737473 11.888206452131271 0
      vertex -5.147673733532429 15.673664130270481 0
      vertex -5.048193089663982 15.705987349152565 0
    endloop
  endfacet
  facet normal 0 0 -1
    outer loop
      vertex -2.598896138370037 12.226845011115074 0
      vertex -3.8627124279737473 11.888206452131271 0
      vertex -5.048193089663982 15.705987349152565 0
    endloop
  endfacet
  facet normal 0 0 -1
    outer loop
      vertex -2.598896138370037 12.226845011115074 0
      vertex -5.048193089663982 15.705987349152565 0
      vertex -3.481130212545395 16.12588058412075 0
    endloop
  endfacet
  facet normal 0 0 -1
    outer loop
      vertex -2.598896138370037 12.226845011115074 0
      vertex -3.481130212545395 16.12588058412075 0
      vertex -3.3788158372044563 16.14762817323208 0
    endloop
  endfacet
  facet normal 0 0 -1
    outer loop
      vertex -1.3066057935357094 12.431523695588112 0
      vertex -2.598896138370037 12.226845011115074 0
      vertex -3.3788158372044563 16.14762817323208 0
    endloop
  endfacet
  facet normal 0 0 -1
    outer loop
      vertex -1.3066057935357094 12.431523695588112 0
      vertex -3.3788158372044563 16.14762817323208 0
      vertex -1.7764467000961304 16.401418514549732 0
    endloop
  endfacet
  facet normal 0 0 -1
    outer loop
      vertex -1.3066057935357094 12.431523695588112 0
      vertex -1.7764467000961304 16.401418514549732 0
      vertex -1.6724195778369904 16.412352204322815 0
    endloop
  endfacet
  facet normal 0 0 -1
    outer loop
      vertex 0 12.5 0
      vertex -1.3066057935357094 12.431523695588112 0
      vertex -1.6724195778369904 16.412352204322815 0
    endloop
  endfacet
  facet normal 0 0 -1
    outer loop
      vertex 0 12.5 0
      vertex -1.6724195778369904 16.412352204322815 0
      vertex -0.052300065755844116 16.497259072959423 0
    endloop
  endfacet
  facet normal 0 0 -1
    outer loop
      vertex 0 12.5 0
      vertex -0.052300065755844116 16.497259072959423 0
      vertex 0.052300065755844116 16.497259072959423 0
    endloop
  endfacet
  facet normal 0 0 -1
    outer loop
      vertex 1.3066057935357094 12.431523695588112 0
      vertex 0 12.5 0
      vertex 0.052300065755844116 16.497259072959423 0
    endloop
  endfacet
  facet normal 0 0 -1
    outer loop
      vertex 1.3066057935357094 12.431523695588112 0
      vertex 0.052300065755844116 16.497259072959423 0
      vertex 1.6724195778369904 16.412352204322815 0
    endloop
  endfacet
  facet normal 0 0 -1
    outer loop
      vertex 1.3066057935357094 12.431523695588112 0
      vertex 1.6724195778369904 16.412352204322815 0
      vertex 1.7764467000961304 16.401418514549732 0
    endloop
  endfacet
  facet normal 0 0 -1
    outer loop
      vertex 2.598896138370037 12.226845011115074 0
      vertex 1.3066057935357094 12.431523695588112 0
      vertex 1.7764467000961304 16.401418514549732 0
    endloop
  endfacet
  facet normal 0 0 -1
    outer loop
      vertex 2.598896138370037 12.226845011115074 0
      vertex 1.7764467000961304 16.401418514549732 0
      vertex 3.3788158372044563 16.14762817323208 0
    endloop
  endfacet
  facet normal 0 0 -1
    outer loop
      vertex 2.598896138370037 12.226845011115074 0
      vertex 3.3788158372044563 16.14762817323208 0
      vertex 3.481130212545395 16.12588058412075 0
    endloop
  endfacet
  facet normal 0 0 -1
    outer loop
      vertex 3.8627124279737473 11.888206452131271 0
      vertex 2.598896138370037 12.226845011115074 0
      vertex 3.481130212545395 16.12588058412075 0
    endloop
  endfacet
  facet normal 0 0 -1
    outer loop
      vertex 3.8627124279737473 11.888206452131271 0
      vertex 3.481130212545395 16.12588058412075 0
      vertex 5.048193089663982 15.705987349152565 0
    endloop
  endfacet
  facet normal 0 0 -1
    outer loop
      vertex 3.8627124279737473 11.888206452131271 0
      vertex 5.048193089663982 15.705987349152565 0
      vertex 5.147673733532429 15.673664130270481 0
    endloop
  endfacet
  facet normal 0 0 -1
    outer loop
      vertex 5.08420804142952 11.419318221509457 0
      vertex 3.8627124279737473 11.888206452131271 0
      vertex 5.147673733532429 15.673664130270481 0
    endloop
  endfacet
  facet normal 0 0 -1
    outer loop
      vertex 5.08420804142952 11.419318221509457 0
      vertex 5.147673733532429 15.673664130270481 0
      vertex 6.711154609918594 15.07350005209446 0
    endloop
  endfacet
  facet normal 0 0 -1
    outer loop
      vertex 5.08420804142952 11.419318221509457 0
      vertex 6.711154609918594 15.07350005209446 0
      vertex 8.203336343169212 14.3131954818964 0
    endloop
  endfacet
  facet normal 0 0 -1
    outer loop
      vertex 6.25 10.825317546725273 0
      vertex 5.08420804142952 11.419318221509457 0
      vertex 8.203336343169212 14.3131954818964 0
    endloop
  endfacet
  facet normal 0 0 -1
    outer loop
      vertex 6.25 10.825317546725273 0
      vertex 8.203336343169212 14.3131954818964 0
      vertex 8.29392272233963 14.260895408689976 0
    endloop
  endfacet
  facet normal 0 0 -1
    outer loop
      vertex 7.347315654158592 10.112712427973747 0
      vertex 6.25 10.825317546725273 0
      vertex 8.29392272233963 14.260895408689976 0
    endloop
  endfacet
  facet normal 0 0 -1
    outer loop
      vertex 7.347315654158592 10.112712427973747 0
      vertex 8.29392272233963 14.260895408689976 0
      vertex 9.654533937573433 13.377304159104824 0
    endloop
  endfacet
  facet normal 0 0 -1
    outer loop
      vertex 7.347315654158592 10.112712427973747 0
      vertex 9.654533937573433 13.377304159104824 0
      vertex 9.739157229661942 13.31582173705101 0
    endloop
  endfacet
  facet normal 0 0 -1
    outer loop
      vertex 8.364132583141327 9.289310321211815 0
      vertex 7.347315654158592 10.112712427973747 0
      vertex 9.739157229661942 13.31582173705101 0
    endloop
  endfacet
  facet normal 0 0 -1
    outer loop
      vertex 8.364132583141327 9.289310321211815 0
      vertex 9.739157229661942 13.31582173705101 0
      vertex 10.99995443969965 12.294848285615444 0
    endloop
  endfacet
  facet normal 0 0 -1
    outer loop
      vertex 8.364132583141327 9.289310321211815 0
      vertex 10.99995443969965 12.294848285615444 0
      vertex 11.077687487006187 12.22485713660717 0
    endloop
  endfacet
  facet normal 0 0 -1
    outer loop
      vertex 9.289310321211815 8.364132583141327 0
      vertex 8.364132583141327 9.289310321211815 0
      vertex 11.077687487006187 12.22485713660717 0
    endloop
  endfacet
  facet normal 0 0 -1
    outer loop
      vertex 9.289310321211815 8.364132583141327 0
      vertex 11.077687487006187 12.22485713660717 0
      vertex 12.22485713660717 11.077687487006187 0
    endloop
  endfacet
  facet normal 0 0 -1
    outer loop
      vertex 9.289310321211815 8.364132583141327 0
      vertex 12.22485713660717 11.077687487006187 0
      vertex 12.294848285615444 10.99995443969965 0
    endloop
  endfacet
  facet normal 0 0 -1
    outer loop
      vertex 10.112712427973747 7.347315654158592 0
      vertex 9.289310321211815 8.364132583141327 0
      vertex 12.294848285615444 10.99995443969965 0
    endloop
  endfacet
  facet normal 0 0 -1
    outer loop
      vertex 10.112712427973747 7.347315654158592 0
      vertex 12.294848285615444 10.99995443969965 0
      vertex 13.31582173705101 9.739157229661942 0
    endloop
  endfacet
  facet normal 0 0 -1
    outer loop
      vertex 10.112712427973747 7.347315654158592 0
      vertex 13.31582173705101 9.739157229661942 0
      vertex 13.377304159104824 9.654533937573433 0
    endloop
  endfacet
  facet normal 0 0 -1
    outer loop
      vertex 10.825317546725273 6.25 0
      vertex 10.112712427973747 7.347315654158592 0
      vertex 13.377304159104824 9.654533937573433 0
    endloop
  endfacet
  facet normal 0 0 -1
    outer loop
      vertex 10.825317546725273 6.25 0
      vertex 13.377304159104824 9.654533937573433 0
      vertex 14.260895408689976 8.29392272233963 0
    endloop
  endfacet
  facet normal 0 0 -1
    outer loop
      vertex 10.825317546725273 6.25 0
      vertex 14.260895408689976 8.29392272233963 0
      vertex 14.3131954818964 8.203336343169212 0
    endloop
  endfacet
  facet normal 0 0 -1
    outer loop
      vertex 10.825317546725273 6.25 0
      vertex 14.3131954818964 8.203336343169212 0
      vertex 14.879439949989319 7.092018999159336 0
    endloop
  endfacet
  facet normal 0 0 -1
    outer loop
      vertex 11.419318221509457 5.08420804142952 0
      vertex 10.825317546725273 6.25 0
      vertex 14.879439949989319 7.092018999159336 0
    endloop
  endfacet
  facet normal 0 0 -1
    outer loop
      vertex 11.419318221509457 5.08420804142952 0
      vertex 14.879439949989319 7.092018999159336 0
      vertex 14.978945933282375 6.918718367815018 0
    endloop
  endfacet
  facet normal 0 0 -1
    outer loop
      vertex 11.888206452131271 3.8627124279737473 0
      vertex 11.419318221509457 5.08420804142952 0
      vertex 14.978945933282375 6.918718367815018 0
    endloop
  endfacet
  facet normal 0 0 -1
    outer loop
      vertex 11.888206452131271 3.8627124279737473 0
      vertex 14.978945933282375 6.918718367815018 0
      vertex 15.095249459147453 6.75621285289526 0
    endloop
  endfacet
  facet normal 0 0 -1
    outer loop
      vertex 11.888206452131271 3.8627124279737473 0
      vertex 15.095249459147453 6.75621285289526 0
      vertex 15.227189391851425 6.606124863028526 0
    endloop
  endfacet
  facet normal 0 0 -1
    outer loop
      vertex 11.888206452131271 3.8627124279737473 0
      vertex 15.227189391851425 6.606124863028526 0
      vertex 15.373448491096497 6.469952814280987 0
    endloop
  endfacet
  facet normal 0 0 -1
    outer loop
      vertex 11.888206452131271 3.8627124279737473 0
      vertex 15.373448491096497 6.469952814280987 0
      vertex 15.53256656229496 6.349056206643581 0
    endloop
  endfacet
  facet normal 0 0 -1
    outer loop
      vertex 12.226845011115074 2.598896138370037 0
      vertex 11.888206452131271 3.8627124279737473 0
      vertex 15.53256656229496 6.349056206643581 0
    endloop
  endfacet
  facet normal 0 0 -1
    outer loop
      vertex 12.226845011115074 2.598896138370037 0
      vertex 15.53256656229496 6.349056206643581 0
      vertex 15.702955029904842 6.244642019271851 0
    endloop
  endfacet
  facet normal 0 0 -1
    outer loop
      vertex 12.226845011115074 2.598896138370037 0
      vertex 15.702955029904842 6.244642019271851 0
      vertex 15.882912784814835 6.157752692699432 0
    endloop
  endfacet
  facet normal 0 0 -1
    outer loop
      vertex 16.661453001201153 6 0
      vertex 26.5 0.5 0
      vertex 12.431523695588112 1.3066057935357094 0
    endloop
  endfacet
  facet normal 0 0 -1
    outer loop
      vertex 16.661453001201153 6 0
      vertex 12.431523695588112 1.3066057935357094 0
      vertex 12.226845011115074 2.598896138370037 0
    endloop
  endfacet
  facet normal 0 0 -1
    outer loop
      vertex 16.461866229772568 6.009983636438847 0
      vertex 16.661453001201153 6 0
      vertex 12.226845011115074 2.598896138370037 0
    endloop
  endfacet
  facet normal 0 0 -1
    outer loop
      vertex 16.264272063970566 6.039834879338741 0
      vertex 16.461866229772568 6.009983636438847 0
      vertex 12.226845011115074 2.598896138370037 0
    endloop
  endfacet
  facet normal 0 0 -1
    outer loop
      vertex 16.070643208920956 6.089255698025227 0
      vertex 16.264272063970566 6.039834879338741 0
      vertex 12.226845011115074 2.598896138370037 0
    endloop
  endfacet
  facet normal 0 0 -1
    outer loop
      vertex 16.070643208920956 6.089255698025227 0
      vertex 12.226845011115074 2.598896138370037 0
      vertex 15.882912784814835 6.157752692699432 0
    endloop
  endfacet
  facet normal 0 0 1
    outer loop
      vertex 16.661453001201153 -6 75
      vertex 26.5 -6 75
      vertex 26.5 -0.5 75
    endloop
  endfacet
  facet normal 0 0 1
    outer loop
      vertex 26.5 0.5 75
      vertex 26.5 6 75
      vertex 16.661453001201153 6 75
    endloop
  endfacet
  facet normal 0 0 1
    outer loop
      vertex 26.5 -0.5 75
      vertex 12.473796114325523 -0.5 75
      vertex 12.431523695588112 -1.3066057935357094 75
    endloop
  endfacet
  facet normal 0 0 1
    outer loop
      vertex 12.431523695588112 1.3066057935357094 75
      vertex 12.473796114325523 0.5 75
      vertex 26.5 0.5 75
    endloop
  endfacet
  facet normal 0 0 1
    outer loop
      vertex 16.661453001201153 -6 75
      vertex 26.5 -0.5 75
      vertex 12.431523695588112 -1.3066057935357094 75
    endloop
  endfacet
  facet normal 0 0 1
    outer loop
      vertex 16.661453001201153 -6 75
      vertex 12.431523695588112 -1.3066057935357094 75
      vertex 12.226845011115074 -2.598896138370037 75
    endloop
  endfacet
  facet normal 0 0 1
    outer loop
      vertex 16.461866229772568 -6.009983636438847 75
      vertex 16.661453001201153 -6 75
      vertex 12.226845011115074 -2.598896138370037 75
    endloop
  endfacet
  facet normal 0 0 1
    outer loop
      vertex 16.264272063970566 -6.039834879338741 75
      vertex 16.461866229772568 -6.009983636438847 75
      vertex 12.226845011115074 -2.598896138370037 75
    endloop
  endfacet
  facet normal 0 0 1
    outer loop
      vertex 16.070643208920956 -6.089255698025227 75
      vertex 16.264272063970566 -6.039834879338741 75
      vertex 12.226845011115074 -2.598896138370037 75
    endloop
  endfacet
  facet normal 0 0 1
    outer loop
      vertex 15.882912784814835 -6.157752692699432 75
      vertex 16.070643208920956 -6.089255698025227 75
      vertex 12.226845011115074 -2.598896138370037 75
    endloop
  endfacet
  facet normal 0 0 1
    outer loop
      vertex 15.882912784814835 -6.157752692699432 75
      vertex 12.226845011115074 -2.598896138370037 75
      vertex 11.888206452131271 -3.8627124279737473 75
    endloop
  endfacet
  facet normal 0 0 1
    outer loop
      vertex 15.702955029904842 -6.244642019271851 75
      vertex 15.882912784814835 -6.157752692699432 75
      vertex 11.888206452131271 -3.8627124279737473 75
    endloop
  endfacet
  facet normal 0 0 1
    outer loop
      vertex 15.53256656229496 -6.349056206643581 75
      vertex 15.702955029904842 -6.244642019271851 75
      vertex 11.888206452131271 -3.8627124279737473 75
    endloop
  endfacet
  facet normal 0 0 1
    outer loop
      vertex 15.373448491096497 -6.469952814280987 75
      vertex 15.53256656229496 -6.349056206643581 75
      vertex 11.888206452131271 -3.8627124279737473 75
    endloop
  endfacet
  facet normal 0 0 1
    outer loop
      vertex 15.227189391851425 -6.606124863028526 75
      vertex 15.373448491096497 -6.469952814280987 75
      vertex 11.888206452131271 -3.8627124279737473 75
    endloop
  endfacet
  facet normal 0 0 1
    outer loop
      vertex 15.095249459147453 -6.75621285289526 75
      vertex 15.227189391851425 -6.606124863028526 75
      vertex 11.888206452131271 -3.8627124279737473 75
    endloop
  endfacet
  facet normal 0 0 1
    outer loop
      vertex 15.095249459147453 -6.75621285289526 75
      vertex 11.888206452131271 -3.8627124279737473 75
      vertex 11.419318221509457 -5.08420804142952 75
    endloop
  endfacet
  facet normal 0 0 1
    outer loop
      vertex 14.978945933282375 -6.918718367815018 75
      vertex 15.095249459147453 -6.75621285289526 75
      vertex 11.419318221509457 -5.08420804142952 75
    endloop
  endfacet
  facet normal 0 0 1
    outer loop
      vertex 14.879439949989319 -7.092018999159336 75
      vertex 14.978945933282375 -6.918718367815018 75
      vertex 11.419318221509457 -5.08420804142952 75
    endloop
  endfacet
  facet normal 0 0 1
    outer loop
      vertex 14.879439949989319 -7.092018999159336 75
      vertex 11.419318221509457 -5.08420804142952 75
      vertex 10.825317546725273 -6.25 75
    endloop
  endfacet
  facet normal 0 0 1
    outer loop
      vertex 14.3131954818964 -8.203336343169212 75
      vertex 14.879439949989319 -7.092018999159336 75
      vertex 10.825317546725273 -6.25 75
    endloop
  endfacet
  facet normal 0 0 1
    outer loop
      vertex 14.260895408689976 -8.29392272233963 75
      vertex 14.3131954818964 -8.203336343169212 75
      vertex 10.825317546725273 -6.25 75
    endloop
  endfacet
  facet normal 0 0 1
    outer loop
      vertex 14.260895408689976 -8.29392272233963 75
      vertex 10.825317546725273 -6.25 75
      vertex 10.112712427973747 -7.347315654158592 75
    endloop
  endfacet
  facet normal 0 0 1
    outer loop
      vertex 13.377304159104824 -9.654533937573433 75
      vertex 14.260895408689976 -8.29392272233963 75
      vertex 10.112712427973747 -7.347315654158592 75
    endloop
  endfacet
  facet normal 0 0 1
    outer loop
      vertex 13.31582173705101 -9.739157229661942 75
      vertex 13.377304159104824 -9.654533937573433 75
      vertex 10.112712427973747 -7.347315654158592 75
    endloop
  endfacet
  facet normal 0 0 1
    outer loop
      vertex 13.31582173705101 -9.739157229661942 75
      vertex 10.112712427973747 -7.347315654158592 75
      vertex 9.289310321211815 -8.364132583141327 75
    endloop
  endfacet
  facet normal 0 0 1
    outer loop
      vertex 12.294848285615444 -10.99995443969965 75
      vertex 13.31582173705101 -9.739157229661942 75
      vertex 9.289310321211815 -8.364132583141327 75
    endloop
  endfacet
  facet normal 0 0 1
    outer loop
      vertex 12.22485713660717 -11.077687487006187 75
      vertex 12.294848285615444 -10.99995443969965 75
      vertex 9.289310321211815 -8.364132583141327 75
    endloop
  endfacet
  facet normal 0 0 1
    outer loop
      vertex 12.22485713660717 -11.077687487006187 75
      vertex 9.289310321211815 -8.364132583141327 75
      vertex 8.364132583141327 -9.289310321211815 75
    endloop
  endfacet
  facet normal 0 0 1
    outer loop
      vertex 11.077687487006187 -12.22485713660717 75
      vertex 12.22485713660717 -11.077687487006187 75
      vertex 8.364132583141327 -9.289310321211815 75
    endloop
  endfacet
  facet normal 0 0 1
    outer loop
      vertex 10.99995443969965 -12.294848285615444 75
      vertex 11.077687487006187 -12.22485713660717 75
      vertex 8.364132583141327 -9.289310321211815 75
    endloop
  endfacet
  facet normal 0 0 1
    outer loop
      vertex 10.99995443969965 -12.294848285615444 75
      vertex 8.364132583141327 -9.289310321211815 75
      vertex 7.347315654158592 -10.112712427973747 75
    endloop
  endfacet
  facet normal 0 0 1
    outer loop
      vertex 9.739157229661942 -13.31582173705101 75
      vertex 10.99995443969965 -12.294848285615444 75
      vertex 7.347315654158592 -10.112712427973747 75
    endloop
  endfacet
  facet normal 0 0 1
    outer loop
      vertex 9.654533937573433 -13.377304159104824 75
      vertex 9.739157229661942 -13.31582173705101 75
      vertex 7.347315654158592 -10.112712427973747 75
    endloop
  endfacet
  facet normal 0 0 1
    outer loop
      vertex 9.654533937573433 -13.377304159104824 75
      vertex 7.347315654158592 -10.112712427973747 75
      vertex 6.25 -10.825317546725273 75
    endloop
  endfacet
  facet normal 0 0 1
    outer loop
      vertex 8.29392272233963 -14.260895408689976 75
      vertex 9.654533937573433 -13.377304159104824 75
      vertex 6.25 -10.825317546725273 75
    endloop
  endfacet
  facet normal 0 0 1
    outer loop
      vertex 8.203336343169212 -14.3131954818964 75
      vertex 8.29392272233963 -14.260895408689976 75
      vertex 6.25 -10.825317546725273 75
    endloop
  endfacet
  facet normal 0 0 1
    outer loop
      vertex 8.203336343169212 -14.3131954818964 75
      vertex 6.25 -10.825317546725273 75
      vertex 5.08420804142952 -11.419318221509457 75
    endloop
  endfacet
  facet normal 0 0 1
    outer loop
      vertex 6.711154609918594 -15.07350005209446 75
      vertex 8.203336343169212 -14.3131954818964 75
      vertex 5.08420804142952 -11.419318221509457 75
    endloop
  endfacet
  facet normal 0 0 1
    outer loop
      vertex 5.147673733532429 -15.673664130270481 75
      vertex 6.711154609918594 -15.07350005209446 75
      vertex 5.08420804142952 -11.419318221509457 75
    endloop
  endfacet
  facet normal 0 0 1
    outer loop
      vertex 5.147673733532429 -15.673664130270481 75
      vertex 5.08420804142952 -11.419318221509457 75
      vertex 3.8627124279737473 -11.888206452131271 75
    endloop
  endfacet
  facet normal 0 0 1
    outer loop
      vertex 5.048193089663982 -15.705987349152565 75
      vertex 5.147673733532429 -15.673664130270481 75
      vertex 3.8627124279737473 -11.888206452131271 75
    endloop
  endfacet
  facet normal 0 0 1
    outer loop
      vertex 5.048193089663982 -15.705987349152565 75
      vertex 3.8627124279737473 -11.888206452131271 75
      vertex 2.598896138370037 -12.226845011115074 75
    endloop
  endfacet
  facet normal 0 0 1
    outer loop
      vertex 3.481130212545395 -16.12588058412075 75
      vertex 5.048193089663982 -15.705987349152565 75
      vertex 2.598896138370037 -12.226845011115074 75
    endloop
  endfacet
  facet normal 0 0 1
    outer loop
      vertex 3.3788158372044563 -16.14762817323208 75
      vertex 3.481130212545395 -16.12588058412075 75
      vertex 2.598896138370037 -12.226845011115074 75
    endloop
  endfacet
  facet normal 0 0 1
    outer loop
      vertex 3.3788158372044563 -16.14762817323208 75
      vertex 2.598896138370037 -12.226845011115074 75
      vertex 1.3066057935357094 -12.431523695588112 75
    endloop
  endfacet
  facet normal 0 0 1
    outer loop
      vertex 1.7764467000961304 -16.401418514549732 75
      vertex 3.3788158372044563 -16.14762817323208 75
      vertex 1.3066057935357094 -12.431523695588112 75
    endloop
  endfacet
  facet normal 0 0 1
    outer loop
      vertex 1.6724195778369904 -16.412352204322815 75
      vertex 1.7764467000961304 -16.401418514549732 75
      vertex 1.3066057935357094 -12.431523695588112 75
    endloop
  endfacet
  facet normal 0 0 1
    outer loop
      vertex 1.6724195778369904 -16.412352204322815 75
      vertex 1.3066057935357094 -12.431523695588112 75
      vertex 0 -12.5 75
    endloop
  endfacet
  facet normal 0 0 1
    outer loop
      vertex 0.052300065755844116 -16.497259072959423 75
      vertex 1.6724195778369904 -16.412352204322815 75
      vertex 0 -12.5 75
    endloop
  endfacet
  facet normal 0 0 1
    outer loop
      vertex -0.052300065755844116 -16.497259072959423 75
      vertex 0.052300065755844116 -16.497259072959423 75
      vertex 0 -12.5 75
    endloop
  endfacet
  facet normal 0 0 1
    outer loop
      vertex -0.052300065755844116 -16.497259072959423 75
      vertex 0 -12.5 75
      vertex -1.3066057935357094 -12.431523695588112 75
    endloop
  endfacet
  facet normal 0 0 1
    outer loop
      vertex -1.6724195778369904 -16.412352204322815 75
      vertex -0.052300065755844116 -16.497259072959423 75
      vertex -1.3066057935357094 -12.431523695588112 75
    endloop
  endfacet
  facet normal 0 0 1
    outer loop
      vertex -1.7764467000961304 -16.401418514549732 75
      vertex -1.6724195778369904 -16.412352204322815 75
      vertex -1.3066057935357094 -12.431523695588112 75
    endloop
  endfacet
  facet normal 0 0 1
    outer loop
      vertex -1.7764467000961304 -16.401418514549732 75
      vertex -1.3066057935357094 -12.431523695588112 75
      vertex -2.598896138370037 -12.226845011115074 75
    endloop
  endfacet
  facet normal 0 0 1
    outer loop
      vertex -3.3788158372044563 -16.14762817323208 75
      vertex -1.7764467000961304 -16.401418514549732 75
      vertex -2.598896138370037 -12.226845011115074 75
    endloop
  endfacet
  facet normal 0 0 1
    outer loop
      vertex -3.481130212545395 -16.12588058412075 75
      vertex -3.3788158372044563 -16.14762817323208 75
      vertex -2.598896138370037 -12.226845011115074 75
    endloop
  endfacet
  facet normal 0 0 1
    outer loop
      vertex -3.481130212545395 -16.12588058412075 75
      vertex -2.598896138370037 -12.226845011115074 75
      vertex -3.8627124279737473 -11.888206452131271 75
    endloop
  endfacet
  facet normal 0 0 1
    outer loop
      vertex -5.048193089663982 -15.705987349152565 75
      vertex -3.481130212545395 -16.12588058412075 75
      vertex -3.8627124279737473 -11.888206452131271 75
    endloop
  endfacet
  facet normal 0 0 1
    outer loop
      vertex -5.147673733532429 -15.673664130270481 75
      vertex -5.048193089663982 -15.705987349152565 75
      vertex -3.8627124279737473 -11.888206452131271 75
    endloop
  endfacet
  facet normal 0 0 1
    outer loop
      vertex -5.147673733532429 -15.673664130270481 75
      vertex -3.8627124279737473 -11.888206452131271 75
      vertex -5.08420804142952 -11.419318221509457 75
    endloop
  endfacet
  facet normal 0 0 1
    outer loop
      vertex -6.711154609918594 -15.07350005209446 75
      vertex -5.147673733532429 -15.673664130270481 75
      vertex -5.08420804142952 -11.419318221509457 75
    endloop
  endfacet
  facet normal 0 0 1
    outer loop
      vertex -8.203336343169212 -14.3131954818964 75
      vertex -6.711154609918594 -15.07350005209446 75
      vertex -5.08420804142952 -11.419318221509457 75
    endloop
  endfacet
  facet normal 0 0 1
    outer loop
      vertex -8.203336343169212 -14.3131954818964 75
      vertex -5.08420804142952 -11.419318221509457 75
      vertex -6.25 -10.825317546725273 75
    endloop
  endfacet
  facet normal 0 0 1
    outer loop
      vertex -8.29392272233963 -14.260895408689976 75
      vertex -8.203336343169212 -14.3131954818964 75
      vertex -6.25 -10.825317546725273 75
    endloop
  endfacet
  facet normal 0 0 1
    outer loop
      vertex -8.29392272233963 -14.260895408689976 75
      vertex -6.25 -10.825317546725273 75
      vertex -7.347315654158592 -10.112712427973747 75
    endloop
  endfacet
  facet normal 0 0 1
    outer loop
      vertex -9.654533937573433 -13.377304159104824 75
      vertex -8.29392272233963 -14.260895408689976 75
      vertex -7.347315654158592 -10.112712427973747 75
    endloop
  endfacet
  facet normal 0 0 1
    outer loop
      vertex -9.739157229661942 -13.31582173705101 75
      vertex -9.654533937573433 -13.377304159104824 75
      vertex -7.347315654158592 -10.112712427973747 75
    endloop
  endfacet
  facet normal 0 0 1
    outer loop
      vertex -9.739157229661942 -13.31582173705101 75
      vertex -7.347315654158592 -10.112712427973747 75
      vertex -8.364132583141327 -9.289310321211815 75
    endloop
  endfacet
  facet normal 0 0 1
    outer loop
      vertex -10.99995443969965 -12.294848285615444 75
      vertex -9.739157229661942 -13.31582173705101 75
      vertex -8.364132583141327 -9.289310321211815 75
    endloop
  endfacet
  facet normal 0 0 1
    outer loop
      vertex -11.077687487006187 -12.22485713660717 75
      vertex -10.99995443969965 -12.294848285615444 75
      vertex -8.364132583141327 -9.289310321211815 75
    endloop
  endfacet
  facet normal 0 0 1
    outer loop
      vertex -11.077687487006187 -12.22485713660717 75
      vertex -8.364132583141327 -9.289310321211815 75
      vertex -9.289310321211815 -8.364132583141327 75
    endloop
  endfacet
  facet normal 0 0 1
    outer loop
      vertex -12.22485713660717 -11.077687487006187 75
      vertex -11.077687487006187 -12.22485713660717 75
      vertex -9.289310321211815 -8.364132583141327 75
    endloop
  endfacet
  facet normal 0 0 1
    outer loop
      vertex -12.294848285615444 -10.99995443969965 75
      vertex -12.22485713660717 -11.077687487006187 75
      vertex -9.289310321211815 -8.364132583141327 75
    endloop
  endfacet
  facet normal 0 0 1
    outer loop
      vertex -12.294848285615444 -10.99995443969965 75
      vertex -9.289310321211815 -8.364132583141327 75
      vertex -10.112712427973747 -7.347315654158592 75
    endloop
  endfacet
  facet normal 0 0 1
    outer loop
      vertex -13.31582173705101 -9.739157229661942 75
      vertex -12.294848285615444 -10.99995443969965 75
      vertex -10.112712427973747 -7.347315654158592 75
    endloop
  endfacet
  facet normal 0 0 1
    outer loop
      vertex -13.377304159104824 -9.654533937573433 75
      vertex -13.31582173705101 -9.739157229661942 75
      vertex -10.112712427973747 -7.347315654158592 75
    endloop
  endfacet
  facet normal 0 0 1
    outer loop
      vertex -13.377304159104824 -9.654533937573433 75
      vertex -10.112712427973747 -7.347315654158592 75
      vertex -10.825317546725273 -6.25 75
    endloop
  endfacet
  facet normal 0 0 1
    outer loop
      vertex -14.260895408689976 -8.29392272233963 75
      vertex -13.377304159104824 -9.654533937573433 75
      vertex -10.825317546725273 -6.25 75
    endloop
  endfacet
  facet normal 0 0 1
    outer loop
      vertex -14.3131954818964 -8.203336343169212 75
      vertex -14.260895408689976 -8.29392272233963 75
      vertex -10.825317546725273 -6.25 75
    endloop
  endfacet
  facet normal 0 0 1
    outer loop
      vertex -14.3131954818964 -8.203336343169212 75
      vertex -10.825317546725273 -6.25 75
      vertex -11.419318221509457 -5.08420804142952 75
    endloop
  endfacet
  facet normal 0 0 1
    outer loop
      vertex -15.07350005209446 -6.711154609918594 75
      vertex -14.3131954818964 -8.203336343169212 75
      vertex -11.419318221509457 -5.08420804142952 75
    endloop
  endfacet
  facet normal 0 0 1
    outer loop
      vertex -15.673664130270481 -5.147673733532429 75
      vertex -15.07350005209446 -6.711154609918594 75
      vertex -11.419318221509457 -5.08420804142952 75
    endloop
  endfacet
  facet normal 0 0 1
    outer loop
      vertex -15.673664130270481 -5.147673733532429 75
      vertex -11.419318221509457 -5.08420804142952 75
      vertex -11.888206452131271 -3.8627124279737473 75
    endloop
  endfacet
  facet normal 0 0 1
    outer loop
      vertex -15.705987349152565 -5.048193089663982 75
      vertex -15.673664130270481 -5.147673733532429 75
      vertex -11.888206452131271 -3.8627124279737473 75
    endloop
  endfacet
  facet normal 0 0 1
    outer loop
      vertex -15.705987349152565 -5.048193089663982 75
      vertex -11.888206452131271 -3.8627124279737473 75
      vertex -12.226845011115074 -2.598896138370037 75
    endloop
  endfacet
  facet normal 0 0 1
    outer loop
      vertex -16.139435410499573 -3.430542901158333 75
      vertex -15.705987349152565 -5.048193089663982 75
      vertex -12.226845011115074 -2.598896138370037 75
    endloop
  endfacet
  facet normal 0 0 1
    outer loop
      vertex -16.401418514549732 -1.7764467000961304 75
      vertex -16.139435410499573 -3.430542901158333 75
      vertex -12.226845011115074 -2.598896138370037 75
    endloop
  endfacet
  facet normal 0 0 1
    outer loop
      vertex -16.401418514549732 -1.7764467000961304 75
      vertex -12.226845011115074 -2.598896138370037 75
      vertex -12.431523695588112 -1.3066057935357094 75
    endloop
  endfacet
  facet normal 0 0 1
    outer loop
      vertex -16.412352204322815 -1.6724195778369904 75
      vertex -16.401418514549732 -1.7764467000961304 75
      vertex -12.431523695588112 -1.3066057935357094 75
    endloop
  endfacet
  facet normal 0 0 1
    outer loop
      vertex -16.412352204322815 -1.6724195778369904 75
      vertex -12.431523695588112 -1.3066057935357094 75
      vertex -12.5 0 75
    endloop
  endfacet
  facet normal 0 0 1
    outer loop
      vertex -16.497259072959423 -0.052300065755844116 75
      vertex -16.412352204322815 -1.6724195778369904 75
      vertex -12.5 0 75
    endloop
  endfacet
  facet normal 0 0 1
    outer loop
      vertex -16.497259072959423 0.052300065755844116 75
      vertex -16.497259072959423 -0.052300065755844116 75
      vertex -12.5 0 75
    endloop
  endfacet
  facet normal 0 0 1
    outer loop
      vertex -16.497259072959423 0.052300065755844116 75
      vertex -12.5 0 75
      vertex -12.431523695588112 1.3066057935357094 75
    endloop
  endfacet
  facet normal 0 0 1
    outer loop
      vertex -16.412352204322815 1.6724195778369904 75
      vertex -16.497259072959423 0.052300065755844116 75
      vertex -12.431523695588112 1.3066057935357094 75
    endloop
  endfacet
  facet normal 0 0 1
    outer loop
      vertex -16.401418514549732 1.7764467000961304 75
      vertex -16.412352204322815 1.6724195778369904 75
      vertex -12.431523695588112 1.3066057935357094 75
    endloop
  endfacet
  facet normal 0 0 1
    outer loop
      vertex -16.401418514549732 1.7764467000961304 75
      vertex -12.431523695588112 1.3066057935357094 75
      vertex -12.226845011115074 2.598896138370037 75
    endloop
  endfacet
  facet normal 0 0 1
    outer loop
      vertex -16.139435410499573 3.430542901158333 75
      vertex -16.401418514549732 1.7764467000961304 75
      vertex -12.226845011115074 2.598896138370037 75
    endloop
  endfacet
  facet normal 0 0 1
    outer loop
      vertex -15.705987349152565 5.048193089663982 75
      vertex -16.139435410499573 3.430542901158333 75
      vertex -12.226845011115074 2.598896138370037 75
    endloop
  endfacet
  facet normal 0 0 1
    outer loop
      vertex -15.705987349152565 5.048193089663982 75
      vertex -12.226845011115074 2.598896138370037 75
      vertex -11.888206452131271 3.8627124279737473 75
    endloop
  endfacet
  facet normal 0 0 1
    outer loop
      vertex -15.673664130270481 5.147673733532429 75
      vertex -15.705987349152565 5.048193089663982 75
      vertex -11.888206452131271 3.8627124279737473 75
    endloop
  endfacet
  facet normal 0 0 1
    outer loop
      vertex -15.673664130270481 5.147673733532429 75
      vertex -11.888206452131271 3.8627124279737473 75
      vertex -11.419318221509457 5.08420804142952 75
    endloop
  endfacet
  facet normal 0 0 1
    outer loop
      vertex -15.07350005209446 6.711154609918594 75
      vertex -15.673664130270481 5.147673733532429 75
      vertex -11.419318221509457 5.08420804142952 75
    endloop
  endfacet
  facet normal 0 0 1
    outer loop
      vertex -14.3131954818964 8.203336343169212 75
      vertex -15.07350005209446 6.711154609918594 75
      vertex -11.419318221509457 5.08420804142952 75
    endloop
  endfacet
  facet normal 0 0 1
    outer loop
      vertex -14.3131954818964 8.203336343169212 75
      vertex -11.419318221509457 5.08420804142952 75
      vertex -10.825317546725273 6.25 75
    endloop
  endfacet
  facet normal 0 0 1
    outer loop
      vertex -14.260895408689976 8.29392272233963 75
      vertex -14.3131954818964 8.203336343169212 75
      vertex -10.825317546725273 6.25 75
    endloop
  endfacet
  facet normal 0 0 1
    outer loop
      vertex -14.260895408689976 8.29392272233963 75
      vertex -10.825317546725273 6.25 75
      vertex -10.112712427973747 7.347315654158592 75
    endloop
  endfacet
  facet normal 0 0 1
    outer loop
      vertex -13.377304159104824 9.654533937573433 75
      vertex -14.260895408689976 8.29392272233963 75
      vertex -10.112712427973747 7.347315654158592 75
    endloop
  endfacet
  facet normal 0 0 1
    outer loop
      vertex -13.31582173705101 9.739157229661942 75
      vertex -13.377304159104824 9.654533937573433 75
      vertex -10.112712427973747 7.347315654158592 75
    endloop
  endfacet
  facet normal 0 0 1
    outer loop
      vertex -13.31582173705101 9.739157229661942 75
      vertex -10.112712427973747 7.347315654158592 75
      vertex -9.289310321211815 8.364132583141327 75
    endloop
  endfacet
  facet normal 0 0 1
    outer loop
      vertex -12.294848285615444 10.99995443969965 75
      vertex -13.31582173705101 9.739157229661942 75
      vertex -9.289310321211815 8.364132583141327 75
    endloop
  endfacet
  facet normal 0 0 1
    outer loop
      vertex -12.22485713660717 11.077687487006187 75
      vertex -12.294848285615444 10.99995443969965 75
      vertex -9.289310321211815 8.364132583141327 75
    endloop
  endfacet
  facet normal 0 0 1
    outer loop
      vertex -12.22485713660717 11.077687487006187 75
      vertex -9.289310321211815 8.364132583141327 75
      vertex -8.364132583141327 9.289310321211815 75
    endloop
  endfacet
  facet normal 0 0 1
    outer loop
      vertex -11.077687487006187 12.22485713660717 75
      vertex -12.22485713660717 11.077687487006187 75
      vertex -8.364132583141327 9.289310321211815 75
    endloop
  endfacet
  facet normal 0 0 1
    outer loop
      vertex -10.99995443969965 12.294848285615444 75
      vertex -11.077687487006187 12.22485713660717 75
      vertex -8.364132583141327 9.289310321211815 75
    endloop
  endfacet
  facet normal 0 0 1
    outer loop
      vertex -10.99995443969965 12.294848285615444 75
      vertex -8.364132583141327 9.289310321211815 75
      vertex -7.347315654158592 10.112712427973747 75
    endloop
  endfacet
  facet normal 0 0 1
    outer loop
      vertex -9.739157229661942 13.31582173705101 75
      vertex -10.99995443969965 12.294848285615444 75
      vertex -7.347315654158592 10.112712427973747 75
    endloop
  endfacet
  facet normal 0 0 1
    outer loop
      vertex -9.654533937573433 13.377304159104824 75
      vertex -9.739157229661942 13.31582173705101 75
      vertex -7.347315654158592 10.112712427973747 75
    endloop
  endfacet
  facet normal 0 0 1
    outer loop
      vertex -9.654533937573433 13.377304159104824 75
      vertex -7.347315654158592 10.112712427973747 75
      vertex -6.25 10.825317546725273 75
    endloop
  endfacet
  facet normal 0 0 1
    outer loop
      vertex -8.29392272233963 14.260895408689976 75
      vertex -9.654533937573433 13.377304159104824 75
      vertex -6.25 10.825317546725273 75
    endloop
  endfacet
  facet normal 0 0 1
    outer loop
      vertex -8.203336343169212 14.3131954818964 75
      vertex -8.29392272233963 14.260895408689976 75
      vertex -6.25 10.825317546725273 75
    endloop
  endfacet
  facet normal 0 0 1
    outer loop
      vertex -8.203336343169212 14.3131954818964 75
      vertex -6.25 10.825317546725273 75
      vertex -5.08420804142952 11.419318221509457 75
    endloop
  endfacet
  facet normal 0 0 1
    outer loop
      vertex -6.711154609918594 15.07350005209446 75
      vertex -8.203336343169212 14.3131954818964 75
      vertex -5.08420804142952 11.419318221509457 75
    endloop
  endfacet
  facet normal 0 0 1
    outer loop
      vertex -5.147673733532429 15.673664130270481 75
      vertex -6.711154609918594 15.07350005209446 75
      vertex -5.08420804142952 11.419318221509457 75
    endloop
  endfacet
  facet normal 0 0 1
    outer loop
      vertex -5.147673733532429 15.673664130270481 75
      vertex -5.08420804142952 11.419318221509457 75
      vertex -3.8627124279737473 11.888206452131271 75
    endloop
  endfacet
  facet normal 0 0 1
    outer loop
      vertex -5.048193089663982 15.705987349152565 75
      vertex -5.147673733532429 15.673664130270481 75
      vertex -3.8627124279737473 11.888206452131271 75
    endloop
  endfacet
  facet normal 0 0 1
    outer loop
      vertex -5.048193089663982 15.705987349152565 75
      vertex -3.8627124279737473 11.888206452131271 75
      vertex -2.598896138370037 12.226845011115074 75
    endloop
  endfacet
  facet normal 0 0 1
    outer loop
      vertex -3.481130212545395 16.12588058412075 75
      vertex -5.048193089663982 15.705987349152565 75
      vertex -2.598896138370037 12.226845011115074 75
    endloop
  endfacet
  facet normal 0 0 1
    outer loop
      vertex -3.3788158372044563 16.14762817323208 75
      vertex -3.481130212545395 16.12588058412075 75
      vertex -2.598896138370037 12.226845011115074 75
    endloop
  endfacet
  facet normal 0 0 1
    outer loop
      vertex -3.3788158372044563 16.14762817323208 75
      vertex -2.598896138370037 12.226845011115074 75
      vertex -1.3066057935357094 12.431523695588112 75
    endloop
  endfacet
  facet normal 0 0 1
    outer loop
      vertex -1.7764467000961304 16.401418514549732 75
      vertex -3.3788158372044563 16.14762817323208 75
      vertex -1.3066057935357094 12.431523695588112 75
    endloop
  endfacet
  facet normal 0 0 1
    outer loop
      vertex -1.6724195778369904 16.412352204322815 75
      vertex -1.7764467000961304 16.401418514549732 75
      vertex -1.3066057935357094 12.431523695588112 75
    endloop
  endfacet
  facet normal 0 0 1
    outer loop
      vertex -1.6724195778369904 16.412352204322815 75
      vertex -1.3066057935357094 12.431523695588112 75
      vertex 0 12.5 75
    endloop
  endfacet
  facet normal 0 0 1
    outer loop
      vertex -0.052300065755844116 16.497259072959423 75
      vertex -1.6724195778369904 16.412352204322815 75
      vertex 0 12.5 75
    endloop
  endfacet
  facet normal 0 0 1
    outer loop
      vertex 0.052300065755844116 16.497259072959423 75
      vertex -0.052300065755844116 16.497259072959423 75
      vertex 0 12.5 75
    endloop
  endfacet
  facet normal 0 0 1
    outer loop
      vertex 0.052300065755844116 16.497259072959423 75
      vertex 0 12.5 75
      vertex 1.3066057935357094 12.431523695588112 75
    endloop
  endfacet
  facet normal 0 0 1
    outer loop
      vertex 1.6724195778369904 16.412352204322815 75
      vertex 0.052300065755844116 16.497259072959423 75
      vertex 1.3066057935357094 12.431523695588112 75
    endloop
  endfacet
  facet normal 0 0 1
    outer loop
      vertex 1.7764467000961304 16.401418514549732 75
      vertex 1.6724195778369904 16.412352204322815 75
      vertex 1.3066057935357094 12.431523695588112 75
    endloop
  endfacet
  facet normal 0 0 1
    outer loop
      vertex 1.7764467000961304 16.401418514549732 75
      vertex 1.3066057935357094 12.431523695588112 75
      vertex 2.598896138370037 12.226845011115074 75
    endloop
  endfacet
  facet normal 0 0 1
    outer loop
      vertex 3.3788158372044563 16.14762817323208 75
      vertex 1.7764467000961304 16.401418514549732 75
      vertex 2.598896138370037 12.226845011115074 75
    endloop
  endfacet
  facet normal 0 0 1
    outer loop
      vertex 3.481130212545395 16.12588058412075 75
      vertex 3.3788158372044563 16.14762817323208 75
      vertex 2.598896138370037 12.226845011115074 75
    endloop
  endfacet
  facet normal 0 0 1
    outer loop
      vertex 3.481130212545395 16.12588058412075 75
      vertex 2.598896138370037 12.226845011115074 75
      vertex 3.8627124279737473 11.888206452131271 75
    endloop
  endfacet
  facet normal 0 0 1
    outer loop
      vertex 5.048193089663982 15.705987349152565 75
      vertex 3.481130212545395 16.12588058412075 75
      vertex 3.8627124279737473 11.888206452131271 75
    endloop
  endfacet
  facet normal 0 0 1
    outer loop
      vertex 5.147673733532429 15.673664130270481 75
      vertex 5.048193089663982 15.705987349152565 75
      vertex 3.8627124279737473 11.888206452131271 75
    endloop
  endfacet
  facet normal 0 0 1
    outer loop
      vertex 5.147673733532429 15.673664130270481 75
      vertex 3.8627124279737473 11.888206452131271 75
      vertex 5.08420804142952 11.419318221509457 75
    endloop
  endfacet
  facet normal 0 0 1
    outer loop
      vertex 6.711154609918594 15.07350005209446 75
      vertex 5.147673733532429 15.673664130270481 75
      vertex 5.08420804142952 11.419318221509457 75
    endloop
  endfacet
  facet normal 0 0 1
    outer loop
      vertex 8.203336343169212 14.3131954818964 75
      vertex 6.711154609918594 15.07350005209446 75
      vertex 5.08420804142952 11.419318221509457 75
    endloop
  endfacet
  facet normal 0 0 1
    outer loop
      vertex 8.203336343169212 14.3131954818964 75
      vertex 5.08420804142952 11.419318221509457 75
      vertex 6.25 10.825317546725273 75
    endloop
  endfacet
  facet normal 0 0 1
    outer loop
      vertex 8.29392272233963 14.260895408689976 75
      vertex 8.203336343169212 14.3131954818964 75
      vertex 6.25 10.825317546725273 75
    endloop
  endfacet
  facet normal 0 0 1
    outer loop
      vertex 8.29392272233963 14.260895408689976 75
      vertex 6.25 10.825317546725273 75
      vertex 7.347315654158592 10.112712427973747 75
    endloop
  endfacet
  facet normal 0 0 1
    outer loop
      vertex 9.654533937573433 13.377304159104824 75
      vertex 8.29392272233963 14.260895408689976 75
      vertex 7.347315654158592 10.112712427973747 75
    endloop
  endfacet
  facet normal 0 0 1
    outer loop
      vertex 9.739157229661942 13.31582173705101 75
      vertex 9.654533937573433 13.377304159104824 75
      vertex 7.347315654158592 10.112712427973747 75
    endloop
  endfacet
  facet normal 0 0 1
    outer loop
      vertex 9.739157229661942 13.31582173705101 75
      vertex 7.347315654158592 10.112712427973747 75
      vertex 8.364132583141327 9.289310321211815 75
    endloop
  endfacet
  facet normal 0 0 1
    outer loop
      vertex 10.99995443969965 12.294848285615444 75
      vertex 9.739157229661942 13.31582173705101 75
      vertex 8.364132583141327 9.289310321211815 75
    endloop
  endfacet
  facet normal 0 0 1
    outer loop
      vertex 11.077687487006187 12.22485713660717 75
      vertex 10.99995443969965 12.294848285615444 75
      vertex 8.364132583141327 9.289310321211815 75
    endloop
  endfacet
  facet normal 0 0 1
    outer loop
      vertex 11.077687487006187 12.22485713660717 75
      vertex 8.364132583141327 9.289310321211815 75
      vertex 9.289310321211815 8.364132583141327 75
    endloop
  endfacet
  facet normal 0 0 1
    outer loop
      vertex 12.22485713660717 11.077687487006187 75
      vertex 11.077687487006187 12.22485713660717 75
      vertex 9.289310321211815 8.364132583141327 75
    endloop
  endfacet
  facet normal 0 0 1
    outer loop
      vertex 12.294848285615444 10.99995443969965 75
      vertex 12.22485713660717 11.077687487006187 75
      vertex 9.289310321211815 8.364132583141327 75
    endloop
  endfacet
  facet normal 0 0 1
    outer loop
      vertex 12.294848285615444 10.99995443969965 75
      vertex 9.289310321211815 8.364132583141327 75
      vertex 10.112712427973747 7.347315654158592 75
    endloop
  endfacet
  facet normal 0 0 1
    outer loop
      vertex 13.31582173705101 9.739157229661942 75
      vertex 12.294848285615444 10.99995443969965 75
      vertex 10.112712427973747 7.347315654158592 75
    endloop
  endfacet
  facet normal 0 0 1
    outer loop
      vertex 13.377304159104824 9.654533937573433 75
      vertex 13.31582173705101 9.739157229661942 75
      vertex 10.112712427973747 7.347315654158592 75
    endloop
  endfacet
  facet normal 0 0 1
    outer loop
      vertex 13.377304159104824 9.654533937573433 75
      vertex 10.112712427973747 7.347315654158592 75
      vertex 10.825317546725273 6.25 75
    endloop
  endfacet
  facet normal 0 0 1
    outer loop
      vertex 14.260895408689976 8.29392272233963 75
      vertex 13.377304159104824 9.654533937573433 75
      vertex 10.825317546725273 6.25 75
    endloop
  endfacet
  facet normal 0 0 1
    outer loop
      vertex 14.3131954818964 8.203336343169212 75
      vertex 14.260895408689976 8.29392272233963 75
      vertex 10.825317546725273 6.25 75
    endloop
  endfacet
  facet normal 0 0 1
    outer loop
      vertex 14.879439949989319 7.092018999159336 75
      vertex 14.3131954818964 8.203336343169212 75
      vertex 10.825317546725273 6.25 75
    endloop
  endfacet
  facet normal 0 0 1
    outer loop
      vertex 14.879439949989319 7.092018999159336 75
      vertex 10.825317546725273 6.25 75
      vertex 11.419318221509457 5.08420804142952 75
    endloop
  endfacet
  facet normal 0 0 1
    outer loop
      vertex 14.978945933282375 6.918718367815018 75
      vertex 14.879439949989319 7.092018999159336 75
      vertex 11.419318221509457 5.08420804142952 75
    endloop
  endfacet
  facet normal 0 0 1
    outer loop
      vertex 14.978945933282375 6.918718367815018 75
      vertex 11.419318221509457 5.08420804142952 75
      vertex 11.888206452131271 3.8627124279737473 75
    endloop
  endfacet
  facet normal 0 0 1
    outer loop
      vertex 15.095249459147453 6.75621285289526 75
      vertex 14.978945933282375 6.918718367815018 75
      vertex 11.888206452131271 3.8627124279737473 75
    endloop
  endfacet
  facet normal 0 0 1
    outer loop
      vertex 15.227189391851425 6.606124863028526 75
      vertex 15.095249459147453 6.75621285289526 75
      vertex 11.888206452131271 3.8627124279737473 75
    endloop
  endfacet
  facet normal 0 0 1
    outer loop
      vertex 15.373448491096497 6.469952814280987 75
      vertex 15.227189391851425 6.606124863028526 75
      vertex 11.888206452131271 3.8627124279737473 75
    endloop
  endfacet
  facet normal 0 0 1
    outer loop
      vertex 15.53256656229496 6.349056206643581 75
      vertex 15.373448491096497 6.469952814280987 75
      vertex 11.888206452131271 3.8627124279737473 75
    endloop
  endfacet
  facet normal 0 0 1
    outer loop
      vertex 15.53256656229496 6.349056206643581 75
      vertex 11.888206452131271 3.8627124279737473 75
      vertex 12.226845011115074 2.598896138370037 75
    endloop
  endfacet
  facet normal 0 0 1
    outer loop
      vertex 15.702955029904842 6.244642019271851 75
      vertex 15.53256656229496 6.349056206643581 75
      vertex 12.226845011115074 2.598896138370037 75
    endloop
  endfacet
  facet normal 0 0 1
    outer loop
      vertex 15.882912784814835 6.157752692699432 75
      vertex 15.702955029904842 6.244642019271851 75
      vertex 12.226845011115074 2.598896138370037 75
    endloop
  endfacet
  facet normal 0 0 1
    outer loop
      vertex 12.431523695588112 1.3066057935357094 75
      vertex 26.5 0.5 75
      vertex 16.661453001201153 6 75
    endloop
  endfacet
  facet normal 0 0 1
    outer loop
      vertex 12.226845011115074 2.598896138370037 75
      vertex 12.431523695588112 1.3066057935357094 75
      vertex 16.661453001201153 6 75
    endloop
  endfacet
  facet normal 0 0 1
    outer loop
      vertex 12.226845011115074 2.598896138370037 75
      vertex 16.661453001201153 6 75
      vertex 16.461866229772568 6.009983636438847 75
    endloop
  endfacet
  facet normal 0 0 1
    outer loop
      vertex 12.226845011115074 2.598896138370037 75
      vertex 16.461866229772568 6.009983636438847 75
      vertex 16.264272063970566 6.039834879338741 75
    endloop
  endfacet
  facet normal 0 0 1
    outer loop
      vertex 12.226845011115074 2.598896138370037 75
      vertex 16.264272063970566 6.039834879338741 75
      vertex 16.070643208920956 6.089255698025227 75
    endloop
  endfacet
  facet normal 0 0 1
    outer loop
      vertex 15.882912784814835 6.157752692699432 75
      vertex 12.226845011115074 2.598896138370037 75
      vertex 16.070643208920956 6.089255698025227 75
    endloop
  endfacet
endsolid OpenSCAD_Model
